<?xml version="1.0" encoding="UTF-8"?><!DOCTYPE TEI.2 SYSTEM "http://purl.dlib.indiana.edu/iudl/imh/resource/xml/imh_issue.dtd"><TEI.2><teiHeader type="text" status="new" TEIform="teiHeader"><fileDesc TEIform="fileDesc"><titleStmt TEIform="titleStmt"><title TEIform="title">Indiana Magazine of History</title><respStmt TEIform="respStmt"><resp TEIform="resp">Generated by</resp><name TEIform="name">Digital Library Program, Indiana University</name></respStmt></titleStmt><publicationStmt TEIform="publicationStmt"><publisher TEIform="publisher">Digital Library Program, Indiana University</publisher><pubPlace TEIform="pubPlace">Bloomington, IN</pubPlace><date TEIform="date">2007</date><availability status="unknown" TEIform="availability"><p TEIform="p">Copyright 2007 Trustees of Indiana University</p><p TEIform="p">Indiana University provides the information contained in this file for non-commercial,
        personal, or research use only. All other use, including but not limited to commercial or
        scholarly reproductions, redistribution, publication or transmission, whether by electronic
        means or otherwise, without prior written permission of the copyright holder is strictly
        prohibited.</p></availability></publicationStmt><seriesStmt TEIform="seriesStmt"><title TEIform="title">Indiana Magazine of History</title></seriesStmt><sourceDesc default="NO" TEIform="sourceDesc"><biblStruct default="NO" TEIform="biblStruct"><analytic TEIform="analytic"><title TEIform="title">Editorial</title></analytic><monogr TEIform="monogr"><title TEIform="title">Indiana Magazine of History</title><imprint TEIform="imprint"><pubPlace TEIform="pubPlace">Bloomington, IN</pubPlace><publisher TEIform="publisher">Indiana University Department of History in cooperation with the Indiana
                                Historical Society</publisher><date TEIform="date">1910</date><biblScope type="issue" TEIform="biblScope">3</biblScope><biblScope type="volume" TEIform="biblScope">6</biblScope><biblScope type="pages" TEIform="biblScope">131-132</biblScope></imprint></monogr></biblStruct></sourceDesc></fileDesc></teiHeader><text><body><pb n="[131]" id="VAA4025-006-3-027" TEIform="pb"/><div type="editorialMaterial" id="VAA4025-006-3-a05" org="uniform" sample="complete" part="N" TEIform="div"><head TEIform="head">EDITORIAL.</head><p rend="center" TEIform="p">THE AMERICAN HISTORlCAL ASSOCIATION, INDIANAPOLIS, DECEMBER
                    27–31, 1910.</p><p TEIform="p">The meeting of the national Historical Association in Indiana will be the most
                    important event of this generation for all our organizations for the study and
                    teaching of history. The American Historical Association comprises in its
                    membership all the better known historical workers of this country and <placeName TEIform="placeName">
                        <country reg="-cn" TEIform="country">Canada</country>
                    </placeName>. It also includes a large proportion of teachers of history in
                    universities, colleges, high schools and grammar schools. Some four thousand
                    persons are directly interested in its work. It is not too much to say that it
                    is one of the most successful pf the societies which are bringing <placeName TEIform="placeName">
                        <country TEIform="country">America</country>
                    </placeName> to the front, not only in industrial and commercial matters, but in
                    scholarship and in contributions to the intellectual life of the world. In all
                    of its activities the annual meeting is the central point. Committee
                    conferences, decision upon lines of work, and public addresses make the meeting
                    every year a notable event. The attendance ranges from three hundred to nearly a
                    thousand. It is probable that we will have in <placeName TEIform="placeName">
                        <settlement type="city" TEIform="settlement">Indianapolis</settlement>
                    </placeName> at least four hundred of the leaders in historical interests.</p><p TEIform="p">Indiana must rise to this occasion. Our historical activities, though not
                    discreditable, have not in the past been as great nor as successful as they
                    should have been. This is the time to bestir ourselves. These are some of the
                    things me should do:</p><p TEIform="p">1. Join the American Historical Association. Its membership is not limited to men
                    of fame and distinction, but is open to any who are interested in history. The
                    annual fee of three dollars entitles one to the valuable reports of the
                    association and to the American Historical Review (quarterly), the importance
                    and the interest of which to any historical student can not be overemphasized.
                    The editor <pb n="132" id="VAA4025-006-3-028" TEIform="pb"/> of this magazine will be glad to
                    forward applications for membership to the proper officer.</p><p TEIform="p">2. Interest local and state officials in historical matters, so that we can
                    secure their aid in getting appropriations which the law provides for county and
                    state historical societies. Our state and local records have been shamefully
                    neglected in the past, and it is time that we should awake to the necessity of
                    developing our state and local libraries, and our historical collections, as is
                    being done in other states.</p><p TEIform="p">3. Attend the meeting in <placeName TEIform="placeName">
                        <settlement type="city" TEIform="settlement">Indianapolis</settlement>
                    </placeName>, December 27–31, this year. It is the first time the
                    American Historical Association has met in our state. Most of us have not had
                    for years and could not have a more convenient meeting place for the
                    association. This is the time to come, to see what it is like, and to get into
                    touch with what is going on in historical circles. It will more than repay any
                    expenditure of time and money. Come to <placeName TEIform="placeName">
                        <settlement type="city" TEIform="settlement">Indianapolis</settlement>
                    </placeName> on Tuesday, December 27. The headquarters will be in the Claypool
                    Hotel.</p></div></body></text></TEI.2>