<?xml version="1.0" encoding="UTF-8"?><!DOCTYPE TEI.2 SYSTEM "http://purl.dlib.indiana.edu/iudl/imh/resource/xml/imh_issue.dtd"><TEI.2><teiHeader type="text" status="new" TEIform="teiHeader"><fileDesc TEIform="fileDesc"><titleStmt TEIform="titleStmt"><title TEIform="title">Indiana Magazine of History</title><respStmt TEIform="respStmt"><resp TEIform="resp">Encoded by</resp><name TEIform="name">Aptara Inc.</name></respStmt></titleStmt><publicationStmt TEIform="publicationStmt"><publisher TEIform="publisher">Digital Library Program, Indiana University</publisher><pubPlace TEIform="pubPlace">Bloomington, IN</pubPlace><date TEIform="date">2007</date><availability status="unknown" TEIform="availability"><p TEIform="p">Copyright 2007 Trustees of Indiana University</p><p TEIform="p">Indiana University provides the information contained in this file for non-commercial,
        personal, or research use only. All other use, including but not limited to commercial or
        scholarly reproductions, redistribution, publication or transmission, whether by electronic
        means or otherwise, without prior written permission of the copyright holder is strictly
        prohibited.</p></availability></publicationStmt><seriesStmt TEIform="seriesStmt"><title TEIform="title">Indiana Magazine of History</title></seriesStmt><sourceDesc default="NO" TEIform="sourceDesc"><biblStruct default="NO" TEIform="biblStruct"><analytic TEIform="analytic"><title TEIform="title">Memoir of David Hoover</title><author TEIform="author">David Hoover</author></analytic><monogr TEIform="monogr"><title TEIform="title">Indiana Magazine of History</title><imprint TEIform="imprint"><pubPlace TEIform="pubPlace">Indianapolis, IN</pubPlace><publisher TEIform="publisher">George S. Cottman</publisher><date TEIform="date">1906</date><biblScope type="issue" TEIform="biblScope">1</biblScope><biblScope type="volume" TEIform="biblScope">2</biblScope><biblScope type="pages" TEIform="biblScope">17-27</biblScope></imprint></monogr></biblStruct></sourceDesc></fileDesc><revisionDesc TEIform="revisionDesc"><change TEIform="change"><date TEIform="date">2007-06-15</date><respStmt TEIform="respStmt"><name TEIform="name">Annette D. Richmond</name></respStmt><item TEIform="item">Changed  publication place and publisher, added author</item></change></revisionDesc></teiHeader><text><body><pb n="17" id="VAA4025-002-1-021" TEIform="pb"/><div type="scholarlyArticle" id="VAA4025-002-1-a04" org="uniform" sample="complete" part="N" TEIform="div"><head TEIform="head">MEMOIR OF DAVID HOOVER.</head><p TEIform="p">[David Hoover was one of the first and best known of the pioneers of the upper Whitewater. As is
                    related below, he penetrated to the spot where <placeName TEIform="placeName">
                        <settlement type="city" key="tgn_7014336" reg="Richmond" TEIform="settlement">Richmond</settlement>
                    </placeName> now stands and settled there in 1806; was the original surveyor of the town when it was
                    founded, and gave the place its name. It may be added that he was a citizen of the county for sixty
                    years, and occupied various public trusts, being successively justice of the peace, associate judge
                    of the <placeName TEIform="placeName">
                        <region type="county" key="tgn_1003004" reg="Wayne" TEIform="region">Wayne County</region>
                    </placeName> Circuit Court, and clerk of that court. The latter office he held nearly fourteen
                    years. His memoir, not intended for publication originally, was printed in pamphlet form in 1857, by
                    Mr. Isaac H. Julian. Very few of these pamphlets are now in existence and a special interest may
                    attach to the reprinting of the memoir by reason of the centennial anniversary of the settlement of <placeName TEIform="placeName">
                        <region type="county" key="tgn_1003004" reg="Wayne" TEIform="region">Wayne county</region>
                    </placeName>, which occurs this spring.—<hi rend="i" TEIform="hi">Editor.</hi>]</p><p TEIform="p">
                    <hi rend="b" TEIform="hi">I</hi> THINK it is Lawrence Sterne who says that—among other things which he
                    mentions—every person should write a book; and as I have not yet done that, I am now going' to write
                    one. As it has always been interesting to me to read biographical sketches, and historical
                    reminiscences of bygone days, I have concluded that some information concerning myself and family,
                    might, perhaps, amuse some of my descendants, at least. The name is pretty extensively scattered
                    throughout this country; such information may therefore be of some interest to them, as it may
                    enable them to trace back their genealogy to the original stock.</p><p TEIform="p">I was born on a small water-course, called Huwaree, a branch of the <geogName key="tgn_1131969" reg="Yadkin" TEIform="geogName">Yadkin river</geogName>, in <placeName TEIform="placeName">
                        <region type="county" key="tgn_2001532" reg="Randolph" TEIform="region">Randolph county</region>
                    </placeName>, <placeName TEIform="placeName">
                        <region type="state" key="tgn_7007709" reg="North Carolina" TEIform="region">North Carolina</region>
                    </placeName>, on the 14th day of April, 1781; and am now in the seventy-third year of my age. It is
                    customary, in personal sketches of this kind, to say something of one's parents and education. I can
                    only say, that my parents were always considered very exemplary in all their walk through life. As
                    to education, my opportunities were exceedingly limited; and had it not been for my inclination and
                    perseverance, I should, in all probability, at this day be numbered among those who can scarcely
                    write their names, or perhaps should only be able to make a "X," in placing my signature to a
                    written instrument. In order to show the state of society in my early youth, as an evidence of the
                    intelligence of the <pb n="18" id="VAA4025-002-1-022" TEIform="pb"/> circle in which I was raised, I can say of a
                    truth, that I never had an opportunity of reading a newspaper, nor did I ever see a bank-note, until
                    after I was a man grown.</p><p TEIform="p">As to my ancestors, I know but little. If my information is correct, my grandfather, Andrew Hoover,
                    left <placeName TEIform="placeName">
                        <country key="tgn_7000084" reg="Deutschland" TEIform="country">Germany</country>
                    </placeName> when a boy; married Margaret Fouts, in <placeName TEIform="placeName">
                        <region type="state" key="tgn_7007710" reg="Pennsylvania" TEIform="region">Pennsylvania</region>
                    </placeName>; and settled on Pipe creek in <placeName TEIform="placeName">
                        <region type="state" key="tgn_7007516" reg="Maryland" TEIform="region">Maryland</region>
                    </placeName>. There my father was born; and from thence, now about one hundred years ago, he removed
                    to <placeName TEIform="placeName">
                        <region type="state" key="tgn_7007709" reg="North Carolina" TEIform="region">North Carolina</region>
                    </placeName>, then a new country. He left eight sons and five daughters, all of whom had large
                    families. Their descendants are mostly scattered through what we call the Western country. Rudolph
                    Waymire, my grandfather on my mother's side, emigrated from <placeName TEIform="placeName">
                        <settlement type="city" key="tgn_7013260" reg="Hanover" TEIform="settlement">Hanover</settlement>
                    </placeName> in <placeName TEIform="placeName">
                        <country key="tgn_7000084" reg="Deutschland" TEIform="country">Germany</country>
                    </placeName>, after he had several children. He used to brag that he was a soldier under His
                    Britannic Majesty, and that he was at the head of the battle of Dettingen in 1743. He left one son
                    and seven daughters by his first wife. Their descendants are also mostly to be found in this
                    country.</p><p TEIform="p">My father had a family of ten children, four sons and six daughters. In order to better our
                    circumstances, he came to the conclusion of moving to a new country, and sold his possessions
                    accordingly. He was then worth rising of two thousand dollars; which at that time, and in that
                    country, was considered very considerably over an average in point of wealth. On the 19th of
                    September, 1802, we loaded our wagon, and wended our way toward that portion of what was then called
                    the Northwestern Territory which constitutes the present State of <placeName TEIform="placeName">
                        <region type="state" key="tgn_7007706" reg="Ohio" TEIform="region">Ohio</region>
                    </placeName>.</p><p TEIform="p">Here permit me to make a passing remark. I was then in the twenty-second year of my age. I had formed
                    an acquaintance and brought myself into notice perhaps rather more extensively than falls to the lot
                    of most country boys. Did language afford terms adequate to describe my sensations on shaking hands
                    with my youthful compeers, and giving them a final farewell, I would gladly do so. Suffice it to
                    say, that those only who have been placed in like circumstances, can appreciate my feelings on that
                    occasion. And although I have lived to be an old man, and experienced the various vicissitudes
                    attendant on a journey through life thus far, I yet look back to that time as the most interesting
                    scene through which I have passed. My mind at this day is carried back to my early associations and
                    school-boy days, <pb n="19" id="VAA4025-002-1-023" TEIform="pb"/> to my native hills and pine forests; and I can
                    say that there is a kind of indescribable charm in the very name of my natal spot, very different
                    from aught that pertains to any other place on the globe.</p><p TEIform="p">After about five weeks' journeying, we crossed the <geogName key="tgn_7014265" reg="Ohio River" TEIform="geogName">Ohio
                        river</geogName> at <placeName TEIform="placeName">
                        <settlement type="city" key="tgn_7013604" reg="Cincinnati" TEIform="settlement">Cincinnati</settlement>
                    </placeName>, then a mere village, composed mostly of log houses. I think it was the day after an
                    election had been held at that place for delegates to the convention to form a Constitution; at any
                    rate a Constitution was formed the following winter, which was amended only within the last few
                    years. After crossing the river, we pushed on to Stillwater, about twelve miles north of <placeName TEIform="placeName">
                        <settlement type="city" key="tgn_7013511" reg="Dayton" TEIform="settlement">Dayton</settlement>
                    </placeName>, in what is now the county of <placeName TEIform="placeName">
                        <region type="county" key="tgn_2000547" reg="Montgomery" TEIform="region">Montgomery</region>
                    </placeName>. A number of our acquaintances had located themselves there the previous spring. There
                    we encamped in the woods the first winter. The place had proved so unhealthy that we felt
                    discouraged and much dissatisfied, and concluded not to locate there. My father then purchased two
                    hundred acres of land, not far from <placeName TEIform="placeName">
                        <settlement type="city" key="tgn_2080325" reg="Lebanon" TEIform="settlement">Lebanon</settlement>
                    </placeName>, in <placeName TEIform="placeName">
                        <region type="county" key="tgn_1002987" reg="Warren" TEIform="region">Warren county</region>
                    </placeName>, as a home, until we could make further examinations. John Smith, afterward one of the
                    proprietors of <placeName TEIform="placeName">
                        <settlement type="city" key="tgn_7014336" reg="Richmond" TEIform="settlement">Richmond</settlement>
                    </placeName>, purchased one hundred acres in the same neighborhood, with similar views. Our object
                    was to find a suitable place for making a settlement, and where but few or no entries had been made.
                    But a small portion of the land lying west of the Great Miami, or east of the Little Miami, was
                    settled at that time. We were hard to please. We Carolinians would scarcely look at the best land
                    where spring water was lacking. Among other considerations, we wished to get further south. We
                    examined divers sections of the unsettled parts of <placeName TEIform="placeName">
                        <region type="state" key="tgn_7007706" reg="Ohio" TEIform="region">Ohio</region>
                    </placeName>, without finding any location that would please us. John Smith, Robert Hill and myself
                    partially examined the country between the Falls of the <placeName TEIform="placeName">
                        <region type="state" key="tgn_7007706" reg="Ohio" TEIform="region">Ohio</region>
                    </placeName> and <placeName TEIform="placeName">
                        <settlement type="city" key="tgn_7018808" reg="Vincennes" TEIform="settlement">Vincennes</settlement>
                    </placeName>, before there was a line run in that part of the Territory; and returned much
                    discouraged, as we found nothing inviting in that quarter.</p><p TEIform="p">Thus time passed on until the spring of 1806, when myself and four others, rather accidentally, took
                    a section line some eight or ten miles north of <placeName TEIform="placeName">
                        <settlement type="city" key="tgn_7013511" reg="Dayton" TEIform="settlement">Dayton</settlement>
                    </placeName>, and traced it a distance of more than thirty miles, through an unbroken forest, to
                    where I am now writing. It was the last of February, or the first of March, when I first saw
                    Whitewater. On my return to my father's, I <pb n="20" id="VAA4025-002-1-024" TEIform="pb"/> informed him that I
                    thought I had found the country we had been in search of. Spring water, timber, and building rock
                    appeared to be abundant, and the face of the country looked delightful. In about three weeks after
                    this, my father, with several others, accompanied me to this "land of promise." As a military man
                    would say, we made a <hi rend="i" TEIform="hi">reconnoissance</hi>, but returned rather discouraged, as it
                    appeared at that time too far from home. Were it necessary, I might here state some of our views at
                    that time, which would show up our extreme ignorance of what has since taken place. On returning
                    from this trip, we saw stakes sticking among the beech trees where Eaton now stands, which was among
                    the nearest approaches of the white man to this place. With the exception of George Holman and a few
                    others, who settled some miles south of this, in the spring of 1805, there were but few families
                    within twenty miles of this place.</p><p TEIform="p">It was not until the last of May or the first of June that the first entries were made. John Smith
                    then entered south of Main street, where <placeName TEIform="placeName">
                        <settlement type="city" key="tgn_7014336" reg="Richmond" TEIform="settlement">Richmond</settlement>
                    </placeName> now stands, and several other tracts. My father entered the land upon which I now live,
                    I having selected it on my first trip, and several other quarter sections. About harvest of this
                    same year, Jeremiah Cox reached here from good old <placeName TEIform="placeName">
                        <region type="state" key="tgn_7007709" reg="North Carolina" TEIform="region">North Carolina</region>
                    </placeName>, and purchased where the north part of <placeName TEIform="placeName">
                        <settlement type="city" key="tgn_7014336" reg="Richmond" TEIform="settlement">Richmond</settlement>
                    </placeName> now stands. If I mistake not, it had been previously entered by John Meek, the father
                    of Jesse Meek, and had been transferred to Joseph Woodkirk, of whom J. Cox made the purchase. Said
                    Cox also entered several other tracts. Jeremiah Cox, John Smith, and my father, were then looked
                    upon as rather leaders in the Society of Friends. Their location here had a tendency of drawing
                    others, and soon caused a great rush to Whitewater; and land that I thought would never be settled
                    was rapidly taken up and improved. Had I a little more vanity, I might almost claim the credit (if
                    credit it be) of having been the pioneer of the great body of Friends now to be found in this
                    region; as I think it very doubtful whether three Yearly Meetings would convene in this county, had
                    I not traced the line before mentioned.</p><p TEIform="p">I was now in the twenty-fifth year of my age, and thus far had been rather a wayfaring disciple, not
                    doing much for myself <pb n="21" id="VAA4025-002-1-025" TEIform="pb"/> or any other person. Having now selected a
                    spot for a home, I thought the time had come to be up and doing. I therefore married a girl named
                    Catharine Yount, near the Great Miami; and on the last day of March, 1807, reached with our little
                    plunder the hill where I am now living. It may not be uninteresting here to name some of the first
                    settlers in the different neighborhoods. On the East Fork were the Flemings, Irelands, Hills,
                    Wassons, Maxwells, etc. At the mouth of Elkhorn were the Hunts, Whiteheads and Endsleys. In this
                    neighborhood were the Smiths, Coxes, Wrights and Hoovers, several of whom commenced operations in
                    the woods in the spring and summer of 1806. This may emphatically be said to have been the day of
                    "log-cabins" and log-rollings; and, although we were in an unbroken forest, without even a blazed
                    pathway from one settlement to another, we yet enjoyed a friendship, and a neighborly interchange of
                    kind offices, which are unknown at this time. Although we had to step on puncheon floors, and eat
                    our corn-bread and venison, or turkey, off of broad pieces of split timber, and drive forks in one
                    corner of our cabins, with cross timbers driven into the walls, for bedsteads, there was no
                    grumbling or complaining of low markets and hard times. The questions of Tariff and National Bank
                    were truly "obsolete ideas" in those days. It was the first week in April before some of us
                    commenced operations in the woods; but we mostly raised corn enough to do us. There was, however, no
                    mill to grind it, and for some weeks we grated all the meal we made use of. About Christmas, Charles
                    Hunt started a mill, on a cheap scale, near the mouth of Elkhorn, which did our grinding until J.
                    Cox established one near to where <placeName TEIform="placeName">
                        <settlement type="city" key="tgn_7014336" reg="Richmond" TEIform="settlement">Richmond</settlement>
                    </placeName> now stands, and which now belongs to Basil Brightwell.</p><p TEIform="p">The Indian boundary was at this time about three miles west of us. The Indians lived on <geogName key="tgn_1131752" reg="White" TEIform="geogName">White river</geogName>, and were frequently among us. They at one
                    time packed off 400 bushels of shelled corn, which they purchased of John Smith. In 1809 a purchase
                    was made, called the "Twelve Mile Purchase,"<hi rend="sup" TEIform="hi">1</hi> and a goodly number settled on it
                    before it was surveyed; but the war of 1812 coming on, the settlers mostly left their locations, and
                    removed to places of more security. Those who remained built forts and "block houses." The settlers
                    in this neighborhood mostly stood <pb n="22" id="VAA4025-002-1-026" TEIform="pb"/> their ground, but suffered
                    considerably with fear. George Shugart then lived where <placeName TEIform="placeName">
                        <settlement type="city" key="tgn_2033080" reg="Newport" TEIform="settlement">Newport</settlement>
                    </placeName> now stands, some miles from any other inhabitant. In the language of the Friends, he
                    "did not feel clear" in leaving- his home, and he manfully stood his ground unmolested, except by
                    those whom we then styled the "Rangers," from whom he received some abuse for his boldness. The
                    Indians took three scalps out of this county, and stole a number of horses. Candor, however, compels
                    me to say that, as is usually the case, we Christians were the aggressors. After peace was made, in
                    1814, the twelve mile purchase settled very rapidly.</p><p TEIform="p">It will not be amiss, at this stage of our narrative, to state that when we first settled here, the
                    now State of Indiana was called Indiana Territory, and we belonged to <placeName TEIform="placeName">
                        <region type="county" key="tgn_1002324" reg="Dearborn" TEIform="region">Dearborn county</region>
                    </placeName>, which embraced all the territory purchased from the Indians at the treaty of
                    Greenville, extending- from the mouth of the <geogName key="tgn_1125516" reg="Kentucky River" TEIform="geogName">Kentucky river</geogName> to Fort Recovery. The counties of <placeName TEIform="placeName">
                        <region type="county" key="tgn_1003004" reg="Wayne" TEIform="region">Wayne</region>
                    </placeName> and <placeName TEIform="placeName">
                        <region type="county" key="tgn_1002381" reg="Franklin" TEIform="region">Franklin</region>
                    </placeName> were afterwards formed out of the northern part of this territory. Although Governor
                    Harrison had the appointing power, he gave the people the privilege of choosing their own officers.
                    An election was accordingly held, when it was found that Peter Fleming, Jeremiah Meek and Aaron
                    Martin were elected Judges, George Hunt, Clerk, and John Turner, Sheriff. County courts were then
                    held by three associate judges, and county business was done before them. One of the first courts
                    held in this county, under the Territorial government, convened under the shade of a tree, on the
                    premises then belonging to Richard Rue, Esq., Judge Park presiding and James Noble prosecutor. In
                    order to show the legal knowledge we backwoodsmen were then in possession of, I will relate the
                    following case. A boy was indicted for stealing a knife, a traverse jury was empaneled, and took
                    their seats upon a log. The indictment was read, and, as usuual, set out that the offender, with <hi rend="i" TEIform="hi">force and arms</hi>, did feloniously steal, take, and carry away, etc. After hearing
                    the case, the jury retired to another log to make up their verdict. Jeremiah Cox, one of the jurors,
                    and afterwards a member of the convention to frame a Constitution, and of the Legislature, concluded
                    they must find the defendant guilty, but he thought the indictment "was rather too bad for so small
                    an offense." I suppose he <pb n="23" id="VAA4025-002-1-027" TEIform="pb"/> thought the words "with force and
                    arms" uncalled for, and thought rightly enough, too.</p><p TEIform="p">Some further illustration of our legal knowledge and the spirit of our legislation at this time may
                    be interesting. Although the Friends constituted a large portion of the inhabitants in this quarter,
                    there were in other parts of the county men in whose craniums the military spirit was pretty
                    strongly developed, before the war of 1812 was declared. When that came on, this spirit manifested
                    itself in all its rigor. The Friends were much harassed on account of their refusal to do military
                    duty. Some were drafted, and had their property sacrificed, and at the next call were again drafted,
                    and fined. Four young men were thrown into the county jail during the most inclement cold weather;
                    fire was denied them until they should comply; and had it not been for the humane feeling of David
                    F. Sackett, who handed them hot bricks through the grates, they must have suffered severely. Suits
                    were subsequently brought against the officers for false imprisonment. The trials were had at <placeName TEIform="placeName">
                        <settlement type="city" key="tgn_2031203" reg="Brookville" TEIform="settlement">Brookville</settlement>
                    </placeName>, in <placeName TEIform="placeName">
                        <region type="county" key="tgn_1002381" reg="Franklin" TEIform="region">Franklin county</region>
                    </placeName>. They all recovered damages, but I have every reason to believe that the whole of the
                    damages and costs was paid out of the moneys extorted from others of the Friends. To cap the climax
                    of absurdity and outrage, the gentlemen officers arrested an old man named Jacob Elliott, and tried
                    him by a court-martial, for treason, found him guilty, and sentenced him to be shot! but gave him a
                    chance to run away in the dark, they firing off their guns at the same time. It would fill a
                    considerable volume to give a detailed history of the <hi rend="i" TEIform="hi">noble patriots</hi> of those
                    days, and of their wisdom and valorous exploits; but this must suffice.</p><p TEIform="p">Connected with this subject, permit me a word respecting my own course. I think it is well known that
                    from first to last I stood by the Friends like a brother (as I would again do under similar
                    circumstances), and used my influence in their favor; yet from some cause, best known to themselves,
                    I have apparently lost the confidence and friendship of a good number of them. The most serious
                    charge which has yet reached me, is that I have not got "the true faith," and not that I have done
                    anything wrong. Of this I do not complain; but must be permitted to say that their course towards me
                    was rather gratuitous. <pb n="24" id="VAA4025-002-1-028" TEIform="pb"/> I feel confident that they can not in
                    truth say that they have at any time received aught but disinterested friendship from me; and if
                    some of them can reconcile their course toward me with a sense of duty, and of doing by me as I have
                    at all times done by them, I shall therewith be content.</p><p TEIform="p">In 1816 we elected delegates to the convention which formed our late Constitution, and named the
                    State Indiana. On the third day of February following, I was elected Clerk of Wayne Circuit Court,
                    and by favor of the voters of the county, held the office nearly fourteen years. I was prevented
                    from serving out my full constitutional term of office, by a deceptive ruling of the Court, which I
                    have no fears will ever be hunted up as a precedent in a similar or any other case.</p><p TEIform="p">I was almost the first man who set foot in this part of <placeName TEIform="placeName">
                        <region type="county" key="tgn_1003004" reg="Wayne" TEIform="region">Wayne county</region>
                    </placeName>, and have been an actor in it for more than forty years. It may not be out of place
                    here for me to say, that I feel conscious I often erred through ignorance, and perhaps through
                    wilfulness. Yet (and with gratitude be it spoken), it has fallen to the lot of few men to retain so
                    long the standing which I think I still have among all classes of my fellow citizens. I believe it
                    is a privilege conceded to old men to boast of what they have been, and what they have done. I shall
                    therefore take the liberty of saying, that I have now seven commissions by me, for offices which I
                    have held, besides having had a seat in the Senate of this State for six years.</p><p TEIform="p">I will add, that in the employ and under the direction of John Smith and Jeremiah Cox, I laid off the
                    city of <placeName TEIform="placeName">
                        <settlement type="city" key="tgn_7014336" reg="Richmond" TEIform="settlement">Richmond</settlement>
                    </placeName>, did all their clerking, wrote their deeds, etc. If I recollect rightly, it was first
                    named Smithville, after one of the properietors; but that name did not give general satisfaction.
                    Thomas Robbards, James Pegg, and myself, were then chosen to select a name for the place. Robbards
                    proposed Waterford, Pegg,Plainfield, and I made choice of <placeName TEIform="placeName">
                        <settlement type="city" key="tgn_7014336" reg="Richmond" TEIform="settlement">Richmond</settlement>
                    </placeName>, which latter name received the preference of the lot-holders.</p><p TEIform="p">I have some fears that the preceding remarks may be looked upon as betraying the vanity of an old
                    man; but I wish it distinctly understood, that I ascribe the little favors which I have received,
                    more to surrounding circumstances, and the partiality of my friends, than to any qualification or
                    merits in myself.</p><pb n="25" id="VAA4025-002-1-029" TEIform="pb"/><p TEIform="p">There are several other subjects connected with the early history of <placeName TEIform="placeName">
                        <region type="county" key="tgn_1003004" reg="Wayne" TEIform="region">Wayne county</region>
                    </placeName>, on which I could dwell at some length. I could refer to the first dominant party,
                    their arbitrary proceeding in fixing the county seat at <placeName TEIform="placeName">
                        <settlement type="city" TEIform="settlement">Salisbury</settlement>
                    </placeName>, the seven years' war and contention which followed, ending with the final location of
                    the shiretown at <placeName TEIform="placeName">
                        <settlement type="city" key="tgn_2031339" reg="Centerville" TEIform="settlement">Centreville</settlement>
                    </placeName>.<hi rend="sup" TEIform="hi">2</hi> But as the rival parties in that contest have mostly left the
                    stage, and the subject is almost forgotten, I think it unnecessary to disturb it.</p><p TEIform="p">A lengthy chapter might be written on the improvements which have been made within the last fifty
                    years in <placeName TEIform="placeName">
                        <region type="county" key="tgn_1003004" reg="Wayne" TEIform="region">Wayne county</region>
                    </placeName> (to say nothing of the rest of the world), in the arts and sciences generally, but as I
                    do not feel myself competent to the task, I shall not attempt it.</p><p TEIform="p">And now, in bringing this crude and undigested account of my experience to a close, short as it is,
                    it gives rise to many serious reflections. When I look back upon the number of those who set out in
                    life with me, full of hope, and who have fallen by the way, and gone to that bourne from whence
                    there is no returning, with not even a rude stone to mark the spot where their mortal remains are
                    deposited, language fails me, and indeed there is no language adequate to the expression of my
                    feelings. I shall therefore drop the subject, leaving the reader to fill up the blank in his own
                    way.</p><p TEIform="p">In conclusion, let me say a word about my politics and religion. In politics, I profess to belong to
                    the Jeffersonian school. I view Thomas Jefferson as decidedly the greatest statesman that America
                    has yet produced. He was the chief apostle of both Political and Religious Liberty. My motto is
                    taken from his first Inaugural: "Equal and exact justice to all men" — and I will add—without
                    calling in question their political or religious faith, country, or color.</p><p TEIform="p">And here I wish it distinctly understood, and remembered, that I stood almost alone in this section
                    of the State, in opposition to our ruinous system of internal improvements, concocted and brought
                    about at the sessions of the Legislature in the years 1835 to 1836; which resulted in the creation
                    of a State debt which the present generation will not see paid; and which has verified the text in
                    the old Book to the very letter, which says that the iniquities of the fathers are visited upon
                    their children to the third and fourth generations.</p><pb n="26" id="VAA4025-002-1-030" TEIform="pb"/><p TEIform="p">As to religion: <quote rend="blockquote" TEIform="quote">
                        <p TEIform="p">Happy is he, the only happy man, Who, from <hi rend="i" TEIform="hi">choice</hi>, does all the good he
                            can.</p>
                    </quote>
                </p><p TEIform="p">"The world is my country, and my religion is to do right." I am a firm believer in the Christian
                    religion, though not as lived up to by most of its professors of the present day. In the language of
                    Jefferson, I look upon the "Christian philosophy as the most sublime and benevolent, but most
                    perverted system that ever shone on man." I have no use for the priesthood, nor can I abide the
                    shackles of sectarian dogmas. I see no necessity for confessions of faith, creeds, forms and
                    ceremonies. In the most comprehensive sense of the word, I am opposed to all wars, and to slavery;
                    and trust the time is not far distant when they will be numbered among the things that were, and
                    viewed as we now look back upon some of the doings of what we are pleased to style the dark ages.</p><p TEIform="p">Note 1.—Among the first settlers of the twelve mile purchase, rather in the vicinity of Centreville,
                    were Danial Noland, Henry Bryan, Isaac Julian, William Harvey, Nathan Overman, George Grimes, etc.
                    Other pioneers, whose names I can not now recall, were thinly scattered over other portions of the
                    "purchase."—I. H. J.</p><p TEIform="p">Note 2.—The county seat was finally established at <placeName TEIform="placeName">
                        <settlement type="city" key="tgn_2031339" reg="Centerville" TEIform="settlement">Centreville</settlement>
                    </placeName> in April, 1820. The first court held in <placeName TEIform="placeName">
                        <region type="county" key="tgn_1003004" reg="Wayne" TEIform="region">Wayne county</region>
                    </placeName>, as appears from the records, met at the home of Richard Rue, February, 1811. <placeName TEIform="placeName">
                        <region type="county" key="tgn_1003004" reg="Wayne" TEIform="region">Wayne county</region>
                    </placeName> was organized in November, 1810.</p><p rend="center" TEIform="p">JUDGE HOOVER'S RECORD AS TO LIBERTY OF CONSCIENCE, PEACE AND FREEDOM.</p><p TEIform="p">Appended to his Memoir, Judge Hoover copied the following Memorial and postscript, prepared and
                    subscribed by him at an early period of our history, which he seemed to think should go with it, as
                    showing more positively his position in regard to the matters referred to in the same. It may with
                    propriety be added, that at an early day in this county, Anti-Slavery and Peace Societies were
                    formed, of which Judge Hoover, Elder David Purviance, and other prominent citizens in various parts
                    of the county, were leading members:</p><pb n="27" id="VAA4025-002-1-031" TEIform="pb"/><p TEIform="p">
                    <text TEIform="text"><body TEIform="body"><div type="letter" org="uniform" sample="complete" part="N" TEIform="div"><salute TEIform="salute">
                                    <hi rend="i" TEIform="hi">To William Henry Harrison, Governor of the Indiana Territory, the
                                        Legislative Council, and House of Representatives, at <placeName TEIform="placeName">
                                            <settlement type="city" key="tgn_7018808" reg="Vincennes" TEIform="settlement">Vincennes</settlement>
                                        </placeName> met:</hi>
                                </salute><p TEIform="p">The Memorial of the Society of Friends of the said Territory respectfully represents:</p><p TEIform="p">That few if any of the present members of the Legislature, we presume, are altogether
                                    unacquainted with the conscientious scruples of Friends against bearing arms, or
                                    acting in any manner as military men, ever since they became a religious society.
                                    And considering the penalties and sufferings they have heretofore been subject to on
                                    that account, there is no room left to suppose that their declining to act in that
                                    capacity proceeded from obstinacy, or a disregard to the laws of their country. They
                                    conceive that, notwithstanding they have always declined the use of the sword, they
                                    have not been useless citizens; and that the indulgence which has been granted to
                                    conscientious people in other governments, has not in any manner been prejudicial to
                                    the real interest of those countries, but rather that it has been a means of
                                    inducing useful citizens to settle and improve various parts thereof. Nor does it
                                    admit of a doubt, that penal laws, designed to force people to act in violation of
                                    what they believe to be their duty to their Maker, never did and never will promote
                                    the true interest and safety of any country. And although heavy fines have
                                    heretofore in some cases been impressed for non-attendance of musters, and often
                                    doubled by unreasonable seizures, to the great distress of some poor families; yet
                                    it seems hardly probable that the public have been much, if at all, benefited by
                                    these extortions. Your memorialists, therefore, can not suppose that it can be a
                                    desirable object with a free and enlightened people, to subject any denomination of
                                    Christians to penalties and sufferings, either in their persons or property, on
                                    account of their religious opinions, which can never be injurious to the country at
                                    large, or to any individual. All of which we submit to the Legislature, that they
                                    may make such amendment of the present militia laws as to them may seem reasonable
                                    and just.</p><p TEIform="p">And your Memorialists, etc.</p><p TEIform="p">P. S.—The laws subjecting the Quakers to fines for not mustering were repealed; but
                                    after the battle of <placeName TEIform="placeName">
                                        <region type="county" key="tgn_1002946" reg="Tippecanoe" TEIform="region">Tippecanoe</region>
                                    </placeName>, they were, re-enacted with a vengeance.</p></div></body></text>
                </p></div></body></text></TEI.2>