<?xml version="1.0" encoding="UTF-8"?><!DOCTYPE TEI.2 SYSTEM "http://purl.dlib.indiana.edu/iudl/imh/resource/xml/imh_issue.dtd"><TEI.2><teiHeader type="text" status="new" TEIform="teiHeader"><fileDesc TEIform="fileDesc"><titleStmt TEIform="titleStmt"><title TEIform="title">Indiana Magazine of History</title><respStmt TEIform="respStmt"><resp TEIform="resp">Encoded by</resp><name TEIform="name">Aptara Inc.</name></respStmt></titleStmt><publicationStmt TEIform="publicationStmt"><publisher TEIform="publisher">Digital Library Program, Indiana University</publisher><pubPlace TEIform="pubPlace">Bloomington, IN</pubPlace><date TEIform="date">2007</date><availability status="unknown" TEIform="availability"><p TEIform="p">Copyright 2007 Trustees of Indiana University</p><p TEIform="p">Indiana University provides the information contained in this file for non-commercial,
        personal, or research use only. All other use, including but not limited to commercial or
        scholarly reproductions, redistribution, publication or transmission, whether by electronic
        means or otherwise, without prior written permission of the copyright holder is strictly
        prohibited.</p></availability></publicationStmt><seriesStmt TEIform="seriesStmt"><title TEIform="title">Indiana Magazine of History</title></seriesStmt><sourceDesc default="NO" TEIform="sourceDesc"><biblStruct default="NO" TEIform="biblStruct"><analytic TEIform="analytic"><title TEIform="title">The Pioneer Fourth of July</title><author TEIform="author">George S. Cottman</author></analytic><monogr TEIform="monogr"><title TEIform="title">Indiana Magazine of History</title><imprint TEIform="imprint"><pubPlace TEIform="pubPlace">Indianapolis, IN</pubPlace><publisher TEIform="publisher">Published Under the Direction of The Indiana Historical
                                Society</publisher><date TEIform="date">1912</date><biblScope type="issue" TEIform="biblScope">2</biblScope><biblScope type="volume" TEIform="biblScope">8</biblScope><biblScope type="pages" TEIform="biblScope">65-69</biblScope></imprint></monogr></biblStruct></sourceDesc></fileDesc><revisionDesc TEIform="revisionDesc"><change TEIform="change"><date TEIform="date">2007-06-25</date><respStmt TEIform="respStmt"><name TEIform="name">Annette D. Richmond</name></respStmt><item TEIform="item">Changed publication place and publisher</item></change></revisionDesc></teiHeader><text><body><pb n="65" id="VAA4025-008-2-015" TEIform="pb"/><div type="scholarlyArticle" id="VAA4025-008-2-a02" org="uniform" sample="complete" part="N" TEIform="div"><head TEIform="head">THE PIONEER FOURTH OF JULY.</head><byline TEIform="byline">
               <hi rend="i" TEIform="hi">GEORGE S. COTTMAN</hi>.</byline><p TEIform="p">THE present-day movement for a "safe and sane Fourth of July," and the proposal in <placeName TEIform="placeName">
                        <settlement type="city" TEIform="settlement">Indianapolis</settlement>
                    </placeName> to revive certain observances that antedated the deadly cannon cracker, makes pertinent
                    a little information regarding the old-time national holiday. The drudging, narrow life of the
                    Indiana pioneer was not lightened by the various legal holidays we now observe. The first Christmas
                    in <placeName TEIform="placeName">
                        <settlement type="city" TEIform="settlement">Indianapolis</settlement>
                    </placeName> was signalized by a "stag party," promoted by the gentlemen who had
                    political aspirations, the festivity <pb n="66" id="VAA4025-008-2-016" TEIform="pb"/> of which occasion was
                    enhanced by a barrel of hard cider; and the first New Year was celebrated by the first ball, which
                    was held at <placeName TEIform="placeName">
                        <settlement type="city" TEIform="settlement">John Wyant</settlement>
                    </placeName>'s cabin by the river bank. But these were both exceptional instances.
                    Christmas. as a rule, was so little thought of that the Legislature did not adjourn on that day. and
                    the newspapers did not esteem it worth mentioning. A solitary advertisement in 1838 of fancy books
                    for Christmas presents in one of our home papers, stands alone as a reminder of the day.
                    Thanksgiving was practically unthought of. The first formal proclamation for its observance was not
                    issued until 1839, by Governor Wallace, and there is no evidence that it became a general holiday
                    until long after that.</p><p TEIform="p">The first generally observed holidays were those that breathed the spirit of national patriotism. As
                    early as 1829 a semi-literary society of young men. known for years as the "<placeName TEIform="placeName">
                        <settlement type="city" TEIform="settlement">Indianapolis</settlement>
                    </placeName> Legislature," inaugurated the custom here of celebrating <placeName TEIform="placeName">
                        <settlement type="city" TEIform="settlement">Washington</settlement>
                    </placeName>'s birthday, and the evening of each anniversary was devoted to orations,
                    recitations, music and kindred features. to which the public was invited. But the day of days was
                    the Fourth of July. An inheritance dating from the beginning of the nation, it was peculiarly dear
                    to the heart of every American, and the holiday enthusiasm that now expends itself a half-dozen
                    times in the course of the year was then all concentrated on that occasion. The spirit of
                    '76—the patriotism that was keenly alive to its recent emancipation from kings
                    and rulers and to its anomalous position in the world, occupied a much larger space in -American
                    thought then that it does to-day, and the ever-memorable Fourth was the time for it to seethe and
                    boil over. In the wilds of the West, where the mode of life and meagerness of facilities were
                    against demonstration, this spirit was not to be suppressed, and the difficulties it sometimes
                    surmounted are interesting and inspiring to learn of.</p><p TEIform="p">The late Dr. J. W. Hervey, of <placeName TEIform="placeName">
                        <settlement type="city" TEIform="settlement">Indianapolis</settlement>
                    </placeName>, told the writer of a celebration held in <placeName TEIform="placeName">
                        <region type="county" TEIform="region">Hancock county</region>
                    </placeName> seventy years ago, which was, so to speak, made up out of the raw material. They had no
                    orator to call upon, no proper reader, and, above all, no flag. Old Mrs. Eastes, Mr.
                    Hervey's aunt, however, agreed to supply <pb n="67" id="VAA4025-008-2-017" TEIform="pb"/> the last-named
                    requisite, which she did by taking a white linen sheet and some red and blue flannel, all of her own
                    weaving, and sewing them together in the proper combination. The young doctor, being appointed
                    orator, expended his best energies on a maiden effort, while his brother not only read the
                    Declaration, but played the fife, which, along with a drum or two, had been borrowed at <placeName TEIform="placeName">
                        <settlement type="city" TEIform="settlement">Indianapolis</settlement>
                    </placeName> for the occasion.</p><p TEIform="p">At the capital the Fourth has been a great gala day since 1822, when it was first celebrated here. On
                    that initial occasion, as sundry chronicles have recorded, the people of the little town and
                    surrounding country came together and set the pace for succeeding anniversaries. The meeting was
                    about where <placeName TEIform="placeName">
                        <settlement type="city" TEIform="settlement">Washington</settlement>
                    </placeName> and West streets intersect. The meat for the indispensable barbecue was carved from a
                    fine buck deer, killed the day before by Robert Harding in what is now the north part of town, and
                    which was roasted whole in the middle of <placeName TEIform="placeName">
                        <settlement type="city" TEIform="settlement">Washington</settlement>
                    </placeName> street, just west of <placeName TEIform="placeName">
                        <region type="state" reg="mou" TEIform="region">Missouri</region>
                    </placeName>. The public banquet was spread on long tables set under the trees, and there was an
                    abundance for all. The merriment of the festivities was enhanced by the performances of a talented
                    teamster from <placeName TEIform="placeName">
                  <settlement type="city" TEIform="settlement">Dayton</settlement>, <region type="state" reg="ohu" TEIform="region">Ohio</region>
               </placeName>, who did the clown act, dressed up in grotesque garb, and by a
                    grand, general dance in a house then being built near the scene of the barbecue, which dance, we are
                    told, continued until some time on the 5th. This was the first combined public dinner and ball in <placeName TEIform="placeName">
                        <settlement type="city" TEIform="settlement">Indianapolis</settlement>
                    </placeName>.</p><p TEIform="p">The following year, in The Western Censor and Emigrants' Guide, appeared the first published
                    advertisement of a celebration. This reads:</p><p TEIform="p">"Barbecue.—A barbecue will be furnished for the ladies and gentlemen of <placeName TEIform="placeName">
                        <settlement type="city" TEIform="settlement">Indianapolis</settlement>
                    </placeName> and its vicinity, at the upper end of Market street, convenient to good water, on the
                    Fourth of July ensuing, being the anniversary of American independence. Those ladies and gentlemen
                    who are disposed to take dinner shall be accommodated."</p><p TEIform="p">This is signed by Wilks Reagon, the first butcher in town, and the barbecue part of the celebration
                    was evidently on a pay basis. It was held "in a handsome shade" on
                    Pogue's run, north of IVashington street. As this was for some years after the scene <pb n="68" id="VAA4025-008-2-018" TEIform="pb"/> of these annual celebrations, the inference is that a pleasant
                    grove covered the spot.</p><p TEIform="p">This day was ushered in by the firing of muskets and rifles, and about 10 o'clock the
                    citizens gathered at the appointed place to hear an oration by Morris Morris (the father of General
                    T. A. Morris) and sundry other exercises of a religious and patriotic character. At 1
                    o'clock "a large and respectable company" sat down to Mr.
                    Reagon's barbecue, and a good part of the summer's afternoon was spent in the
                    feast of reason and flow of soul that went with numerous toasts.</p><p TEIform="p">The programs of these Fourth of July occasions varied slightly, but certain features were rigidly
                    established. The Declaration of Independence must be read; there must be an oration of the peculiar
                    patriotic stamp which belongs to that day and is sui generis; and there must be a profusim of toasts
                    reflecting the same spirit. To what extent this sort of recreation was sometimes carried we may
                    guess when we find that the oration of Bethuel Morris in 1828 filled eIeven nexx-spaper columns, and
                    that the toasts of 1827 numbered not less than forty.</p><p TEIform="p">A few of the toasts quoted from the banquet ci 1823 will give an idea of their character:</p><p TEIform="p">"The Day IVe Celebrate—It Will Never Be Forgotten So Long as the Genius of
                    Liberty Has a Tabernacle in Which She Can Dwell," "The Soldiers, Patriots and
                    Statesmen of the Revolution," "The Congress of the <placeName TEIform="placeName">
                        <country reg="-us" TEIform="country">United States</country>
                    </placeName>," "The Next Legislature," "The State of
                    Indiana," "<placeName TEIform="placeName">
                        <settlement type="city" TEIform="settlement">Indianapolis</settlement>
                    </placeName>—In Its Growth Almost Unparalleled; May Its Health and Prosperity Be
                    Continued." Usually, at the tail-end of this patriotism, there was a gallant toast or two
                    to "The Fair."</p><p TEIform="p">The demonstrations on the great national holiday became more imposing as the town grew. In 1826 was
                    begun the custom of going to the scene of the exercises in a public procession, in which the militia
                    cut a figure. About this time, too, or a little later, the organized Sunday schools of the tom-n
                    began to take possession of the day. In 1829 a piece of ordnance known as Captain Blake's
                    cannon, which did noisy duty on every permissible occasion, and which, the following Fourth, blew
                    off the arm <pb n="69" id="VAA4025-008-2-019" TEIform="pb"/> of Andrew Smith, while adding eclat to a song on
                    "The Liberty Tree," sung by General Robert Hanna, opened the day with a
                    "salute of twenty-four guns." The order of procession, as it formed betimes, was:
                    (1) The artillery company with its one beloved gun; (2) ladies and female teachers; (3) four female
                    teachers and banner; (4) female scholars; (5) music; (6) four male teachers and banner; (7) male
                    scholars; (8) clergymen, reader and orator; (9) superintendents and teachers; (10) citizens; all
                    under the direction of James Blake. There were something over 1,200 in line by actual count, about
                    half of these being children. They formed at the Circle and marched up <placeName TEIform="placeName">
                        <settlement type="city" TEIform="settlement">East Washington</settlement>
                    </placeName> street to the grove on Pogue's run, where, after the address, the Sunday
                    schools began much singing of hymns and were regaled with cakes distributed free. Then they marched
                    back and the day wound up with a grand hot-air balloon ascension.</p><p TEIform="p">The Sunday schools become more and more a part of the Fourth of July celebrations, till they were the
                    chief feature, and hymns appropriate to the occasion grew to be a conspicuous part of the programs.
                    A fair sample is: <quote rend="blockquote" TEIform="quote">
                        <p TEIform="p">"We meet beneath the shady grove To celebrate Thy praise, And for Thy gifts, O Lord
                            of Love, Our cheerful songs we raise."</p>
                    </quote>
                </p><p TEIform="p">The growing popularity of this idea continued until 1855, as is eyidenced by the fact that there were
                    more than two thousand Sunday school children in line in the celebration of that year; but two or
                    three years later, for some reason, they dropped out, and after that we hear no more of them. During
                    these later years it was also customary for the volunteer firemen to parade, dressed in uniforms of
                    black trousers, red shirt and stove-pipe hat, with the "masheens" and
                    appurtenances in apple-pie order. In the afternoon the various engine companies would have a contest
                    to determine which could get "first water" and throw the biggest and largest
                    stream, a strenuous competition which sometimes ended in a fight.</p><byline TEIform="byline">G. S. C.</byline></div></body></text></TEI.2>