<?xml version="1.0" encoding="UTF-8"?><!DOCTYPE TEI.2 SYSTEM "http://purl.dlib.indiana.edu/iudl/imh/resource/xml/imh_issue.dtd"><TEI.2><teiHeader type="text" status="new" TEIform="teiHeader"><fileDesc TEIform="fileDesc"><titleStmt TEIform="titleStmt"><title TEIform="title">Indiana Magazine of History</title><respStmt TEIform="respStmt"><resp TEIform="resp">Generated by</resp><name TEIform="name">Digital Library Program, Indiana University</name></respStmt></titleStmt><publicationStmt TEIform="publicationStmt"><publisher TEIform="publisher">Digital Library Program, Indiana University</publisher><pubPlace TEIform="pubPlace">Bloomington, IN</pubPlace><date TEIform="date">2007</date><availability status="unknown" TEIform="availability"><p TEIform="p">Copyright 2007 Trustees of Indiana University</p><p TEIform="p">Indiana University provides the information contained in this file for non-commercial,
        personal, or research use only. All other use, including but not limited to commercial or
        scholarly reproductions, redistribution, publication or transmission, whether by electronic
        means or otherwise, without prior written permission of the copyright holder is strictly
        prohibited.</p></availability></publicationStmt><seriesStmt TEIform="seriesStmt"><title TEIform="title">Indiana Magazine of History</title></seriesStmt><sourceDesc default="NO" TEIform="sourceDesc"><biblStruct default="NO" TEIform="biblStruct"><analytic TEIform="analytic"><title TEIform="title">Notes</title></analytic><monogr TEIform="monogr"><title TEIform="title">Indiana Magazine of History</title><imprint TEIform="imprint"><pubPlace TEIform="pubPlace">Bloomington, IN</pubPlace><publisher TEIform="publisher">Indiana University Department of History in cooperation with the Indiana
                                Historical Society</publisher><date TEIform="date">1915</date><biblScope type="issue" TEIform="biblScope">2</biblScope><biblScope type="volume" TEIform="biblScope">011</biblScope><biblScope type="pages" TEIform="biblScope">182-186</biblScope></imprint></monogr></biblStruct></sourceDesc></fileDesc></teiHeader><text><body><pb n="182" id="VAA4025-011-2-084" TEIform="pb"/><div type="editorialMaterial" id="VAA4025-011-2-a11" org="uniform" sample="complete" part="N" TEIform="div"><p TEIform="p">
               <hi rend="i" TEIform="hi">The Proceedings of the <placeName TEIform="placeName">
                            <country reg="msu" TEIform="country"> Mississippi </country>
                        </placeName> Valley Historical Association for 1913-1914</hi> have just been
                    distributed from the Torch Light Press of Cedar Rapids, la. They form Volume 7
                    of the series and include the papers and addresses of the meeting at Grand
                    Forks, <placeName TEIform="placeName">
                        <country reg="ndu" TEIform="country">North Dakota </country>
                    </placeName>, May 26, 27, and 28, 1914. Of interest to Indiana readers are
                    "Some Phases of the History of the Northwest," by James A.
                    James; "American Opinions Regarding the West, 1778-1783," by
                    Paul C. Phillips; and "The Organization of the Jack-sonian Party in
                    Indiana," by Logan Esarey. The latter is a 24-page paper dealing with
                    the formation of the Democratic Party in Indiana. It deals with the period from
                    1816 to 1832.</p><p TEIform="p">
               <hi rend="i" TEIform="hi">The <placeName TEIform="placeName">
                            <region type="state" reg="mnu" TEIform="region">Minnesota</region>
                        </placeName> Historical Bulletin</hi> appeared for the first time February,
                    1915. It is the medium of communication between the members of the Historical
                    Society. The first number contains an address by Prof. Clarence W. Alvord of the
                    University of <placeName TEIform="placeName">
                        <region type="state" reg="ilu" TEIform="region">Illinois</region>
                    </placeName> on the "Relation of the State to Historical
                    Work." This address was delivered at the meeting of the <placeName TEIform="placeName">
                        <region type="state" reg="mnu" TEIform="region">Minnesota</region>
                    </placeName> Historical Society, January 18, 1915, and also at Indianapodis at a
                    recent meeting of the State History Teachers.</p><p TEIform="p">Dr. S. J. Buck, superintendent of the <placeName TEIform="placeName">
                        <region type="state" reg="mnu" TEIform="region">Minnesota</region>
                    </placeName> Historical Society, is editor of the new publication.</p><p TEIform="p">
               <hi rend="i" TEIform="hi">The National Genealogical Society Quarterly</hi> for April, 1915,
                    contains 206 entries from the marriage records of <placeName TEIform="placeName">
                        <region type="county" TEIform="region">Jefferson county</region>
                    </placeName> (<placeName TEIform="placeName">
                        <settlement type="city" TEIform="settlement">Louisville</settlement>
                    </placeName>), Ky., between 1784 and 1800. In the list are the names of many
                    Hoosier pioneers.</p><p TEIform="p">
               <hi rend="i" TEIform="hi">Major George Adams</hi> is the title of a pamphlet written by George
                    A. Katzenberger of Greenville, <placeName TEIform="placeName">
                        <region type="state" reg="ohu" TEIform="region">Ohio</region>
                    </placeName>. The biography recently appeared in the <hi rend="i" TEIform="hi">
                  <placeName TEIform="placeName">
                            <region type="state" reg="ohu" TEIform="region">Ohio</region>
                        </placeName> State Archaeological and Historical</hi>
                    <pb n="183" id="VAA4025-011-2-085" TEIform="pb"/>
                    <hi rend="i" TEIform="hi">Society Publications</hi>. Major Adams was prominent in the Indian
                    wars which culminated in the treaty of Greenville in 1795; and he later served
                    honorably in the War of 1812.</p><p TEIform="p">
               <hi rend="sc" TEIform="hi">THE</hi> first number of <hi rend="i" TEIform="hi">The Catholic Historical
                        Review</hi> published by the Catholic University of America at <placeName TEIform="placeName">
                        <settlement type="city" TEIform="settlement">Washington</settlement>
                    </placeName> appeared in April, 1915. It is a well executed magazine of 120
                    pages. Its purpose is to encourage the study of church history in the <placeName TEIform="placeName">
                        <country reg="-us" TEIform="country">United States</country>
                    </placeName>. The only article in the first number that is of especial
                    significance for Indiana history is one by Rt. Rev. Camillus P. Maes, D. D., on
                    "Flemish Franciscan Missionaries in North America
                    (1674-1738)."</p><p TEIform="p">
               <hi rend="i" TEIform="hi">The Biennial Report of the Trustees of the <placeName TEIform="placeName">
                            <region type="state" reg="ilu" TEIform="region">Illinois</region>
                        </placeName> State Historical Library</hi> shows that <placeName TEIform="placeName">
                        <region type="state" reg="ilu" TEIform="region">Illinois</region>
                    </placeName> is making great progress in the work of collecting and publishing
                    the source materials of the State's history. The library now has 40,187
                    books and pamphlets besides a vast number of manuscripts and newspapers. A
                    museum illustrative of the State's history has been founded. Two
                    volumes have recently been published and it is expected that at least three more
                    will be distributed this summer. The society has recently made a careful
                    inspection of the county archives. The State annually appropriates
                    $25,000 for this work.</p><p TEIform="p">
               <hi rend="i" TEIform="hi">The <placeName TEIform="placeName">
                            <region type="state" reg="mou" TEIform="region">Missouri</region>
                        </placeName> Historical Review</hi> for April contains a biography of
                    Nathaniel Patten, founder of the <hi rend="i" TEIform="hi">
                  <placeName TEIform="placeName">
                            <region type="state" reg="mou" TEIform="region">Missouri</region>
                        </placeName> Intelligencer and Boon's Lick Advertiser</hi>, April
                    23, 1819. This was the first newspaper north of the <placeName TEIform="placeName">
                        <region type="state" reg="mou" TEIform="region">Missouri</region>
                    </placeName> and west of the <placeName TEIform="placeName">
                        <country reg="msu" TEIform="country"> Mississippi </country>
                    </placeName>. Another article of equal interest is a "Bibliography of
                    the <placeName TEIform="placeName">
                        <region type="state" reg="mou" TEIform="region">Missouri</region>
                    </placeName> Press Association." This association has held 48 annual
                    meetings besides sessions. The <placeName TEIform="placeName">
                        <region type="state" reg="mou" TEIform="region">Missouri</region>
                    </placeName> State Historical Library has a full set of the addresses and papers
                    of these meetings. No better history of the <placeName TEIform="placeName">
                        <region type="state" reg="mou" TEIform="region">Missouri</region>
                    </placeName> Press could be desired.</p><p TEIform="p">
               <hi rend="i" TEIform="hi">The Seventh Biennial Report of the State Historical Society of <placeName TEIform="placeName">
                            <region type="state" reg="mou" TEIform="region">Missouri</region>
                        </placeName>
               </hi> shows commendable activity on the part of the society. It
                    was organized by the <placeName TEIform="placeName">
                        <region type="state" reg="mou" TEIform="region">Missouri</region>
                    </placeName> Press Association in 1898 and incorporated in 1899. The general
                    assembly made it the trustee for the State of its documentary records. It now
                    has 26,539 books and over 14,000 pamphlets on <placeName TEIform="placeName">
                        <region type="state" reg="mou" TEIform="region">Missouri</region>
                    </placeName> history. Six hundred eighty-one <pb n="184" id="VAA4025-011-2-086" TEIform="pb"/> newspapers of the State make it the repository of their files and send to it
                    their current numbers. The society binds these and they are preserved. It now
                    has 6,731 bound volumes of State newspapers. A magnificent new historical
                    library building has been erected. The society has an income of about
                    $10,000 per year.</p><p TEIform="p">
               <hi rend="i" TEIform="hi">The <placeName TEIform="placeName">
                            <region type="state" reg="iau" TEIform="region">Iowa</region>
                        </placeName> Journal of History and Politics</hi> for April has an extended
                    history of Des Moines, by D. E. Clark. Other shorter articles are "The
                    Half-Breed Tract," by Jacob Vander Zee; "The Career of Jacob
                    Rich," by George E. Roberts; "The Indians of <placeName TEIform="placeName">
                        <region type="state" reg="iau" TEIform="region">Iowa</region>
                    </placeName>," taken from <hi rend="i" TEIform="hi">The Friend</hi>, December 23,
                    1843.</p><p TEIform="p">
               <hi rend="sc" TEIform="hi">THE</hi>
                    <placeName TEIform="placeName">
                        <region type="state" reg="miu" TEIform="region">Michigan</region>
                    </placeName> Historical Commission is preparing for publication a volume of <placeName TEIform="placeName">
                        <region type="state" reg="miu" TEIform="region">Michigan</region>
                    </placeName> biographies. Stephen D. Bingham is editing and compiling the
                    volume. The biographies of all the men who have been members of the State
                    Legislature will be included. A bibliography of <placeName TEIform="placeName">
                        <region type="state" reg="miu" TEIform="region">Michigan</region>
                    </placeName> newspapers is in process of completion. The commission has also
                    devoted a great deal of time to marking historical sites.</p><p TEIform="p">The commission has issued four <hi rend="i" TEIform="hi">Bulletins</hi>. The first is devoted
                    to the origin, organization, and aims of the society; the second, to
                    "'Suggestions for Local Historical Societies and Writers in <placeName TEIform="placeName">
                        <region type="state" reg="miu" TEIform="region">Michigan</region>
                    </placeName>"; the third to an historical "Sketch of
                    Historical Societies in <placeName TEIform="placeName">
                        <region type="state" reg="miu" TEIform="region">Michigan</region>
                    </placeName>," and the fourth to the year's
                    "Proceedings."</p><p TEIform="p">
               <hi rend="sc" TEIform="hi">IN</hi>
                    <hi rend="i" TEIform="hi">the Proceedings of American Antiquarian Society</hi> for 1913 is a
                    list of the newspapers of the <placeName TEIform="placeName">
                        <country reg="-us" TEIform="country">United States</country>
                    </placeName> founded before 1820. Indiana is represented by 17 papers. Of these,
                    two were founded in <placeName TEIform="placeName">
                        <settlement type="city" TEIform="settlement">Brookville</settlement>
                    </placeName> (the <hi rend="i" TEIform="hi">Plain Dealer</hi>, 1816, and the <hi rend="i" TEIform="hi">Enquirer</hi>, 1819); one in <placeName TEIform="placeName">
                        <settlement type="city" TEIform="settlement">Charlestown</settlement>
                    </placeName> (the <hi rend="i" TEIform="hi">Indiana Intelligencer</hi>, 1818); two in Corydon
                    (the <hi rend="i" TEIform="hi">Indiana Gazette</hi>, 1816, and the <hi rend="i" TEIform="hi">Indiana
                        Herald</hi>, 1816); one in <placeName TEIform="placeName">
                        <settlement type="city" TEIform="settlement">Jeffersonville</settlement>
                    </placeName> (the <hi rend="i" TEIform="hi">Indianian</hi>, 1818); two in <placeName TEIform="placeName">
                        <settlement type="city" TEIform="settlement">Lawrenceburg</settlement>
                    </placeName> (the <hi rend="i" TEIform="hi">
                  <placeName TEIform="placeName">
                            <region type="county" TEIform="region">Dearborn</region>
                        </placeName> Gazette</hi>, 1817, and the <hi rend="i" TEIform="hi">Indiana Oracle</hi>,
                    1819); three in <placeName TEIform="placeName">
                        <settlement type="city" TEIform="settlement">Madison</settlement>
                    </placeName> and <placeName TEIform="placeName">
                        <settlement type="city" TEIform="settlement">Lexington</settlement>
                    </placeName> (the <hi rend="i" TEIform="hi">Western Eagle</hi>, 1813, the <hi rend="i" TEIform="hi">Cornucopia</hi>, 1815, and the <hi rend="i" TEIform="hi">Indiana Republican</hi>, 1816);
                    one from <placeName TEIform="placeName">
                        <settlement type="city" TEIform="settlement">Salem</settlement>
                    </placeName> (the <hi rend="i" TEIform="hi">Tocsin</hi>, 1818); two from <placeName TEIform="placeName">
                        <settlement type="city" TEIform="settlement">Vevay</settlement>
                    </placeName> (the <hi rend="i" TEIform="hi">Examiner</hi>, 1819, and the <hi rend="i" TEIform="hi">Indiana
                        Register</hi>, 1816); and three from <placeName TEIform="placeName">
                        <settlement type="city" TEIform="settlement">Vincennes</settlement>
                    </placeName> (the <hi rend="i" TEIform="hi">Indiana Centinel</hi>, 1817, <hi rend="i" TEIform="hi">Indiana
                        Gazette</hi>, 1804, and the <hi rend="i" TEIform="hi">Western Sun</hi>, 1807). The last
                    named is the only one now in existence.</p><pb n="185" id="VAA4025-011-2-087" TEIform="pb"/><p TEIform="p">
               <hi rend="sc" TEIform="hi">THE</hi>
                    <placeName TEIform="placeName">
                        <region type="county" TEIform="region">Henry County</region>
                    </placeName> Historical Society held its annual meeting at <placeName TEIform="placeName">
                        <settlement type="city" TEIform="settlement">Newcastle</settlement>
                    </placeName> April 29. Rev. F. S. C. Wicks made the principal address. His
                    subject was "A Neglected <placeName TEIform="placeName">
                        <settlement type="city" TEIform="settlement">Patriot</settlement>
                    </placeName>." W. H. Keesling is president, and Mrs. Allegra Bufkin,
                    secretary.</p><p TEIform="p">
               <hi rend="sc" TEIform="hi">THE</hi> Independent Turnverein of <placeName TEIform="placeName">
                        <settlement type="city" TEIform="settlement">Indianapolis</settlement>
                    </placeName> unveiled a portrait of its founder, Adolph Seidensticker, at the
                    Turnverein clubhouse May 2. Mr. Seidensticker was a leading citizen of the city
                    from 1860 till his death in 1892. He was a leader in the <placeName TEIform="placeName">
                        <settlement type="city" TEIform="settlement">Indianapolis</settlement>
                    </placeName> Maennerchor, a lawyer by profession, but will doubtless be longer
                    remembered as an editor. He edited the <hi rend="i" TEIform="hi">Volksblatt</hi>, the <hi rend="i" TEIform="hi">Telegraph</hi>, the <hi rend="i" TEIform="hi">Spottvogel</hi>, and <hi rend="i" TEIform="hi">Zukunft</hi>. The latter was the organ of the Turnerbund.</p><p TEIform="p">
               <hi rend="sc" TEIform="hi">THE</hi>
                    <placeName TEIform="placeName">
                        <settlement type="city" TEIform="settlement">Indianapolis</settlement>
                    </placeName>
                    <hi rend="i" TEIform="hi">Star</hi> has been running in its Sunday magazine section a history
                    of the press of Indiana. These articles commence with the founding of the <hi rend="i" TEIform="hi">Western Sun</hi> or rather the <hi rend="i" TEIform="hi">Gazette</hi>, at <placeName TEIform="placeName">
                        <settlement type="city" TEIform="settlement">Vincennes</settlement>
                    </placeName> in 1804, and so far have brought the story down to the forties.
                    Accompanying each is a brief biography of some living editor or publisher of a
                    current newspaper.</p><p TEIform="p">
               <hi rend="sc" TEIform="hi">THE</hi>
                    <placeName TEIform="placeName">
                        <settlement type="city" TEIform="settlement">Salem</settlement>
                    </placeName>
                    <hi rend="i" TEIform="hi">Democrat</hi> continues its biographies of persons now living in <placeName TEIform="placeName">
                        <region type="county" TEIform="region">Washington county</region>
                    </placeName> past the age of 80. One of these biographies accompanied by a
                    portrait occupies the front page of each number of the <hi rend="i" TEIform="hi">Democrat</hi>. Judging from these biographies, the great majority of the early
                    settlers of that county came from <placeName TEIform="placeName">
                        <region type="state" reg="kyu" TEIform="region">Kentucky</region>
                    </placeName> and the Carolinas.</p><p TEIform="p">
               <hi rend="sc" TEIform="hi">THE</hi>
                    <placeName TEIform="placeName">
                        <settlement type="city" TEIform="settlement">Princeton</settlement>
                    </placeName>
                    <hi rend="i" TEIform="hi">Clarion</hi> continues its series of articles on Civil War Politics
                    in <placeName TEIform="placeName">
                        <region type="county" TEIform="region">Gibson County</region>
                    </placeName>. The articles are written by Col. Gil R. Stormont, who took part in
                    the campaigns he discusses.</p><p TEIform="p">
               <hi rend="sc" TEIform="hi">THE</hi>
                    <hi rend="i" TEIform="hi">
                  <placeName TEIform="placeName">
                            <region type="county" TEIform="region">Daviess county</region>
                        </placeName> Democrat</hi>, April 3, 1915, contains a story by William
                    Donelly. He relates that he came from <placeName TEIform="placeName">
                        <country reg="ie" TEIform="country">Ireland</country>
                    </placeName> with his parents and family in 1854. The entire trip was made by
                    water, coming via <placeName TEIform="placeName">
                        <settlement type="city" TEIform="settlement">New Orleans</settlement>
                    </placeName>, ascending the <placeName TEIform="placeName">
                        <region type="state" reg="msu" TEIform="region">Mississippi</region>
                    </placeName>, the <placeName TEIform="placeName">
                        <region type="state" reg="ohu" TEIform="region">Ohio</region>
                    </placeName>, the <placeName TEIform="placeName">
                        <region type="county" TEIform="region">Wabash</region>
                    </placeName>, and White rivers to Maysville. This was three years before the <placeName TEIform="placeName">
                        <settlement type="city" TEIform="settlement">Baltimore</settlement>
                    </placeName> and <placeName TEIform="placeName">
                        <region type="state" reg="ohu" TEIform="region">Ohio</region>
                    </placeName> railroad was built, putting an end to water transportation to <placeName TEIform="placeName">
                        <settlement type="city" TEIform="settlement">Washington</settlement>
                    </placeName>. Mr. Donelly's story is interesting and typical.</p><pb n="186" id="VAA4025-011-2-088" TEIform="pb"/><p TEIform="p">
               <hi rend="sc" TEIform="hi">THE</hi> Orleans <hi rend="i" TEIform="hi">Progress-Examiner</hi> is endeavoring
                    to arouse enough historic interest in Orleans to enable the citizens to
                    establish a marker for Freeman's Corner, which is very near their town.</p><p TEIform="p">
               <hi rend="sc" TEIform="hi">THE</hi>
                    <hi rend="i" TEIform="hi">
                  <placeName TEIform="placeName">
                            <settlement type="city" TEIform="settlement">Steuben</settlement>
                        </placeName> Republican</hi> of March 17, 1915, has a brief historical
                    notice of Tri-State College. The occasion was the thirtieth anniversary of the
                    inauguration of President L. M. Sniff. The institution was then called the
                    Tri-State Normal, was in its second year and in a condition of doubt as to its
                    future existence. In the almost third of a century the school has prospered and
                    done a great work for the State. The <hi rend="i" TEIform="hi">Republican</hi> rightly
                    appreciates the great value of the school as a business asset of the city and
                    community.</p><p TEIform="p">
               <hi rend="sc" TEIform="hi">THE</hi>
                    <hi rend="i" TEIform="hi">Rising Sun Recorder</hi> of March 5, 1915, has a brief notice of
                    the library of the late Samuel F. Covington. The library was composed almost
                    entirely of source material on <placeName TEIform="placeName">
                        <region type="state" reg="ohu" TEIform="region">Ohio</region>
                    </placeName> Valley History. It contained files of the Rising Sun <hi rend="i" TEIform="hi">Times</hi>, 1833-1841; <hi rend="i" TEIform="hi">Farmers' Journal, Sun-Journal, <placeName TEIform="placeName">
                            <region type="county" TEIform="region">Dearborn county</region>
                        </placeName> Register</hi>, and <hi rend="i" TEIform="hi">Indiana <placeName TEIform="placeName">
                            <settlement type="city" TEIform="settlement">Patriot</settlement>
                        </placeName>
               </hi>, for the years 1837-1841; <hi rend="i" TEIform="hi">Indiana Blade</hi>,
                    1843-1848; <hi rend="i" TEIform="hi">Indiana Whig</hi>, 1848-1850; <hi rend="i" TEIform="hi">Indiana
                        Republican</hi>, 1851-1854; <hi rend="i" TEIform="hi">
                  <placeName TEIform="placeName">
                            <region type="county" TEIform="region">Ohio county</region>
                        </placeName> Recorder</hi>, 1868-1873; <hi rend="i" TEIform="hi">Recorder</hi>,
                    1874-1885; <hi rend="i" TEIform="hi">Saturday News</hi>, 1881; <hi rend="i" TEIform="hi">Local</hi>,
                    1880-1885. Besides these are many volumes of <placeName TEIform="placeName">
                        <settlement type="city" TEIform="settlement">Madison</settlement>
                    </placeName> and <placeName TEIform="placeName">
                        <settlement type="city" TEIform="settlement">Cincinnati</settlement>
                    </placeName> papers. There were also large numbers of pamphlets. The library
                    went to Miami University as a gift.</p></div></body></text></TEI.2>