<?xml version="1.0" encoding="UTF-8"?><!DOCTYPE TEI.2 SYSTEM "http://purl.dlib.indiana.edu/iudl/imh/resource/xml/imh_issue.dtd"><TEI.2><teiHeader type="text" status="new" TEIform="teiHeader"><fileDesc TEIform="fileDesc"><titleStmt TEIform="titleStmt"><title TEIform="title">Indiana Magazine of History</title><respStmt TEIform="respStmt"><resp TEIform="resp">Encoded by</resp><name TEIform="name">Aptara Inc.</name></respStmt></titleStmt><publicationStmt TEIform="publicationStmt"><publisher TEIform="publisher">Digital Library Program, Indiana University</publisher><pubPlace TEIform="pubPlace">Bloomington, IN</pubPlace><date TEIform="date">2007</date><availability status="unknown" TEIform="availability"><p TEIform="p">Copyright 2007 Trustees of Indiana University</p><p TEIform="p">Indiana University provides the information contained in this file for non-commercial,
        personal, or research use only. All other use, including but not limited to commercial or
        scholarly reproductions, redistribution, publication or transmission, whether by electronic
        means or otherwise, without prior written permission of the copyright holder is strictly
        prohibited.</p></availability></publicationStmt><seriesStmt TEIform="seriesStmt"><title TEIform="title">Indiana Magazine of History</title></seriesStmt><sourceDesc default="NO" TEIform="sourceDesc"><biblStruct default="NO" TEIform="biblStruct"><analytic TEIform="analytic"><title TEIform="title">Indiana Geographical Nomenclature</title><author TEIform="author">Henry Gannett</author></analytic><monogr TEIform="monogr"><title TEIform="title">Indiana Magazine of History</title><imprint TEIform="imprint"><pubPlace TEIform="pubPlace">Indianapolis, IN</pubPlace><publisher TEIform="publisher">Published Under the Direction of The Indiana Historical
                                Society</publisher><date TEIform="date">1912</date><biblScope type="issue" TEIform="biblScope">2</biblScope><biblScope type="volume" TEIform="biblScope">8</biblScope><biblScope type="pages" TEIform="biblScope">70-83</biblScope></imprint></monogr></biblStruct></sourceDesc></fileDesc><revisionDesc TEIform="revisionDesc"><change TEIform="change"><date TEIform="date">2007-06-25</date><respStmt TEIform="respStmt"><name TEIform="name">Annette D. Richmond</name></respStmt><item TEIform="item">Changed publication place and publisher</item></change></revisionDesc></teiHeader><text><body><pb n="[70]" id="VAA4025-008-2-020" TEIform="pb"/><div type="scholarlyArticle" id="VAA4025-008-2-a03" org="uniform" sample="complete" part="N" TEIform="div"><head TEIform="head">INDIANA GEOGRAPHICAL NOMENCLATURE.</head><p TEIform="p">SOME years ago Henry Gannett, geographer of the <placeName TEIform="placeName">
                        <country reg="-us" TEIform="country">United States</country>
                    </placeName> Geological Survey, prepared a list of places in the <placeName TEIform="placeName">
                        <country reg="-us" TEIform="country">United States</country>
                    </placeName>, giving the origin of their names, and from this work an anonymous newspaper
                    correspondent compiled the following list of Indiana places, which we copy verbatim:</p><p TEIform="p">Adams: County, named after President John Quincy Adams.</p><p TEIform="p">Alfordsville: Named for James Alford, who built the first house.</p><p TEIform="p">Allen: County, named for Colonel William Allen, of <placeName TEIform="placeName">
                        <region type="state" reg="kyu" TEIform="region">Kentucky</region>
                    </placeName>.</p><p TEIform="p">Amo: <placeName TEIform="placeName">
                        <region type="county" TEIform="region">Hendricks county</region>
                    </placeName>, Indian word meaning bee.</p><p TEIform="p">Anderson: <placeName TEIform="placeName">
                        <region type="county" TEIform="region">Madison county</region>
                    </placeName>, English name of a <placeName TEIform="placeName">
                        <region type="state" reg="deu" TEIform="region">Delaware</region>
                    </placeName> chief.</p><p TEIform="p">Anoka: <placeName TEIform="placeName">
                        <region type="county" TEIform="region">Cass county</region>
                    </placeName>, Indian word meaning "on both sides."</p><p TEIform="p">Argos: <placeName TEIform="placeName">
                        <region type="county" TEIform="region">Marshall county</region>
                    </placeName>, named from the town in <placeName TEIform="placeName">
                        <country reg="gr" TEIform="country">Greece</country>
                    </placeName>.</p><p TEIform="p">Arnolds: Creek in <placeName TEIform="placeName">
                        <region type="state" reg="ohu" TEIform="region">Ohio</region>
                    </placeName> county, named from Colonel Arnold, of the revolutionary war.</p><p TEIform="p">Azalea: <placeName TEIform="placeName">
                        <region type="county" TEIform="region">Bartholomew county</region>
                    </placeName>, named for the flower.</p><p TEIform="p">Eanner: <placeName TEIform="placeName">
                        <region type="county" TEIform="region">Wells county</region>
                    </placeName>, named for a newspaper, the Bluffton Banner.</p><p TEIform="p">
               <placeName TEIform="placeName">
                        <region type="county" TEIform="region">Bartholomew</region>
                    </placeName>: County, named for General Joseph Bartholomew, <placeName TEIform="placeName">
                        <country reg="-us" TEIform="country">United States</country>
                    </placeName> Senator.</p><p TEIform="p">Battleground: <placeName TEIform="placeName">
                        <region type="county" TEIform="region">Tippecanoe county</region>
                    </placeName>, named in commemoration of the battle of <placeName TEIform="placeName">
                        <region type="county" TEIform="region">Tippecanoe</region>
                    </placeName>.</p><p TEIform="p">Roonville: <placeName TEIform="placeName">
                        <region type="county" TEIform="region">Warrick county</region>
                    </placeName>, disputed; claimed in honor of Daniel Boone, others say named for Ratliffe Boone,
                    second Governor of the State, who laid it out.</p><p TEIform="p">Buck creek: <placeName TEIform="placeName">
                        <region type="county" TEIform="region">Greene county</region>
                    </placeName>, so named because a buck appeared each returning season on the banks of a nearby creek.</p><p TEIform="p">Calumet: River, Canadian corruption of the French, chalemel, literally meaning "little
                    reed," but which in its corrupted form refers to the pipe of peace used by the Indians to
                    ratify treaties; some authorities derive the word from calamo, honey-wood.</p><p TEIform="p">Cass: County, named for General Lewis Cass, Governor of <placeName TEIform="placeName">
                        <region type="state" reg="miu" TEIform="region">Michigan</region>
                    </placeName> in 1820.</p><pb n="71" id="VAA4025-008-2-021" TEIform="pb"/><p TEIform="p">Clark: County, named for General George Rogers Clark, who captured <placeName TEIform="placeName">
                        <settlement type="city" TEIform="settlement">Vincennes</settlement>
                    </placeName>.</p><p TEIform="p">Clarksville: <placeName TEIform="placeName">
                        <region type="county" TEIform="region">Hamilton county</region>
                    </placeName>, same.</p><p TEIform="p">Clinton: County, named for DeWitt Clinton, Governor of <placeName TEIform="placeName">
                        <region type="state" reg="nyu" TEIform="region">New York</region>
                    </placeName> and projector of the Erie canal.</p><p TEIform="p">Crawford: County, named for Colonel William Crawford, who was captured by Indians and burned at the
                    stake at <placeName TEIform="placeName">
                        <settlement type="city" TEIform="settlement">Sandusky</settlement>
                    </placeName>, <placeName TEIform="placeName">
                        <region type="state" reg="ohu" TEIform="region">Ohio</region>
                    </placeName>, in 1782.</p><p TEIform="p">
               <placeName TEIform="placeName">
                        <settlement type="city" TEIform="settlement">Crawfordsville</settlement>
                    </placeName>: Named for William H. Crawford, Secretary of the Treasury under President Monroe.</p><p TEIform="p">
               <placeName TEIform="placeName">
                        <region type="county" TEIform="region">Daviess</region>
                    </placeName>: County, named for Colonel Joseph Daviess, who fell at the battle of <placeName TEIform="placeName">
                        <region type="county" TEIform="region">Tippecanoe</region>
                    </placeName>.</p><p TEIform="p">
               <placeName TEIform="placeName">
                        <region type="county" TEIform="region">Dearborn</region>
                    </placeName>: County, and town in <placeName TEIform="placeName">
                        <region type="county" TEIform="region">Wayne county</region>
                    </placeName>, named for General Henry Dearborn, Secretary of War under President Thomas Jefferson.</p><p TEIform="p">
               <placeName TEIform="placeName">
                        <region type="county" TEIform="region">Decatur</region>
                    </placeName>: County, named for Commodore Stephen Decatur.</p><p TEIform="p">Dekalb: County, named for Baron Dekalb, who fell at the battle of Camden.</p><p TEIform="p">
               <placeName TEIform="placeName">
                        <region type="state" reg="deu" TEIform="region">Delaware</region>
                    </placeName>: County, so given because this tribe had villages within the boundaries of the county.</p><p TEIform="p">Delphi: Named for the ancient town in <placeName TEIform="placeName">
                        <settlement type="city" TEIform="settlement">Phocis</settlement>
                    </placeName>.</p><p TEIform="p">Dismaugh: Lake in <placeName TEIform="placeName">
                        <region type="county" TEIform="region">Laporte county</region>
                    </placeName>, from an Indian word meaning "Lake of the Monks."</p><p TEIform="p">Dubois: County, named for Toussaint Dubois, who had charge of the guides and spies in the <placeName TEIform="placeName">
                        <region type="county" TEIform="region">Tippecanoe</region>
                    </placeName> campaign.</p><p TEIform="p">Eel river: Called by the Indians Shoamaque, "slippery fish." The Indiana State
                    Historical Geology, 1882, gives the Indian name as Ke-wa-be-gwinn-maig, meaning
                    "snake-fish-river."</p><p TEIform="p">
               <placeName TEIform="placeName">
                        <settlement type="city" TEIform="settlement">Evansville</settlement>
                    </placeName>: Named for General Robert Evans, who laid it out.</p><p TEIform="p">
               <placeName TEIform="placeName">
                        <region type="county" TEIform="region">Fayette</region>
                    </placeName>: County, named for the Marquis de La Fayette.</p><p TEIform="p">
               <placeName TEIform="placeName">
                        <region type="county" TEIform="region">Fort Wayne</region>
                    </placeName>: Named from a fort built by Lieutenant-Colonel Hamtramck, in 1794; named for General
                    Anthony Wayne.</p><p TEIform="p">
               <placeName TEIform="placeName">
                        <region type="county" TEIform="region">Fountain</region>
                    </placeName>: County, named for Major Fountain, of <placeName TEIform="placeName">
                        <region type="state" reg="kyu" TEIform="region">Kentucky</region>
                    </placeName>, killed at the battle of Maumee, in 1790.</p><p TEIform="p">
               <placeName TEIform="placeName">
                        <region type="county" TEIform="region">Fulton</region>
                    </placeName>: County, named for Robert Fulton.</p><p TEIform="p">Garrett: <placeName TEIform="placeName">
                        <region type="county" TEIform="region">Dekalb county</region>
                    </placeName>, named for John W. Garrett, president of the <placeName TEIform="placeName">
                        <settlement type="city" TEIform="settlement">Baltimore</settlement>
                    </placeName> &amp; <placeName TEIform="placeName">
                        <region type="state" reg="ohu" TEIform="region">Ohio</region>
                    </placeName> railroad.</p><pb n="72" id="VAA4025-008-2-022" TEIform="pb"/><p TEIform="p">Gibson: County, named for John Gibson, secretary and acting Governor of Indiana Territory in
                    1811–13.</p><p TEIform="p">
               <placeName TEIform="placeName">
                        <settlement type="city" TEIform="settlement">Goshen</settlement>
                    </placeName>: Named from the land of <placeName TEIform="placeName">
                        <settlement type="city" TEIform="settlement">Goshen</settlement>
                    </placeName>. The name is found in many parts of the country, applied as a synonym for fruitfulness
                    and fertility.</p><p TEIform="p">
               <placeName TEIform="placeName">
                        <region type="county" TEIform="region">Greene</region>
                    </placeName>: County, named for General Nathaniel Greene, a Revolutionary soldier.</p><p TEIform="p">
               <placeName TEIform="placeName">
                        <settlement type="city" TEIform="settlement">Hamilton</settlement>
                    </placeName>: County, named for Alexander Hamilton.</p><p TEIform="p">
               <placeName TEIform="placeName">
                        <settlement type="city" TEIform="settlement">Hammond</settlement>
                    </placeName>: Named for Abram Hammond, twelfth Governor, 1860–61.</p><p TEIform="p">
               <placeName TEIform="placeName">
                        <settlement type="city" TEIform="settlement">Hancock</settlement>
                    </placeName>: County, named for John Hancock, signer of Declaration of Independence.</p><p TEIform="p">Hendricks: County, named for William Hendricks, one of the early Governors.</p><p TEIform="p">Henry: County, named for Patrick Henry.</p><p TEIform="p">Hope: <placeName TEIform="placeName">
                        <region type="county" TEIform="region">Bartholomew county</region>
                    </placeName>, so named by its Moravian settlers as a monument to the sentiment which caused them to
                    emigrate there.</p><p TEIform="p">
               <placeName TEIform="placeName">
                        <settlement type="city" TEIform="settlement">Huntington</settlement>
                    </placeName>: County, named for Samuel Huntington, of <placeName TEIform="placeName">
                        <region type="state" reg="ctu" TEIform="region">Connecticut</region>
                    </placeName>, one of the signers of the Declaration of Independence.</p><p TEIform="p">Indiana: State, so named because a company of traders bought this tract of land lying along the <placeName TEIform="placeName">
                        <region type="state" reg="ohu" TEIform="region">Ohio</region>
                    </placeName> from the Indians.</p><p TEIform="p">Iroquois: River, an Indian word meaning "heart people," or "people of
                    God," or from the Indian "hiro," "I have said," and
                    "koue," a vocable which expressed joy or sorrow, according to the rapidity with
                    which it was pronounced; also the name of a tribe.</p><p TEIform="p">Jackson: County, named for General Andrew Jackson.</p><p TEIform="p">
               <placeName TEIform="placeName">
                        <region type="county" TEIform="region">Jasper</region>
                    </placeName>: County, named for Sergeant Jasper, of Fort Moultrie. (S. C.) fame, who was killed in
                    the siege of Savannah.</p><p TEIform="p">Jay: County, named for the Honorable John Jay, early Governor of <placeName TEIform="placeName">
                        <region type="state" reg="nyu" TEIform="region">New York</region>
                    </placeName>.</p><p TEIform="p">Jennings: County, named for Jonathan Jennings, first Governor of the State.</p><p TEIform="p">Johnson: County, named for John Johnson, judge of the Supreme Court of the State.</p><pb n="73" id="VAA4025-008-2-023" TEIform="pb"/><p TEIform="p">
               <placeName TEIform="placeName">
                        <region type="county" TEIform="region">Knox</region>
                    </placeName>: County, named for General Henry Knox, Secretary of War during the administration of <placeName TEIform="placeName">
                        <settlement type="city" TEIform="settlement">Washington</settlement>
                    </placeName>.</p><p TEIform="p">
               <placeName TEIform="placeName">
                        <settlement type="city" TEIform="settlement">Kokomo</settlement>
                    </placeName>: Indian word meaning "young grandmother."</p><p TEIform="p">
               <placeName TEIform="placeName">
                        <region type="county" TEIform="region">Kosciusko</region>
                    </placeName>: Named for the Polish patriot, Tadeusz Kosciusko.</p><p TEIform="p">
               <placeName TEIform="placeName">
                        <region type="county" TEIform="region">Lagrange</region>
                    </placeName>: County, named for the home of La Fayette, near <placeName TEIform="placeName">
                        <settlement type="city" TEIform="settlement">Paris</settlement>
                    </placeName>.</p><p TEIform="p">Laporte: County, a French word meaning door or opening between two stretches of forest connecting two
                    prairies.</p><p TEIform="p">Laughery: River, so named for the massacre of Captain Laughery's company by the Indians.</p><p TEIform="p">
               <placeName TEIform="placeName">
                        <settlement type="city" TEIform="settlement">Lawrenceburg</settlement>
                    </placeName>: Named for the wife of Captain Vance, whose maiden name was Lawrence.</p><p TEIform="p">Leopold: Town, named for Leopold, King of the Belgians.</p><p TEIform="p">
               <placeName TEIform="placeName">
                        <settlement type="city" TEIform="settlement">Ligonier</settlement>
                    </placeName>: Named for Sir John Ligonier, lord viscount of Enniskillen.</p><p TEIform="p">
               <placeName TEIform="placeName">
                        <settlement type="city" TEIform="settlement">Logansport</settlement>
                    </placeName>: Named for Captain Logan, Indian chief, nephew of Tecumseh.</p><p TEIform="p">
               <placeName TEIform="placeName">
                        <settlement type="city" TEIform="settlement">Madison</settlement>
                    </placeName>: County, named for President James Madison.</p><p TEIform="p">
               <placeName TEIform="placeName">
                        <region type="county" TEIform="region">Marion</region>
                    </placeName>: County, named for General Francis Marion.</p><p TEIform="p">Marshall: County, named for Chief Justice John Marshall.</p><p TEIform="p">Martin: County, named for Colonel John P. Martin.</p><p TEIform="p">Martinsville: Named for the oldest of the locating commissioners, John Martin.</p><p TEIform="p">Merom: Named for the waters of Merom, in <placeName TEIform="placeName">
                        <settlement type="city" TEIform="settlement">Palestine</settlement>
                    </placeName>.</p><p TEIform="p">Metea: <placeName TEIform="placeName">
                        <region type="county" TEIform="region">Cass county</region>
                    </placeName>, named for Pottawattomi chief, or possibly from meda, or meta, which means a prophet or
                    priest.</p><p TEIform="p">Miami: County, the French orthography for the Indian word Maumee, meaning mother; or, according to
                    another authority, pigeon.</p><p TEIform="p">
               <placeName TEIform="placeName">
                        <settlement type="city" TEIform="settlement">Mishawaka</settlement>
                    </placeName>: Probably named for the Indian chief Mishiniwaka.</p><p TEIform="p">Mississinewa: River, Indian word for "river of great stones."</p><p TEIform="p">Modoc: An Indian word, meaning "the head of the river."</p><p TEIform="p">
               <placeName TEIform="placeName">
                        <region type="county" TEIform="region">Montgomery</region>
                    </placeName>: County, named for General Richard Montgomery, who was killed in the assault on Quebec.</p><p TEIform="p">
               <placeName TEIform="placeName">
                        <settlement type="city" TEIform="settlement">Monticello</settlement>
                    </placeName>: Named for the home of Thomas Jefferson, in <placeName TEIform="placeName">
                        <region type="state" reg="vau" TEIform="region">Virginia</region>
                    </placeName>.</p><pb n="74" id="VAA4025-008-2-024" TEIform="pb"/><p TEIform="p">
               <placeName TEIform="placeName">
                        <settlement type="city" TEIform="settlement">Muncie</settlement>
                    </placeName>: Named from the Indian tribe, the word meaning "death," given to them
                    on account of an epidemic of smallpox, which nearly exterminated the tribe.</p><p TEIform="p">Muscatatuck: River, meaning "pond river," and so named because of the many stagnant
                    ponds upon its banks.</p><p TEIform="p">
               <placeName TEIform="placeName">
                        <settlement type="city" TEIform="settlement">New Harmony</settlement>
                    </placeName>: <placeName TEIform="placeName">
                        <region type="county" TEIform="region">Posey county</region>
                    </placeName>, settled by the Harmonists, and named for their sect.</p><p TEIform="p">Newton: County, named for Sergeant John Newton, a Revolutionary officer.</p><p TEIform="p">Noble: County, named for Noah Noble, an early Governor.</p><p TEIform="p">
               <placeName TEIform="placeName">
                        <region type="state" reg="ohu" TEIform="region">Ohio</region>
                    </placeName>: Rher, Indian word, meaning "the beautiful river."</p><p TEIform="p">
               <placeName TEIform="placeName">
                        <region type="county" TEIform="region">Orange</region>
                    </placeName>: County, named for the county in <placeName TEIform="placeName">
                        <region type="state" reg="ncu" TEIform="region">North Carolina</region>
                    </placeName>, home of its settlers.</p><p TEIform="p">Owen: County, named for Colonel Abraham Owen, of <placeName TEIform="placeName">
                        <region type="state" reg="kyu" TEIform="region">Kentucky</region>
                    </placeName>, killed at <placeName TEIform="placeName">
                        <region type="county" TEIform="region">Tippecanoe</region>
                    </placeName>.</p><p TEIform="p">Perry: County, named for Commodore Oliver Hazard Perry.</p><p TEIform="p">Posey: County, named for General Thomas Posey, an early Governor of the State.</p><p TEIform="p">
               <placeName TEIform="placeName">
                        <settlement type="city" TEIform="settlement">Pulaski</settlement>
                    </placeName>: County, named for the Polish patriot, Count Casimir Pulaski.</p><p TEIform="p">
               <placeName TEIform="placeName">
                        <settlement type="city" TEIform="settlement">Randolph</settlement>
                    </placeName>: County, named for Thomas Randolph, killed at <placeName TEIform="placeName">
                        <region type="county" TEIform="region">Tippecanoe</region>
                    </placeName>.</p><p TEIform="p">Redwood: River, derived from the Indian word "musqua," "me,"
                    "tig," meaning redwood, tree, river.</p><p TEIform="p">
               <placeName TEIform="placeName">
                        <settlement type="city" TEIform="settlement">Ripley</settlement>
                    </placeName>: County, named for General Eleazar W. Ripley.</p><p TEIform="p">Rising Sun: Named by its founder, John James, when viewing the sunrise from that location.</p><p TEIform="p">
               <placeName TEIform="placeName">
                        <settlement type="city" TEIform="settlement">Roanoke</settlement>
                    </placeName>: An Indian word, designating a species of shell, which they used for money.</p><p TEIform="p">Rushville: Named for Dr. Benjamin Rush, of <placeName TEIform="placeName">
                        <settlement type="city" TEIform="settlement">Philadelphia</settlement>
                    </placeName>.</p><p TEIform="p">
               <placeName TEIform="placeName">
                        <region type="county" TEIform="region">St. Joseph</region>
                    </placeName>: River, named for the husband of the Virgin Mary, by its early Catholic explorers.</p><p TEIform="p">Scott: County, named for Governor Charles Scott, of Ken tucky.</p><p TEIform="p">
               <placeName TEIform="placeName">
                        <region type="county" TEIform="region">Shelby</region>
                    </placeName>: Named for General Isaac Shelby, former Governor of <placeName TEIform="placeName">
                        <region type="state" reg="kyu" TEIform="region">Kentucky</region>
                    </placeName>.</p><pb n="75" id="VAA4025-008-2-025" TEIform="pb"/><p TEIform="p">
               <placeName TEIform="placeName">
                        <settlement type="city" TEIform="settlement">Spencer</settlement>
                    </placeName>: County, named for Captain Spier Spencer, killed at <placeName TEIform="placeName">
                        <region type="county" TEIform="region">Tippecanoe</region>
                    </placeName>.</p><p TEIform="p">
               <placeName TEIform="placeName">
                        <settlement type="city" TEIform="settlement">Steuben</settlement>
                    </placeName>: County, named for Baron von <placeName TEIform="placeName">
                        <settlement type="city" TEIform="settlement">Steuben</settlement>
                    </placeName>, the Prussian soldier, who fought in the Revolution.</p><p TEIform="p">Sullivan: County, named for Daniel Sullivan, killed by the Indians when bearing messages from Captain
                    Clark, after the capture of <placeName TEIform="placeName">
                        <settlement type="city" TEIform="settlement">Vincennes</settlement>
                    </placeName>.</p><p TEIform="p">Tell City: Named by its Swiss colonists for William Tell.</p><p TEIform="p">
               <placeName TEIform="placeName">
                        <settlement type="city" TEIform="settlement">Terre Haute</settlement>
                    </placeName>: French word meaning high land.</p><p TEIform="p">
               <placeName TEIform="placeName">
                        <region type="county" TEIform="region">Tippecanoe</region>
                    </placeName>: River and county, an Indian word given the various meanings of "At the great
                    clearing," "The long-lipped pike," and "buffalo fish."</p><p TEIform="p">Vanderburg: Named for Henry Vanderburg, judge of the first court formed in the State.</p><p TEIform="p">Vermilion: County, named from the river in <placeName TEIform="placeName">
                        <settlement type="city" TEIform="settlement">South Dakota</settlement>
                    </placeName>; said to have been so named because of the red earth produced by the burning of the
                    shale overlying the outcrop of coal, by ignition from autumnal fires.</p><p TEIform="p">
               <placeName TEIform="placeName">
                        <settlement type="city" TEIform="settlement">Vera Cruz</settlement>
                    </placeName>: Named for the old town in <placeName TEIform="placeName">
                        <settlement type="city" TEIform="settlement">Mexico</settlement>
                    </placeName>.</p><p TEIform="p">Vigo: County, named for Colonel Francis Vigo.</p><p TEIform="p">
               <placeName TEIform="placeName">
                        <settlement type="city" TEIform="settlement">Vincennes</settlement>
                    </placeName>: Named from the fort built by the Sieur de <placeName TEIform="placeName">
                        <settlement type="city" TEIform="settlement">Vincennes</settlement>
                    </placeName>.</p><p TEIform="p">
               <placeName TEIform="placeName">
                        <region type="county" TEIform="region">Wabash</region>
                    </placeName>: County, river and town, from the Indian word "Ouabache," meaning
                    cloud borne by an equinoctial wind; or according to another authority, "white
                    water."</p><p TEIform="p">
               <placeName TEIform="placeName">
                        <settlement type="city" TEIform="settlement">Wakarusa</settlement>
                    </placeName>: Town, named from a stream, the Indian word meaning "thigh deep."</p><p TEIform="p">Wanatah: Named for an Indian chief, whose name signified "He that charges on his
                    enemies."</p><p TEIform="p">
               <placeName TEIform="placeName">
                        <region type="county" TEIform="region">Warren</region>
                    </placeName>: County, named for General rancis <placeName TEIform="placeName">
                        <region type="county" TEIform="region">Warren</region>
                    </placeName>.</p><p TEIform="p">
               <placeName TEIform="placeName">
                        <region type="county" TEIform="region">Warrick</region>
                    </placeName>: County, named for Captain Jacob Warrick, killed in the battle of <placeName TEIform="placeName">
                        <region type="county" TEIform="region">Tippecanoe</region>
                    </placeName>.</p><p TEIform="p">White river: Translation of the name originally given by the French, "Riviere le
                    Blanche."</p><p TEIform="p">Winaniac: Indian word meaning captive.</p><p TEIform="p">Yaiikeetown: This word Yankee, with various suffixes, forms the name of many places in the <placeName TEIform="placeName">
                        <country reg="-us" TEIform="country">United States</country>
                    </placeName>. The name is said <pb n="76" id="VAA4025-008-2-026" TEIform="pb"/> to be the Indian pronunciation of
                    the word "English," and bestowed upon the inhabitants of <placeName TEIform="placeName">
                        <country TEIform="country">New England</country>
                    </placeName> by the people of <placeName TEIform="placeName">
                        <region type="state" reg="vau" TEIform="region">Virginia</region>
                    </placeName> when they refused to aid them in the war with the Cherokees; it meaning to them
                    "cowardice." After the battle of <geogName TEIform="geogName">Bunker Hill</geogName>, the people of <placeName TEIform="placeName">
                        <country TEIform="country">New England</country>
                    </placeName> having established a reputation for bravery, accepted the name and gloried in it.</p><p TEIform="p">An analysis of this list, supplemented by other names not included in it, will reveal that our county
                    names in particular reflect that American sense of patriotism that in an earlier day delighted to
                    honor the men who had served the nation and the State, especially in a military capacity. Of the
                    ninety-two counties in the State, seventy-eight are named for such men. Some of these had little
                    more than a local fame, but were none the less grounded in the patriotic esteem. Six of
                            them—<placeName TEIform="placeName">
                  <settlement type="city" TEIform="settlement">Madison</settlement>, <region type="county" TEIform="region">Monroe</region>, <settlement type="city" TEIform="settlement">Washington</settlement>
               </placeName>,
                    Jefferson, Jackson, Harrison and Adams, were named for Presidents of the <placeName TEIform="placeName">
                        <country reg="-us" TEIform="country">United States</country>
                    </placeName>. Six—<placeName TEIform="placeName">
                        <settlement type="city" TEIform="settlement">Huntington</settlement>
                    </placeName>, <placeName TEIform="placeName">
                        <settlement type="city" TEIform="settlement">Carroll</settlement>
                    </placeName>, <placeName TEIform="placeName">
                  <settlement type="city" TEIform="settlement">Franklin</settlement>, <settlement type="city" TEIform="settlement">Hamilton</settlement>, <settlement type="city" TEIform="settlement">Hancock</settlement>
               </placeName> and
                    Jay—were named for signers of the Declaration of Independence, and sixteen for soldiers
                    of national fame. Civilians of nation-wide fame thus honored were DeWitt Clinton, Thomas H. Benton,
                    Henry Clay, Robert Fulton, Chief Justice Marshall and Patrick Henry.</p><p TEIform="p">Howard county perpetuates the memory of Tilghman A. Howard. <placeName TEIform="placeName">
                        <region type="county" TEIform="region">Grant county</region>
                    </placeName> was named for two Grant brothers, Samuel and Moses, early settlers in this region.
                    Parke, for Benjamin Parke, one of the earliest of the educators in the State. He founded the State
                    law library, was the first president of the Indiana Historical Society and cooperated in the
                    founding of the <placeName TEIform="placeName">
                        <settlement type="city" TEIform="settlement">Vincennes</settlement>
                    </placeName> library and university. <placeName TEIform="placeName">
                        <region type="county" TEIform="region">Vigo county</region>
                    </placeName> was named for Colonel Francis Vigo, a Sardinian, whose services were invaluable to
                    General Clark in the capture of <placeName TEIform="placeName">
                        <settlement type="city" TEIform="settlement">Vincennes</settlement>
                    </placeName>. The bell now hanging in the courthouse at <placeName TEIform="placeName">
                        <settlement type="city" TEIform="settlement">Terre Haute</settlement>
                    </placeName> was bought by the $500 set apart in his will to show his appreciation of the
                    people giving his name to the county. <placeName TEIform="placeName">
                        <region type="county" TEIform="region">Brown county</region>
                    </placeName> was named for General Jacob Brown, a soldier of 1812, and <placeName TEIform="placeName">
                        <region type="county" TEIform="region">Blackford</region>
                    </placeName> for Judge Isaac Blackford, one of our most notable jurists.</p><p TEIform="p">To quote from another newspaper writer: Many towiis in Indiana <pb n="77" id="VAA4025-008-2-027" TEIform="pb"/>
                    have peculiar names, but the origin of the names is often much more so. <placeName TEIform="placeName">
                        <region type="county" TEIform="region">Clay county</region>
                    </placeName> has her share of such towns. For instance, Bowling Green, the former and original
                    county-seat of this county, was so named from the fancied resemblance of the plat of greensward
                    selected for the court-house square to the lawn in the city of <placeName TEIform="placeName">
                        <region type="state" reg="nyu" TEIform="region">New York</region>
                    </placeName> dedicated to the game of bowling and known as the "bowling green,"
                    where, in colonial days stood the leaden statue of King George, which was demolished by the patriots
                    in revolutionary times and molded into bullets.</p><p TEIform="p">Benwood, a town in the north part of the county, derived its name from the same source as did the
                    first station on the Vandalia railroad out of <placeName TEIform="placeName">
                        <settlement type="city" TEIform="settlement">Indianapolis</settlement>
                    </placeName> west. A familiar character along the line of this road, during the time that wood was
                    used for fuel, was Ben Davis, the agent of the railroad company, who measured and received the
                    cordwood stacked by the side of the track. In the naming of Benwood, it is readily perceived that
                    the first name of the agent and "wood" are combined.</p><p TEIform="p">Carbon, the principal town on the Big Four, between Green-castle and <placeName TEIform="placeName">
                        <settlement type="city" TEIform="settlement">Terre Haute</settlement>
                    </placeName>, was so named by its projector for the reason that it owes its existence to the
                    deposits of coal developed there.</p><p TEIform="p">Cardonia was projected, platted and improved by the <placeName TEIform="placeName">
                        <region type="county" TEIform="region">Clay</region>
                    </placeName> Coal Company, of which John F. Card was president, which affords the reason for its
                    having been so named.</p><p TEIform="p">Cory, on the E. &amp; I. railroad, was named in honor of Simon Cory, a pioneer merchant and
                    well-known hardware dealer at <placeName TEIform="placeName">
                        <settlement type="city" TEIform="settlement">Terre Haute</settlement>
                    </placeName>, who was interested in the building of the road.</p><p TEIform="p">Coffee, a postoffice down on the old <placeName TEIform="placeName">
                        <settlement type="city" TEIform="settlement">Louisville</settlement>
                    </placeName> road, had a narrow escape from being christened "Molasses" or
                    "Pepper." This office was established something over seventy years ago, at a
                    little country store, where A. J. Barber, for forty years a conspicuous character in <placeName TEIform="placeName">
                        <region type="county" TEIform="region">this county</region>
                    </placeName>, was employed as clerk. The petition for the postoffice having been granted, a party of
                    citizens and patrons assembled at the store to agree on and recommend a name for it. Failing to
                    agree, they appealed to Barber, who was just then engaged in making an inventory of goods. Casting
                    his eye back on his inventory, he said, "Oh, call it coffee," which <pb n="78" id="VAA4025-008-2-028" TEIform="pb"/> was the second last item enumerated—and so they named it by
                    common consent. The item on the bill immediately preceding was molasses, and pepper was that which
                    followed.</p><p TEIform="p">Saline, a station on the E. &amp; I. railroad, twenty miles southeast of <placeName TEIform="placeName">
                        <settlement type="city" TEIform="settlement">Terre Haute</settlement>
                    </placeName>, on being called out by trainmen, has provoked the inquiry of many passengers over the
                    road as to whether there are any salt-works in the immediate vicinity of the place—a
                    natural inference from the name—and when answered negatively, are at a loss to know why
                    the town was so called. But the pioneer who laid out the place, who knew the site and its
                    surroundings for many years before the town or railroad was thought of, gave it this name from the
                    fact that a quarter of a mile from the site of the railroad station was the strongest and most
                    frequented "salt lick" in this or adjoining counties, the deer actually
                    undermining and felling a large oak tree by their persistent and continuous licking of the
                    saliferous soil underneath.</p><p TEIform="p">Martz postoffice, at the town of <placeName TEIform="placeName">
                        <settlement type="city" TEIform="settlement">Middlebury</settlement>
                    </placeName>, established by the aid of C. M. Thompson, then postmaster at <placeName TEIform="placeName">
                        <settlement type="city" TEIform="settlement">Bowling Green</settlement>
                    </placeName>. under the Pierce administration, was named in remembrance of Mr. Thompson, whose
                    middle name is Martz. Middlebury, the name of the town proper, was conferred by Elias Cooprider, who
                    selected the name from the old elementary spelling book.</p><p TEIform="p">
               <placeName TEIform="placeName">
                        <settlement type="city" TEIform="settlement">Clay City</settlement>
                    </placeName> was originally platted in 1873 as Markland, in honor of an Indiana regimental officer
                    in the civil war, who then held a responsible position in the postal service. When the application
                    was made for a postoffice, as another had been granted and called Markland during the interval, it
                    was necessary to choose another name. Morton C. Hunter, of <placeName TEIform="placeName">
                        <settlement type="city" TEIform="settlement">Bloomington</settlement>
                    </placeName>. then represented this district in Congress, and his brother was the railroad agent
                    here. Taking advantage of the opportunity, and without the knowledge of the patrons of the
                    prospective office, a commission was sent to Mrs. Hunter, wife of the agent, who took charge of the
                    office, the same being christened Huntersville.</p><p TEIform="p">As Morton C. Hunter was unpopular with his constituency here, his action met with almost universal
                    disapproval, resulting in the calling of an indignation meeting, which resolved to put forth a
                    united effort to undo what had been done. To this end <pb n="79" id="VAA4025-008-2-029" TEIform="pb"/> a
                    committee was chosen to propose and report a name appropriate in common for both the town and
                    office. This committee recommended "<placeName TEIform="placeName">
                        <settlement type="city" TEIform="settlement">Clay City</settlement>
                    </placeName>," which was unanimously adopted, the change effected and the name of the town
                    subsequently made to conform to that of the office.</p><p TEIform="p">
               <placeName TEIform="placeName">
                        <country reg="bl" TEIform="country">Brazil</country>
                    </placeName>, the name of the present county-seat and the largest city in <placeName TEIform="placeName">
                        <region type="county" TEIform="region">the county</region>
                    </placeName>, is invested with a great deal of dubiousness as to source of origin. At the time it
                    was launched by the "proprietor" of the town, Owen Thorp, it was the only one
                    bearing this name in the country. The accepted story is that Thorp was governed in the selection of
                    a name by the frequent occurrence of "<placeName TEIform="placeName">
                        <country reg="bl" TEIform="country">Brazil</country>
                    </placeName>" in an Eastern paper, which he received daily by stage, as an insurrection
                    prevailed at that time in <placeName TEIform="placeName">
                        <country reg="bl" TEIform="country">Brazil</country>
                    </placeName>, South America.</p><p TEIform="p">There is in Indiana quite a sprinkling of names that are reminiscent of literature and the classics.
                    Indiana-polis itself has its Greek terminal, and less mixed examples are <placeName TEIform="placeName">
                        <settlement type="city" TEIform="settlement">Albion</settlement>
                    </placeName>, <placeName TEIform="placeName">
                        <settlement type="city" TEIform="settlement">Arcadia</settlement>
                    </placeName>, <placeName TEIform="placeName">
                        <settlement type="city" TEIform="settlement">Argos</settlement>
                    </placeName>, <placeName TEIform="placeName">
                        <settlement type="city" TEIform="settlement">Attica</settlement>
                    </placeName>, <placeName TEIform="placeName">
                  <settlement type="city" TEIform="settlement">Auburn</settlement>, <settlement type="city" TEIform="settlement">Aurora</settlement>
               </placeName>, <placeName TEIform="placeName">
                        <settlement type="city" TEIform="settlement">Avilla</settlement>
                    </placeName>, <placeName TEIform="placeName">
                        <settlement type="city" TEIform="settlement">Carthage</settlement>
                    </placeName>, <placeName TEIform="placeName">
                        <settlement type="city" TEIform="settlement">Cicero</settlement>
                    </placeName>, <placeName TEIform="placeName">
                        <settlement type="city" TEIform="settlement">Delphi</settlement>
                    </placeName>, <placeName TEIform="placeName">
                  <settlement type="city" TEIform="settlement">Milton</settlement>, <settlement type="city" TEIform="settlement">Odon</settlement>
               </placeName>, <placeName TEIform="placeName">
                        <settlement type="city" TEIform="settlement">Orestes</settlement>
                    </placeName>, <placeName TEIform="placeName">
                        <settlement type="city" TEIform="settlement">Ossian</settlement>
                    </placeName>, <placeName TEIform="placeName">
                        <settlement type="city" TEIform="settlement">Oxford</settlement>
                    </placeName> and others.</p><p TEIform="p">Curiously enough foreign personages and events nowise connected with our history crop out in our
                    nomenclature. Paoli and <placeName TEIform="placeName">
                        <region type="county" TEIform="region">Kosciusko</region>
                    </placeName> were respectively Italian and Polish patriots. <placeName TEIform="placeName">
                        <settlement type="city" TEIform="settlement">Secola</settlement>
                    </placeName>, <placeName TEIform="placeName">
                        <settlement type="city" TEIform="settlement">Marengo</settlement>
                    </placeName>, <placeName TEIform="placeName">
                        <settlement type="city" TEIform="settlement">Vistula</settlement>
                    </placeName>, <placeName TEIform="placeName">
                        <settlement type="city" TEIform="settlement">Warsaw</settlement>
                    </placeName> and <placeName TEIform="placeName">
                        <settlement type="city" TEIform="settlement">Trafalgar</settlement>
                    </placeName>, all names of towns, are echoes of the wars of other lands. Stobo, a handful of houses
                    in <placeName TEIform="placeName">
                        <region type="county" TEIform="region">Monroe county</region>
                    </placeName>, is named for Robert Stobo, an adventurous and now forgotten Scotchman, who figured in
                    the French and Indian war under the flag of <placeName TEIform="placeName">
                        <region type="state" reg="vau" TEIform="region">Virginia</region>
                    </placeName>. Who remembered him in the christening of this hamlet two generations after his death
                    is now lost to history.</p><p TEIform="p">A number of Indiana cities have nicknames which are or have been more or less in vogue, though some
                    of these have become inappropriate as conditions have changed. One writer supplies the following
                    list:</p><p TEIform="p">
               <placeName TEIform="placeName">
                        <settlement type="city" TEIform="settlement">Irvington</settlement>
                    </placeName> is known as the "Classic Suburb" because it is suburban to <placeName TEIform="placeName">
                        <settlement type="city" TEIform="settlement">Indianapolis</settlement>
                    </placeName>, and is the seat of Butler College, the leading educational institution of the State
                    capital.</p><p TEIform="p">
               <placeName TEIform="placeName">
                        <settlement type="city" TEIform="settlement">Evansville</settlement>
                    </placeName> is called the "Crescent City" from its location on the outer side of
                    a curve in the <placeName TEIform="placeName">
                        <region type="state" reg="ohu" TEIform="region">Ohio</region>
                    </placeName> river; the "Pocket City," from <pb n="80" id="VAA4025-008-2-030" TEIform="pb"/>
                    its location in and as the metropolis of that part of the State popularly designated as
                    "The Pocket."</p><p TEIform="p">
               <placeName TEIform="placeName">
                        <settlement type="city" TEIform="settlement">Terre Haute</settlement>
                    </placeName> is the "<placeName TEIform="placeName">
                        <settlement type="city" TEIform="settlement">Prairie City</settlement>
                    </placeName>," from its location on Ft. Harrison's prairie, a section of the <placeName TEIform="placeName">
                        <region type="county" TEIform="region">Wabash</region>
                    </placeName> valley made memorable and historic by the campaign of General William Henry Harrison
                    against the Indians.</p><p TEIform="p">
               <placeName TEIform="placeName">
                        <region type="county" TEIform="region">Ft. Wayne</region>
                    </placeName> is known as the "Summit City," from the comparative elevation of the
                    site on which it is located.</p><p TEIform="p">
               <placeName TEIform="placeName">
                        <settlement type="city" TEIform="settlement">South Bend</settlement>
                    </placeName> is called the "Metropolis of Northern Indiana," from its population
                    and importance, having more than one hundred manufacturing establishments, and as the seat of Notre
                    Dame University, the largest Roman Catholic school in the <placeName TEIform="placeName">
                        <country reg="-us" TEIform="country">United States</country>
                    </placeName>. It is called the "Wagon City," because the great Studebaker plant is
                    located there, the largest of its kind in the world. <placeName TEIform="placeName">
                        <settlement type="city" TEIform="settlement">South Bend</settlement>
                    </placeName> is also called the "Lotion City," from the many quack preparations,
                    dermic remedies, etc., advertised as manufactured there.</p><p TEIform="p">
               <placeName TEIform="placeName">
                        <settlement type="city" TEIform="settlement">Richmond</settlement>
                    </placeName> is called the "<placeName TEIform="placeName">
                        <settlement type="city" TEIform="settlement">Quaker City</settlement>
                    </placeName> of the West," the Society of Friends composing a large per cent. of its
                    population and controlling largely its institutions. Earlham College is located in this city.</p><p TEIform="p">Anderson is called the "Pittsburg of the <geogName TEIform="geogName">White River</geogName> Valley,"
                    because of its extensive manufacturing interests, especially in iron and glass.</p><p TEIform="p">
               <placeName TEIform="placeName">
                        <settlement type="city" TEIform="settlement">Madison</settlement>
                    </placeName> is known as the "City 'Neath the Hills," from its
                    picturesque location on the banks of the <placeName TEIform="placeName">
                        <region type="state" reg="ohu" TEIform="region">Ohio</region>
                    </placeName> river; the marginal heights and bluffs bordering the river overlooking the city.</p><p TEIform="p">
               <placeName TEIform="placeName">
                        <settlement type="city" TEIform="settlement">Vincennes</settlement>
                    </placeName> is the "Old Post," familiarly and historically; also the
                    "Pioneer City of the <geogName TEIform="geogName">Wabash Valley</geogName>."</p><p TEIform="p">Wahash is known as the "Rock City," the hills on which much of the city is located
                    being composed of solid stone.</p><p TEIform="p">
               <placeName TEIform="placeName">
                        <settlement type="city" TEIform="settlement">Logansport</settlement>
                    </placeName> is the "City of Bridges," being located on both the <placeName TEIform="placeName">
                        <region type="county" TEIform="region">Wabash</region>
                    </placeName> and Eel rivers, the two streams spanned by mole than twenty bridges within the
                    corporate limits for street and railway crossings. It is also called the "City of
                    Churches," having nineteen Protestant church buildings with a membership of <pb n="81" id="VAA4025-008-2-031" TEIform="pb"/> five thousand in a total population of less than four times that
                    number, not counting the Catholic institutions.</p><p TEIform="p">
               <placeName TEIform="placeName">
                        <settlement type="city" TEIform="settlement">Huntington</settlement>
                    </placeName> is the "Lime City" on account of its celebrated white lime, which is
                    manufactured and shipped to all markets.</p><p TEIform="p">
               <placeName TEIform="placeName">
                        <settlement type="city" TEIform="settlement">Bedford</settlement>
                    </placeName> is the "Stone City" because of its practically unlimited supply of
                    the finest and best oolitic limestone in the world.</p><p TEIform="p">
               <placeName TEIform="placeName">
                        <settlement type="city" TEIform="settlement">Lafayette</settlement>
                    </placeName> is the "Star City," the name acquired in the early history of the
                    place because of location and relative importance, shining as a star of first magnitude in the fancy
                    of its people, as contrasted with its satellites.</p><p TEIform="p">
               <placeName TEIform="placeName">
                        <settlement type="city" TEIform="settlement">Auburn</settlement>
                    </placeName> is the "Buggy City," having four large factories, producing more
                    buggies than any other city or town in the State.</p><p TEIform="p">Bluffton is the "Asphalt City," its streets generally being paved with asphalt,
                    contributing to the beauty and cleanliness of the place.</p><p TEIform="p">
               <placeName TEIform="placeName">
                        <settlement type="city" TEIform="settlement">Bloomington</settlement>
                    </placeName> is the "University City," because it is the seat of the State
                    University, one of the oldest educational institutions in the West.</p><p TEIform="p">
               <placeName TEIform="placeName">
                        <settlement type="city" TEIform="settlement">Elwood</settlement>
                    </placeName> is the "Gem City of the Gas Belt" for most obvious reasons. It is
                    also the "Buckle of the Gas Belt," as it is practically the center of the field.</p><p TEIform="p">
               <placeName TEIform="placeName">
                        <settlement type="city" TEIform="settlement">Elkhart</settlement>
                    </placeName> is the "City of Musical Doings," the home of more musicians and
                    virtuosos of distinction than any other city of the same size in the State. or. perhaps, in the <placeName TEIform="placeName">
                        <country reg="-us" TEIform="country">United States</country>
                    </placeName>, with a large musical instrument factory and a conservatory of music. Pupils go there
                    from all parts of the country to study music. It is also known as the "Independent
                    State," a local sobriquet given it by <placeName TEIform="placeName">
                        <settlement type="city" TEIform="settlement">Goshen</settlement>
                    </placeName>, the county seat, and other surrounding towns, out of jealousy over its fancied
                    assumption of importance.</p><p TEIform="p">Peru is the "Barbecue City," so named from its numerous barbecues of phenomenal
                    proportions in presidential campaigns.</p><p TEIform="p">
               <placeName TEIform="placeName">
                        <country reg="bl" TEIform="country">Brazil</country>
                    </placeName> is the "Black Diamond City." from its output of block coal, this
                    quality of coal having been named "black diamond" because of its superior value in
                    the motivity of the industrial and productive world. It is called the "<placeName TEIform="placeName">
                        <region type="county" TEIform="region">Clay</region>
                    </placeName> Metropolis" from its output of clay and clay products and utilities, having
                    eight or ten large manufacturing plants in this industry alone.</p><pb n="82" id="VAA4025-008-2-032" TEIform="pb"/><p TEIform="p">
               <placeName TEIform="placeName">
                        <country reg="ao" TEIform="country">Angola</country>
                    </placeName> is the "Hub," locally; "Gola," for short.</p><p TEIform="p">Martinsville is the "Artesian City," so named from its seven mineral wells and five
                    sanitoriums.</p><p TEIform="p">
               <placeName TEIform="placeName">
                        <settlement type="city" TEIform="settlement">Crawfordsville</settlement>
                    </placeName> is the "Hoosier Athens," because of its educational facilities; the
                    seat of <placeName TEIform="placeName">
                        <region type="county" TEIform="region">Wabash</region>
                    </placeName> College, one of the oldest and most reputable educational institutions in the West. It
                    is also the "Hoosier Wool Market," purchasing and handling more wool than any
                    other place in the <placeName TEIform="placeName">
                        <region type="county" TEIform="region">Wabash</region>
                    </placeName> valley.</p><p TEIform="p">
               <placeName TEIform="placeName">
                        <settlement type="city" TEIform="settlement">Frankfort</settlement>
                    </placeName> is the "Gem City of Hoosierdom' because of its beautiful streets,
                    residences and business blocks, as well as its generally handsome and attractive appearance.</p><p TEIform="p">
               <placeName TEIform="placeName">
                        <settlement type="city" TEIform="settlement">Muncie</settlement>
                    </placeName> is the "Magic City of the Gas Belt," from its almost unprecedented
                    development in manufacturing industries and corresponding growth in population and business incident
                    to the discovery and utilization of gas.</p><p TEIform="p">
               <placeName TEIform="placeName">
                        <settlement type="city" TEIform="settlement">Rockport</settlement>
                    </placeName> is the "Bluff City," because it is situated on the rugged heights
                    overlooking the <placeName TEIform="placeName">
                        <region type="state" reg="ohu" TEIform="region">Ohio</region>
                    </placeName> river; perhaps as much as eighty feet above high water mark.</p><p TEIform="p">Laporte is the "Maple City" on account of its miles of streets lined with maple
                    trees. Laporte lays claim to being the handsomest city in the <placeName TEIform="placeName">
                        <country reg="-us" TEIform="country">United States</country>
                    </placeName>.</p><p TEIform="p">
               <placeName TEIform="placeName">
                        <settlement type="city" TEIform="settlement">Lawrenceburg</settlement>
                    </placeName> is the "<placeName TEIform="placeName">
                        <settlement type="city" TEIform="settlement">Garden City</settlement>
                    </placeName> of the World," so known in its earlier history and prior to the floods of 1847
                    and 1884.</p><p TEIform="p">
               <placeName TEIform="placeName">
                        <settlement type="city" TEIform="settlement">Jeffersonville</settlement>
                    </placeName>, until within recent years, was the "Gretna Green of the <geogName TEIform="geogName">Ohio
                    Valley</geogName>" because of the many marriages of runaway couples from <placeName TEIform="placeName">
                        <region type="state" reg="kyu" TEIform="region">Kentucky</region>
                    </placeName> and other States, taking its cue from <placeName TEIform="placeName">
                        <settlement type="city" TEIform="settlement">Gretna Green</settlement>
                    </placeName>, <placeName TEIform="placeName">
                        <country reg="stk" TEIform="country">Scotland</country>
                    </placeName>, just across the border, to which English people used to resort for clandestine
                    marriages. It is also the "Falls City of Indiana," with respect to <placeName TEIform="placeName">
                        <settlement type="city" TEIform="settlement">Louisville</settlement>
                    </placeName>, lying immediately on the opposite side of the <placeName TEIform="placeName">
                        <region type="state" reg="ohu" TEIform="region">Ohio</region>
                    </placeName> river.</p><p TEIform="p">
               <placeName TEIform="placeName">
                        <settlement type="city" TEIform="settlement">Valparaiso</settlement>
                    </placeName> is the "Normal City," the seat of the Northern Indiana Normal School.</p><p TEIform="p">
               <placeName TEIform="placeName">
                        <settlement type="city" TEIform="settlement">Washington</settlement>
                    </placeName> is called "Shoptown" from its factories and industries, more
                    especially the railway shops of the <placeName TEIform="placeName">
                        <settlement type="city" TEIform="settlement">Baltimore</settlement>
                    </placeName> &amp; <placeName TEIform="placeName">
                        <region type="state" reg="ohu" TEIform="region">Ohio</region>
                    </placeName> Southwestern.</p><p TEIform="p">
               <placeName TEIform="placeName">
                        <region type="county" TEIform="region">Marion</region>
                    </placeName> is the "Queen City of the Gas Belt," the beautiful capital of <placeName TEIform="placeName">
                        <region type="county" TEIform="region">Grant county</region>
                    </placeName>.</p><pb n="83" id="VAA4025-008-2-033" TEIform="pb"/><p TEIform="p">
               <placeName TEIform="placeName">
                        <settlement type="city" TEIform="settlement">Greencastle</settlement>
                    </placeName> is the "College City," the seat of DePauw University, and also the
                    "West Point of Indiana Methodism."</p><p TEIform="p">
               <placeName TEIform="placeName">
                        <settlement type="city" TEIform="settlement">Indianapolis</settlement>
                    </placeName> is the "Railroad City," and was formerly known as the "City
                    of Concentric Circles." It is also the "Convention City."</p></div></body></text></TEI.2>