<?xml version="1.0" encoding="UTF-8"?><!DOCTYPE TEI.2 SYSTEM "http://purl.dlib.indiana.edu/iudl/imh/resource/xml/imh_issue.dtd"><TEI.2><teiHeader type="text" status="new" TEIform="teiHeader"><fileDesc TEIform="fileDesc"><titleStmt TEIform="titleStmt"><title TEIform="title">Indiana Magazine of History</title><respStmt TEIform="respStmt"><resp TEIform="resp">Encoded by</resp><name TEIform="name">Aptara Inc.</name></respStmt></titleStmt><publicationStmt TEIform="publicationStmt"><publisher TEIform="publisher">Digital Library Program, Indiana University</publisher><pubPlace TEIform="pubPlace">Bloomington, IN</pubPlace><date TEIform="date">2007</date><availability status="unknown" TEIform="availability"><p TEIform="p">Copyright 2007 Trustees of Indiana University</p><p TEIform="p">Indiana University provides the information contained in this file for non-commercial,
        personal, or research use only. All other use, including but not limited to commercial or
        scholarly reproductions, redistribution, publication or transmission, whether by electronic
        means or otherwise, without prior written permission of the copyright holder is strictly
        prohibited.</p></availability></publicationStmt><seriesStmt TEIform="seriesStmt"><title TEIform="title">Indiana Magazine of History</title></seriesStmt><sourceDesc default="NO" TEIform="sourceDesc"><biblStruct default="NO" TEIform="biblStruct"><analytic TEIform="analytic"><title TEIform="title">Reminiscences of Amos Hanway</title><author TEIform="author">Amos Hanway</author></analytic><monogr TEIform="monogr"><title TEIform="title">Indiana Magazine of History</title><imprint TEIform="imprint"><pubPlace TEIform="pubPlace">Indianapolis, IN</pubPlace><publisher TEIform="publisher">George S. Cottman</publisher><date TEIform="date">1906</date><biblScope type="issue" TEIform="biblScope">1</biblScope><biblScope type="volume" TEIform="biblScope">2</biblScope><biblScope type="pages" TEIform="biblScope">39-40</biblScope></imprint></monogr></biblStruct></sourceDesc></fileDesc><revisionDesc TEIform="revisionDesc"><change TEIform="change"><date TEIform="date">2007-06-15</date><respStmt TEIform="respStmt"><name TEIform="name">Annette D. Richmond</name></respStmt><item TEIform="item">Changed  publication place and publisher, added author</item></change></revisionDesc></teiHeader><text><body><pb n="39" id="VAA4025-002-1-043" TEIform="pb"/><div type="scholarlyArticle" id="VAA4025-002-1-a08" org="uniform" sample="complete" part="N" TEIform="div"><head TEIform="head">REMINISCENCES OF AMOS HANWAY.</head><p TEIform="p">
                    <hi rend="i" TEIform="hi">From Paper read before the Indiana Centennial Association, July 4, 1900</hi>
                </p><p TEIform="p">I<hi rend="sc" TEIform="hi">CAME</hi> to <placeName TEIform="placeName">
                        <settlement type="city" key="tgn_7012924" reg="Indianapolis" TEIform="settlement">Indianapolis</settlement>
                    </placeName> with my father's family on the 21st of June, 1821, being then a boy in my fifth year.
                    The family had lived in <placeName TEIform="placeName">
                        <settlement type="city" key="tgn_7018808" reg="Vincennes" TEIform="settlement">Vincennes</settlement>
                    </placeName> several years before that time. Our voyage here was in an Olean Point flatboat. We went
                    down the <geogName key="tgn_2746502" reg="Wabash River" TEIform="geogName">Wabash</geogName> to the mouth of <geogName key="tgn_1131742" reg="White" TEIform="geogName">White river</geogName> and came up to <placeName TEIform="placeName">
                        <settlement type="city" key="tgn_7012924" reg="Indianapolis" TEIform="settlement">Indianapolis</settlement>
                    </placeName>, the boat being poled along up the stream the entire way. I think, from what I have
                    heard, that as much as three weeks were occupied in the journey from <placeName TEIform="placeName">
                        <settlement type="city" key="tgn_7018808" reg="Vincennes" TEIform="settlement">Vincennes</settlement>
                    </placeName>. My father and Mr. Burke pushed the boat up-stream.</p><p TEIform="p">There were eighteen houses here at that time, all cabins. They were built along the bank of <geogName key="tgn_1131742" reg="White" TEIform="geogName">White river</geogName>, extending about from the place of our
                    landing to a point near where the Vandalia railroad bridge is situated. Among these eighteen famlies
                    I remember John and Michael and David Van Blaricum, Daniel Yandes, Dr. Isaac Coe, John McCormick,
                    Isaac Wilson, a Mr. Concord, Bethuel Dunning, the ferryman, Obadiah Harris, a Mr. Frazier, Jeremiah
                    Collins and a Mr. Keeler.</p><p TEIform="p">The <geogName key="tgn_1131742" reg="White" TEIform="geogName">White river</geogName> bridge was built in 1832 and 1833.
                    The fine poplar timbers of this bridge where whip-sawed on the bank <pb n="40" id="VAA4025-002-1-044" TEIform="pb"/> where the bridge was to be, on a frame, reaching out from the bank
                    there. The timber was got up the river eight miles and hewed about square, from a foot to three feet
                    square, in the woods, and I rafted it down to the place where it was whipsawed into proper shapes.</p><p TEIform="p">I saw the Delaware and Miami tribes of Indians pass through, going West. They camped by the river,
                    and in the morning all of them went in swimming. They said they never swam in the evening or at
                    night. There was a large tribe of them, over a thousand, I think, all friendly.</p><p TEIform="p">Camp meetings were held by the Methodists every year. The first one was south of town, on the
                    Three-notch Line (now South Meridian street). It was on Kelly's farm, and a great crowd attended.
                    The Methodist preachers were great enthusiasts, men of power, eloquence and earnestness. They did
                    important work in bringing the people to the support of good government, morality and religion.
                    Among the great men who preached there were John Strange, Edwin Ray, James Havens, Edwin Ames and
                    James Armstrong. The next camp meetings were held for years on the Military Park ground, near the
                    canal. Afterward the meeting was on the land occupied by the Deaf and Dumb Asylum, and next it was
                    in the grove on the land at the then north end of Illinois street, at old First street.</p><p TEIform="p">The National road was graded through <placeName TEIform="placeName">
                        <settlement type="city" key="tgn_7012924" reg="Indianapolis" TEIform="settlement">Indianapolis</settlement>
                    </placeName> in the year 1832, I believe, and some years after the grading the road from East street
                    to Big Eagle creek, west of town, was macadamized. The broken stone was put on in strata of three
                    inches at a time, three times, nine inches in all. Each layer was settled by use for a time, and
                    then the next was put on. After this little patch of macadam stone was put on, Jackson and Van Buren
                    vetoed all the National road bills, so it was a very bad road till the State gave it to a plank-road
                    company, and the people soon rode on a plank floor, which was good till it rotted or wore out.</p></div></body></text></TEI.2>