<?xml version="1.0" encoding="UTF-8"?><!DOCTYPE TEI.2 SYSTEM "http://purl.dlib.indiana.edu/iudl/imh/resource/xml/imh_issue.dtd"><TEI.2><teiHeader type="text" status="new" TEIform="teiHeader"><fileDesc TEIform="fileDesc"><titleStmt TEIform="titleStmt"><title TEIform="title">Indiana Magazine of History</title><respStmt TEIform="respStmt"><resp TEIform="resp">Encoded by</resp><name TEIform="name">Aptara Inc.</name></respStmt></titleStmt><publicationStmt TEIform="publicationStmt"><publisher TEIform="publisher">Digital Library Program, Indiana University</publisher><pubPlace TEIform="pubPlace">Bloomington, IN</pubPlace><date TEIform="date">2007</date><availability status="unknown" TEIform="availability"><p TEIform="p">Copyright 2007 Trustees of Indiana University</p><p TEIform="p">Indiana University provides the information contained in this file for non-commercial,
        personal, or research use only. All other use, including but not limited to commercial or
        scholarly reproductions, redistribution, publication or transmission, whether by electronic
        means or otherwise, without prior written permission of the copyright holder is strictly
        prohibited.</p></availability></publicationStmt><seriesStmt TEIform="seriesStmt"><title TEIform="title">Indiana Magazine of History</title></seriesStmt><sourceDesc default="NO" TEIform="sourceDesc"><biblStruct default="NO" TEIform="biblStruct"><analytic TEIform="analytic"><title TEIform="title">Historical Relics the State should Own</title><author TEIform="author">George S. Cottman</author></analytic><monogr TEIform="monogr"><title TEIform="title">Indiana Magazine of History</title><imprint TEIform="imprint"><pubPlace TEIform="pubPlace">Indianapolis, IN</pubPlace><publisher TEIform="publisher">George S. Cottman</publisher><date TEIform="date">1905</date><biblScope type="issue" TEIform="biblScope">3</biblScope><biblScope type="volume" TEIform="biblScope">1</biblScope><biblScope type="pages" TEIform="biblScope">132-134</biblScope></imprint></monogr></biblStruct></sourceDesc></fileDesc><revisionDesc TEIform="revisionDesc"><change TEIform="change"><date TEIform="date">2007-06-08</date><respStmt TEIform="respStmt"><name TEIform="name">Natalie E. Whitted</name></respStmt><item TEIform="item">Added author.</item></change></revisionDesc></teiHeader><text><body><pb n="132" id="VAA4025-001-3-022" TEIform="pb"/><div type="scholarlyArticle" id="VAA4025-001-3-a06" org="uniform" sample="complete" part="N" TEIform="div"><head TEIform="head">Historical Relics the State should Own</head><p TEIform="p">THERE are in our State, in private possession, at least a few collections of historical value which
                    should, if possible, be made public possessions and be accessible to all that are interested in
                    such. Two of these collections we particularly have in mind. One is the paintings of George Winter,
                    the <placeName TEIform="placeName">
                        <settlement type="city" key="tgn_7013848" reg="Lafayette" TEIform="settlement">Lafayette</settlement>
                    </placeName> artist, spoken of elsewhere in this number. When we saw these they were held by Mr.
                    Winter's daughter, Mrs. C. G. Ball, of <placeName TEIform="placeName">
                        <settlement type="city" key="tgn_7013848" reg="Lafayette" TEIform="settlement">Lafayette</settlement>
                    </placeName>, and were of unique interest. Being, in large part, portraits of notable Pottawattomie
                    and Miami Indians and of their dress and customs, and being accompanied by keys and much information
                    in manuscript form from Mr. Winter's pen, it is altogether desirable that they be owned by the State
                    as relics of the picturesque race that once owned and trod our soil.</p><p TEIform="p">The other collection is that of Mr. Charles B. Lasselle, of <placeName TEIform="placeName">
                        <settlement type="city" key="tgn_7014208" reg="Logansport" TEIform="settlement">Logansport</settlement>
                    </placeName>. Mr. Lasselle, who, we believe, is still living, is of an old French family, which has
                    been intimately identified with the <placeName TEIform="placeName">
                        <region type="county" key="tgn_1002978" reg="Wabash" TEIform="region">Wabash</region>
                    </placeName> region since Revolutionary times. His grandfather was a trader at the Indian town of
                    Kekionga (<placeName TEIform="placeName">
                        <settlement type="city" key="tgn_7013933" reg="Fort Wayne" TEIform="settlement">Fort Wayne</settlement>
                    </placeName>) long before Anthony Wayne's subjugation of the Northwestern tribes. His father,
                    Hyacinthe Lasselle, during his life was a substantial citizen of <placeName TEIform="placeName">
                        <settlement type="city" key="tgn_7013933" reg="Fort Wayne" TEIform="settlement">Fort Wayne</settlement>
                    </placeName>, <placeName TEIform="placeName">
                        <settlement type="city" key="tgn_7018808" reg="Vincennes" TEIform="settlement">Vincennes</settlement>
                    </placeName> and <placeName TEIform="placeName">
                        <settlement type="city" key="tgn_7014208" reg="Logansport" TEIform="settlement">Logansport</settlement>
                    </placeName>, and this scion of the third generation has himself helped make the history of the
                    great valley since pioneer times. The historic instinct, and the disposition to preserve what might
                    be of possible future value, seems to have inhered in the Lasselles. As the result of long hoarding
                    the present member of the family has in his possession enough documents and relics of real historic
                    interest to astonish one. First, there are hundreds of letters, business accounts and miscellaneous
                    papers, reflecting trade and life along the <placeName TEIform="placeName">
                        <region type="county" key="tgn_1002978" reg="Wabash" TEIform="region">Wabash</region>
                    </placeName> since the last century. It is the kind of material that the thorough historian, working
                    to modern methods, is most in search of—the kind that throws sidelights and reveals intimate
                    glimpses of past conditions. Here, for example, is an old account-book of Francis Bosseron,
                    storekeeper at <placeName TEIform="placeName">
                        <settlement type="city" key="tgn_7018808" reg="Vincennes" TEIform="settlement">Vincennes</settlement>
                    </placeName> when Captain Helm under the instruction of George Rogers Clark, held that post. In it
                    is a page devoted to Helm's private purchases, such as "one <pb n="133" id="VAA4025-001-3-023" TEIform="pb"/>
                    chapeau," "one capote," playing cards, and frequent bottles of "taffia" and "eu de vie." There is
                    also a page charging the State of <placeName TEIform="placeName">
                        <region type="state" key="tgn_7007919" reg="Virginia" TEIform="region">Virginia</region>
                    </placeName>, through Captain Helm, with divers articles and services, among them "five ells of red
                    silk," and "3 ¾ ells of green silk for a flag," and along with this the claim of one Madam Goderre
                    for making the flag. Full of interest are these few words touching this red-and-green flag which
                    was, perhaps, the first symbol of the nation ever planted in <placeName TEIform="placeName">
                        <region type="state" key="tgn_7007252" reg="Indiana" TEIform="region">Indiana</region>
                    </placeName>.</p><p TEIform="p">Apropos to this place and period there is, also, the liquor chest of General Hamilton, the English
                    Governor of the <placeName TEIform="placeName">
                        <settlement type="city" key="tgn_7018808" reg="Vincennes" TEIform="settlement">Vincennes</settlement>
                    </placeName> post, who captured Helm, and was in turn captured by Clark. It is a mahogany box about
                    eighteen inches square, partitioned into nine smaller squares for as many liquor decanters. Of these
                    only one now remains—the apple-toddy bottle. Those familiar with Clark's famous siege, will remember
                    the story of Hamilton and his prisoner, Helm, sitting sociably together by the open fire, watching
                    an apple toddy brew, when the rifle fusillade began and the bullets pecking at the chimney threw
                    down dirt and spoiled the brew. This antique piece of glassware is, most likely the identical bottle
                    used on that memorable occasion. General Hamilton gave the chest to Francis Bosseron, and after
                    various changes of ownership, carefully recorded, it was secured by Mr. Lasselle.</p><p TEIform="p">Along with these may be mentioned a plat of <placeName TEIform="placeName">
                        <settlement type="city" key="tgn_7018808" reg="Vincennes" TEIform="settlement">Vincennes</settlement>
                    </placeName>, made in 1792, each lot marked with the holder's name, also original document relating
                    to French families of <placeName TEIform="placeName">
                        <settlement type="city" key="tgn_7018808" reg="Vincennes" TEIform="settlement">Vincennes</settlement>
                    </placeName>, genealogical tables of <placeName TEIform="placeName">
                        <settlement type="city" key="tgn_7018808" reg="Vincennes" TEIform="settlement">Vincennes</settlement>
                    </placeName> and Kaskaskia, and many other papers of similar character. Not the least interesting of
                    the many relics is the great parchment treaty document, given by the United States to the Miami
                    Indians at the treaty of St. Mary, in 1818, when the central portion of the State, as far north as
                    the <geogName key="tgn_2746502" reg="Wabash River" TEIform="geogName">Wabash River</geogName>, was purchased. This
                    instrument, bearing the signatures of Jonathan Jennings, Lewis Cass and Benjamin Parke,
                    commissioners; William and John Conner, interpreters, and the marks of the various chiefs that
                    represented their tribe, was delivered to John B. Richardville, the Miami head chief, and finally
                    came into the Lasselle family through marriage relations.</p><p TEIform="p">These are but a part of the things treasured up by Mr. <pb n="134" id="VAA4025-001-3-024" TEIform="pb"/> Lasselle.
                    Whether or not they are now for sale, we are not authorized to say; but the indications are that
                    some day they will be scattered and lost. The point to be made is that the collection now exists,
                    that its value is such the State could well afford to make a generous bid for it, and that no step
                    whatever is taken to secure it.</p><p TEIform="p">In this connection it may be said that the State quite unnecessarily lost the large collection of
                    books and relics of the late Judge Horace P. Biddle, also of <placeName TEIform="placeName">
                        <settlement type="city" key="tgn_7014208" reg="Logansport" TEIform="settlement">Logansport</settlement>
                    </placeName>. Besides the relies and pictures which Mr. Biddle had long been collecting his library
                    consisted of some 8,000 volumes, representing a money value of $15,000. At least 3,000 of these
                    volumes were rare works not to be easily found elsewhere, which students came from afar to consult.
                    When James D. Williams was Governor Mr. Biddle proposed that the State agree to take his entire
                    library at his death at 10 cents a volume. Governor Williams, according to Mr. Biddle, twice
                    recommended in his messages that the Legislature take advantage of the offer, but no notice whatever
                    was taken of the proposition.</p></div></body></text></TEI.2>