<?xml version="1.0" encoding="UTF-8"?><!DOCTYPE TEI.2 SYSTEM "http://purl.dlib.indiana.edu/iudl/imh/resource/xml/imh_issue.dtd"><TEI.2><teiHeader type="text" status="new" TEIform="teiHeader"><fileDesc TEIform="fileDesc"><titleStmt TEIform="titleStmt"><title TEIform="title">Indiana Magazine of History</title><respStmt TEIform="respStmt"><resp TEIform="resp">Encoded by</resp><name TEIform="name">Aptara Inc.</name></respStmt></titleStmt><publicationStmt TEIform="publicationStmt"><publisher TEIform="publisher">Digital Library Program, Indiana University</publisher><pubPlace TEIform="pubPlace">Bloomington, IN</pubPlace><date TEIform="date">2007</date><availability status="unknown" TEIform="availability"><p TEIform="p">Copyright 2007 Trustees of Indiana University</p><p TEIform="p">Indiana University provides the information contained in this file for non-commercial,
        personal, or research use only. All other use, including but not limited to commercial or
        scholarly reproductions, redistribution, publication or transmission, whether by electronic
        means or otherwise, without prior written permission of the copyright holder is strictly
        prohibited.</p></availability></publicationStmt><seriesStmt TEIform="seriesStmt"><title TEIform="title">Indiana Magazine of History</title></seriesStmt><sourceDesc default="NO" TEIform="sourceDesc"><biblStruct default="NO" TEIform="biblStruct"><analytic TEIform="analytic"><title TEIform="title">Judge Charles B. Lasselle's Notes on Alice of Old
                        Vincennes</title><author TEIform="author">Charles B. Lasselle</author></analytic><monogr TEIform="monogr"><title TEIform="title">Indiana Magazine of History</title><imprint TEIform="imprint"><pubPlace TEIform="pubPlace">Indianapolis, IN</pubPlace><publisher TEIform="publisher">Published Under the Direction of The Indiana Historical
                                Society</publisher><date TEIform="date">1908</date><biblScope type="issue" TEIform="biblScope">2</biblScope><biblScope type="volume" TEIform="biblScope">4</biblScope><biblScope type="pages" TEIform="biblScope">81-85</biblScope></imprint></monogr></biblStruct></sourceDesc></fileDesc><revisionDesc TEIform="revisionDesc"><change TEIform="change"><date TEIform="date">2007-06-19</date><respStmt TEIform="respStmt"><name TEIform="name">Annette D. Richmond</name></respStmt><item TEIform="item">Changed publication place and publisher, added author</item></change></revisionDesc></teiHeader><text><body><pb n="81" id="VAA4025-004-2-027" TEIform="pb"/><div type="scholarlyArticle" id="VAA4025-004-2-a06" org="uniform" sample="complete" part="N" TEIform="div"><head TEIform="head">JUDGE CHARLES B. LASSELLE'S NOTES ON ALICE OF OLD VINCENNES.</head><p TEIform="p">[The following paper was written by Judge Lasselle several years ago and published, at least in part,
                    in the <placeName TEIform="placeName">
                        <settlement type="city" TEIform="settlement">Logansport</settlement>
                    </placeName> and other papers. Extracts from it, and comments upon it, are given in Hubbard M.
                    Smith's "Historical Sketches of <placeName TEIform="placeName">
                        <settlement type="city" TEIform="settlement">Old Vincennes</settlement>
                    </placeName>," pp. 34, 286 ff. But as there seem to have been inaccuracies in its
                    production, and as it raises interesting questions, it is here printed practically in full with only
                    a few verbal changes and some unimportant omissions. Judge Lasselle, now living at an advanced age
                    at bogansport, has long been regarded, and rightly so, as authority upon the lore of the
                        <geogName TEIform="geogName">Wabash Valley</geogName>. A contribution from him on the early traders of the State
                    was published in the issue of March, 1906.]</p><p TEIform="p">THE story of "Alice of <placeName TEIform="placeName">
                        <settlement type="city" TEIform="settlement">Old Vincennes</settlement>
                    </placeName>," by the late Maurice Thompson, is so realistic that a number of the
                    writer's friends hare requested him to point out such characters and events as would
                    justify its claim of being an "historical romance." This is no easy task, owing to
                    the employment by the author of anachronism as to the age of Alice and the dates of the events in
                    which she figures, and the great number of the scenes and events, partly historical and partly
                    fictitious, which occur. As to Alice herself, she was a real person, well known to the early
                    inhabitants of <placeName TEIform="placeName">
                        <settlement type="city" TEIform="settlement">Vincennes</settlement>
                    </placeName>, as the sequel of this will show. Her real name was Mary Shannon. She was the daughter
                    of Captain William Shannon, one of Colonel George Rogers Clark's most patriotic and gallant
                    officers. We first hear of Captain Shannon through Clark himself. In his
                    "Memoirs," to be found in English's "Conquest of the
                    Northwest," vol. I, p. 531, he states that Captain Shannon was taken prisoner by a party of
                    the enemy while the army was nearing <placeName TEIform="placeName">
                        <settlement type="city" TEIform="settlement">Vincennes</settlement>
                    </placeName>. He was taken to the British fort, but released upon the surrender of the fort a day or
                    two afterward. Shortly after the surrender of the fort, Colonel Clark distributed his troops to
                    different points, one part going to Fort Clark, at <placeName TEIform="placeName">
                        <settlement type="city" TEIform="settlement">Kaskaskia</settlement>
                    </placeName>; another to <placeName TEIform="placeName">
                  <settlement type="city" TEIform="settlement">Louisville</settlement>, <region type="state" reg="kyu" TEIform="region">Ky.</region>
               </placeName>, under his immediate command there, and
                    another part remained at the fort at <placeName TEIform="placeName">
                        <settlement type="city" TEIform="settlement">Vincennes</settlement>
                    </placeName>. Captain Shannon removed with that part <pb n="82" id="VAA4025-004-2-028" TEIform="pb"/> going to <placeName TEIform="placeName">
                        <settlement type="city" TEIform="settlement">Kaskaskia</settlement>
                    </placeName>. Here he remained as captain and conductor of the military stores. How long he remained
                    there is not known. A letter from him to Captain Francis Bosseron, conductor of the stores at <placeName TEIform="placeName">
                        <settlement type="city" TEIform="settlement">Vincennes</settlement>
                    </placeName>. in possession of the writer, dated June 15, 1779, shows that he was still there at
                    that date. A few years after this, about 1784, he obtained from the Court of <placeName TEIform="placeName">
                        <settlement type="city" TEIform="settlement">Vincennes</settlement>
                    </placeName> a tract of land near the village, on the west side of the <geogName TEIform="geogName">Wabash
                    river</geogName>. Many other grants of the same character were also made by the court. This gave
                    offense to the Indians, and especially the Piankeshaw Indians. These Piankeshaws had been great
                    friends of the French. After the defeat of the French and killing of <placeName TEIform="placeName">
                        <settlement type="city" TEIform="settlement">Vincennes</settlement>
                    </placeName> by the Chickesaws, of <placeName TEIform="placeName">
                        <region type="state" reg="tnu" TEIform="region">Tennessee</region>
                    </placeName>, in 1736, the inhabitants of <placeName TEIform="placeName">
                        <settlement type="city" TEIform="settlement">Vincennes</settlement>
                    </placeName> entertained great fears of a hostile visit from this numerous and powerful tribe of
                    Indians. The Piankeshaws, who, for time immemorial, had occupied a village called by the French
                    traders "Terrehaute" (highland), at or near the site of the present city of <placeName TEIform="placeName">
                        <settlement type="city" TEIform="settlement">Terre Haute</settlement>
                    </placeName>, moved down, in 1742, to <placeName TEIform="placeName">
                        <settlement type="city" TEIform="settlement">Vincennes</settlement>
                    </placeName> to protect and defend the inhabitants in case of invasion. At the same time, as claimed
                    by the French and afterward by the Americans, they made a grant of land to the French, extending
                    from a point twenty-fire miles above <placeName TEIform="placeName">
                        <settlement type="city" TEIform="settlement">Vincennes</settlement>
                    </placeName> to a point twenty-five miles below, and twenty-five miles on each side of the
                        <geogName TEIform="geogName">Wabash river</geogName>—making the tract fifty miles square. But the
                    Piankeshaws, while admitting that they made such grant as to that portion of the land lying east of
                    the <geogName TEIform="geogName">Wabash river</geogName>, denied that they ever made a grant for that portion lying
                    west of the river. Hence, the Piankeshaws and other Indians commenced hostilities.</p><p TEIform="p">Mr. Dillon, in his "History of Indiana," p. 184, states that,
                    "notwithstanding the hostile temper of the Indians during the years 1785 and 1786, the
                    court of <placeName TEIform="placeName">
                        <settlement type="city" TEIform="settlement">Post Vincennes</settlement>
                    </placeName> continued to grant tracts of land to various French and American adventurers.
                    * * * Of the Americans who attempted to make improvements on such
                    grants, some were killed by the Indians, others became alarmed and retired to <placeName TEIform="placeName">
                        <region type="state" reg="kyu" TEIform="region">Kentucky</region>
                    </placeName>, and a few remained at <placeName TEIform="placeName">
                        <settlement type="city" TEIform="settlement">Post Vincennes</settlement>
                    </placeName>. where they were protected by the French inhabitants."</p><p TEIform="p">It was unfortunate that Captain Shannon did not do as the <pb n="83" id="VAA4025-004-2-029" TEIform="pb"/> other
                    settlers. It was but a short distance, probably less than a mile, from the town. The Indians
                    attacked his home and proceeded to massacre him and his family. Mary attempted to escape, but some
                    of the Indians pursued and brought her back. In her great distress she called upon her Maker for
                    help, exclaiming, "Oh, mon Dieu, oh, mon Dieu." The Indians, recognizing these
                    words as French, supposed her to be a French girl and gave her her liberty. She then hurried toward <placeName TEIform="placeName">
                        <settlement type="city" TEIform="settlement">Vincennes</settlement>
                    </placeName> and hailing persons on the opposite hank of the river for help, they took her over in a
                    boat to the village. Here she was soon provided for.</p><p TEIform="p">The story of "Alice" tells us that Gaspard Roussillon became her foster father. Was
                    he a real personage? There can be no doubt that Captain Francis Bosseron was the Gaspard Roussillon
                    of the story. In the first place, the story throughout refers to him as mayor and captain. At the
                    time the French inhabitants organized, took possession of the fort and raied the flag, there was no
                    captain of any kind of troops in <placeName TEIform="placeName">
                        <settlement type="city" TEIform="settlement">Vincennes</settlement>
                    </placeName>. Upon the return of Father Gibault and his report of the proceedings of the inhabitants
                    of <placeName TEIform="placeName">
                        <settlement type="city" TEIform="settlement">Vincennes</settlement>
                    </placeName>, Colonel Clark sent over a captain's commission (now in possession of the
                    writer) to Francis Bosseron. It was written in French, for Clark scarcely knew a word of French, nor
                    Bosseron of English. Translated, it reads as follows:</p><p TEIform="p">
                    <text TEIform="text"><body TEIform="body"><div type="letter" org="uniform" sample="complete" part="N" TEIform="div"><p TEIform="p">"No. 1.</p><p TEIform="p">"By George Rogers Clark, Esqr., Colonel Commanding <placeName TEIform="placeName">
                                        <region TEIform="region">East Illinois</region>
                                    </placeName> and its dependencies, etc., etc., etc.</p><p TEIform="p">"By virtue of the power and authority vested in me by his Excellency,
                                    Patrick Henry, Governor and First Magistrate of <placeName TEIform="placeName">
                                        <region type="state" reg="vau" TEIform="region">Virginia</region>
                                    </placeName>, etc., I name, appoint and constitute you by these presents, captain of
                                    a militia company at <placeName TEIform="placeName">
                                        <settlement type="city" TEIform="settlement">Poste Vincennes</settlement>
                                    </placeName>. In consequence of which you will carefully discharge all the duties
                                    pertaining to the same.</p><closer TEIform="closer">"Given under my hand and seal at Fort Clark, this 10th day of August,
                                    1778. <signed rend="right" TEIform="signed">G. R. C<hi rend="sc" TEIform="hi">LARK</hi>."</signed>
                                </closer></div></body></text>
                </p><p TEIform="p">The No. 1 at the left hand corner of the commission shows that it was the first commission issued by
                    him after he and his troops left the falls of the <placeName TEIform="placeName">
                        <region type="state" reg="ohu" TEIform="region">Ohio</region>
                    </placeName> (now <placeName TEIform="placeName">
                        <settlement type="city" TEIform="settlement">Louisville</settlement>
                    </placeName>) on their expedition.</p><pb n="84" id="VAA4025-004-2-030" TEIform="pb"/><p TEIform="p">Shannon, Alice's father, was conductor of the military stores at <placeName TEIform="placeName">
                        <settlement type="city" TEIform="settlement">Kaskaskia</settlement>
                    </placeName> and Bosseron held the same position at <placeName TEIform="placeName">
                        <settlement type="city" TEIform="settlement">Vincennes</settlement>
                    </placeName>. They necessarily were in close correspondence. In the letter of Shannon to Bosseron,
                    dated at <placeName TEIform="placeName">
                        <settlement type="city" TEIform="settlement">Kaskaskia</settlement>
                    </placeName>, June 15, 1779, referred to above, he concludes with the words, "My
                    compliments to Madame Bosseron," which he would not likely do unless their families were in
                    close social relations. Bosseron being rich and liberal, it is natural that he should step in and
                    protect the orphaned child of his friend. In this connection it may be remarked that no reference to
                    Bosseron or, indeed, to any other person as captain of the company of French inhabitants who took
                    possession of British Fort Sackville, is made by any of the Indiana historians. Law, Dillon, English
                    and even Mr. Dunn in his thorough history of early times of Indiana, all seem to have implicitly
                    followed Colonel Clark in his "Memoir." This was written by him several years
                    after the events occurred, and with a great number of events to relate from memory, he might well be
                    excused in making some omissions. It is due to the memory of Mr. Thompson to say that, after a very
                    thorough investigation of the subjects of which he wrote, he was the first historian, under the garb
                    of fiction, to give the name of the French captain above referred to.</p><p TEIform="p">The incidents of the flag, in the main, are clearly historical, but there are some fictions
                    surrounding it. In Captain Bosseron's book of accounts against Captain Leonard Helm, as the
                    representative or agent of the State of <placeName TEIform="placeName">
                        <region type="state" reg="vau" TEIform="region">Virginia</region>
                    </placeName>, he makes, among others, these entries:</p><table TEIform="table"><row role="data" TEIform="row"><cell role="data" rows="1" cols="1" TEIform="cell">1778:</cell><cell role="data" rows="1" cols="1" TEIform="cell"> </cell><cell role="data" rows="1" cols="1" TEIform="cell"> </cell><cell role="data" rows="1" cols="1" TEIform="cell"> </cell><cell role="data" rows="1" cols="1" TEIform="cell"> </cell><cell role="data" rows="1" cols="1" TEIform="cell"> </cell></row><row role="data" TEIform="row"><cell role="data" rows="1" cols="1" TEIform="cell">Nov. 4.</cell><cell role="data" rows="1" cols="1" TEIform="cell">For having raised the company</cell><cell role="data" rows="1" cols="1" TEIform="cell">
                     <hi rend="sup" TEIform="hi">*</hi>500</cell><cell role="data" rows="1" cols="1" TEIform="cell">"</cell><cell role="data" rows="1" cols="1" TEIform="cell">—</cell><cell role="data" rows="1" cols="1" TEIform="cell">"</cell></row><row role="data" TEIform="row"><cell role="data" rows="1" cols="1" TEIform="cell">Nov. 12.</cell><cell role="data" rows="1" cols="1" TEIform="cell">Paid to St. Marie for 5 ells of red serge for the flag, at 9</cell><cell role="data" rows="1" cols="1" TEIform="cell">45</cell><cell role="data" rows="1" cols="1" TEIform="cell">"</cell><cell role="data" rows="1" cols="1" TEIform="cell">—</cell><cell role="data" rows="1" cols="1" TEIform="cell">"</cell></row><row role="data" TEIform="row"><cell role="data" rows="1" cols="1" TEIform="cell"> </cell><cell role="data" rows="1" cols="1" TEIform="cell">Paid to Mr. Dajenet for 3 3/4 ells of green serge at 10</cell><cell role="data" rows="1" cols="1" TEIform="cell">37</cell><cell role="data" rows="1" cols="1" TEIform="cell">"</cell><cell role="data" rows="1" cols="1" TEIform="cell">10</cell><cell role="data" rows="1" cols="1" TEIform="cell">"</cell></row><row role="data" TEIform="row"><cell role="data" rows="1" cols="1" TEIform="cell"> </cell><cell role="data" rows="1" cols="1" TEIform="cell">Paid Madame Goderre for making the flag</cell><cell role="data" rows="1" cols="1" TEIform="cell">25</cell><cell role="data" rows="1" cols="1" TEIform="cell">"</cell><cell role="data" rows="1" cols="1" TEIform="cell">—</cell><cell role="data" rows="1" cols="1" TEIform="cell">"</cell></row></table><list type="footnotes" TEIform="list"><item TEIform="item">
                  <hi rend="sup" TEIform="hi">*</hi> See footnotes p. 85.</item></list><pb n="85" id="VAA4025-004-2-031" TEIform="pb"/><p TEIform="p">From these entries we can obtain almost a full and precise description of the flag. It consisted of
                    two stripes—one of red and the other of green. The extra length of the red stripe of 1
                    3/4 ells —the French ell being 40 inches in length—being taken off to form the
                    shield in its proper place, left the flag about 11 feet in length. Whether or not a coat of arms was
                    blazoned on the shield is not known. Nor is it known exactly what the cost price was. From the
                    figures of Captain Bosseron, whether in French currency or in <placeName TEIform="placeName">
                        <region type="state" reg="vau" TEIform="region">Virginia</region>
                    </placeName> currency of $3.33 1/2 to the pound, as was usual afterward, it would be a
                    very costly flag.<hi rend="sup" TEIform="hi">*</hi> But it was a famous flag for the reason that it
                    was the first American flag in all that vast extent of country. * *
                    * The quartermaster's office in the War Department at <placeName TEIform="placeName">
                        <settlement type="city" TEIform="settlement">Washington City</settlement>
                    </placeName> and Lossing's Field Book of the Revolution contain an abundance of flag lore,
                    but they contain no instance of a display of an American flag west of the Atlantic States.</p><p TEIform="p">As to the other characters and events mentioned in "Alice," they were either known
                    to the general reader of <placeName TEIform="placeName">
                        <settlement type="city" TEIform="settlement">Vincennes</settlement>
                    </placeName> history or are fictitious. The writer knew "Alice" well in her old
                    age. It so happened that her youngest son, named William Shannon, after her father, and the writer
                    were playmates together, and their families being near neighbors, he often visited her house. In her
                    personal appearance and character she was well described by the author. But he states several times
                    that she was not to be regarded as beautiful. The writer would have thought otherwise, and that in
                    her girlhood days she must have been a beautiful girl. The most prominent features of her character
                    were her independence and kindiness. She was, in fact, such a woman that the men would have called
                    her "grand old lady" and the ladies "a sweet old lady."</p><list type="footnotes" TEIform="list"><item TEIform="item">
                  <hi rend="sup" TEIform="hi">*</hi> Both Judge Lasselle and Mr. Smith, in commenting upon this,
                        seem to be confused as to the currency. There can be no question, however, that in the account
                        book, where the denominations are represented by ditto marks, the large denomination is
                        "livre" (one-fifth of a "piastre," or Spanish dollar, and
                        about 18 1/2 or 19 1/2 cents of our money), and the smaller is "sol" (modern
                        "sou," being about one-twentieth of the livre and therefore about the same as
                        our cent), both French. For "having raised the company" the charge was
                        therefore $95—-$100, the total cost of the
                        "flag" was a little more,
                            $100–$103."—<hi rend="i" TEIform="hi">Editor</hi>.</item></list></div></body></text></TEI.2>