<?xml version="1.0" encoding="UTF-8"?><!DOCTYPE TEI.2 SYSTEM "http://purl.dlib.indiana.edu/iudl/imh/resource/xml/imh_issue.dtd"><TEI.2><teiHeader type="text" status="new" TEIform="teiHeader"><fileDesc TEIform="fileDesc"><titleStmt TEIform="titleStmt"><title TEIform="title">Indiana Magazine of History</title><respStmt TEIform="respStmt"><resp TEIform="resp">Generated by</resp><name TEIform="name">Digital Library Program, Indiana University</name></respStmt></titleStmt><publicationStmt TEIform="publicationStmt"><publisher TEIform="publisher">Digital Library Program, Indiana University</publisher><pubPlace TEIform="pubPlace">Bloomington, IN</pubPlace><date TEIform="date">2007</date><availability status="unknown" TEIform="availability"><p TEIform="p">Copyright 2007 Trustees of Indiana University</p><p TEIform="p">Indiana University provides the information contained in this file for non-commercial,
        personal, or research use only. All other use, including but not limited to commercial or
        scholarly reproductions, redistribution, publication or transmission, whether by electronic
        means or otherwise, without prior written permission of the copyright holder is strictly
        prohibited.</p></availability></publicationStmt><seriesStmt TEIform="seriesStmt"><title TEIform="title">Indiana Magazine of History</title></seriesStmt><sourceDesc default="NO" TEIform="sourceDesc"><biblStruct default="NO" TEIform="biblStruct"><analytic TEIform="analytic"><title TEIform="title">Editorial and Miscellanous</title></analytic><monogr TEIform="monogr"><title TEIform="title">Indiana Magazine of History</title><imprint TEIform="imprint"><pubPlace TEIform="pubPlace">Bloomington, IN</pubPlace><publisher TEIform="publisher">Indiana University Department of History in cooperation with the Indiana
                                Historical Society</publisher><date TEIform="date">1907</date><biblScope type="issue" TEIform="biblScope">3</biblScope><biblScope type="volume" TEIform="biblScope">3</biblScope><biblScope type="pages" TEIform="biblScope">146-148</biblScope></imprint></monogr></biblStruct></sourceDesc></fileDesc></teiHeader><text><body><pb n="[146]" id="VAA4025-003-3-046" TEIform="pb"/><div type="editorialMaterial" id="VAA4025-003-3-a11" org="uniform" sample="complete" part="N" TEIform="div"><head TEIform="head">EDITORIAL AND MISCELLANOUS.</head><p rend="center" TEIform="p">INDIANA ARCHIVES.</p><p TEIform="p">A Department of Archives in connection with the State Library, for which a limited appropriation was made some
                    time ago, has at length become a reality, though its permanency, we believe, has not yet been established.
                    Prof. Harlow Lindley, of Earlham College, in whose hands the work has been put, has spent the summer
                    collecting and organizing material. Two features of Professor Lindley's plan that call for especial mention
                    are (1) the discovery and purchase, for the State Library, of historical material; and, (2) the locating of
                    material over the State that can not be purchased, and at least preparing an intelligent bibliography of the
                    same, so that a student working through the library as a bureau of information can get on the track of as wide
                    a range as possible of documents relating to his subject. The need of something of this kind is obvious to all
                    who have attempted to write in Indiana history and aimed to do it with any thoroughness. Only such know the
                    fragmentary and chaotic character of much of the material relating to important phases of our history, and
                    will hail any effective attempt to add to that material. We await with interest the accomplishment of the
                    archives department.</p><p rend="center" TEIform="p">STATE HOUSE DOCUMENTS.</p><p TEIform="p">For many years there has been stored in the basement of the State House a great mass of books and papers
                    relating to the business of the auditor's office from the beginning. These have recently been overhauled,
                    sorted and put in orderly arrangement, with the result that many documents of decided value have been
                    unearthed. Prominent among these are the original books of various land offices of the State, the records of
                    the <placeName TEIform="placeName">
                        <settlement type="city" key="tgn_2032394" reg="Jeffersonville" TEIform="settlement">Jeffersonville</settlement>
                    </placeName> office being especially full. A particularly noteworthy find was the unpublished Journal of the
                    territorial House of Representatives of 1813, and this borrows further interest from the date, which was the
                    year of the removal of the territorial capital from <pb n="147" id="VAA4025-003-3-047" TEIform="pb"/>
                    <placeName TEIform="placeName">
                        <settlement type="city" key="tgn_7018808" reg="Vincennes" TEIform="settlement">Vincennes</settlement>
                    </placeName>. Few particulars, in our published records, are given of that removal. These old records
                    disclose, among other things, that one argument for the removal was the unsafe situation of <placeName TEIform="placeName">
                        <settlement type="city" key="tgn_7018808" reg="Vincennes" TEIform="settlement">Vincennes</settlement>
                    </placeName> in view of the hostile disposition of the Indians and the necessity of removing the seat of
                    government "to a place where the Archives of State and the claims of individuals should not be endangered." In
                    pursuance of a resolution that the capital "be removed from <placeName TEIform="placeName">
                        <settlement type="city" key="tgn_7018808" reg="Vincennes" TEIform="settlement">Vincennes</settlement>
                    </placeName> to some convenient place in said Territory," we further find that <placeName TEIform="placeName">
                        <settlement type="city" key="tgn_2032579" reg="Lawrenceburg" TEIform="settlement">Lawrenceburgh</settlement>
                    </placeName>, <placeName TEIform="placeName">
                        <settlement type="city" key="tgn_2032714" reg="Madison" TEIform="settlement">Madison</settlement>
                    </placeName>, <placeName TEIform="placeName">
                        <settlement type="city" key="tgn_2033996" reg="Vevay" TEIform="settlement">Vevay</settlement>
                    </placeName>, <placeName TEIform="placeName"><settlement type="city" key="tgn_2031350" reg="Charlestown" TEIform="settlement">Charleston</settlement></placeName>, <placeName TEIform="placeName">
                        <settlement type="city" key="tgn_2032394" reg="Jeffersonville" TEIform="settlement">Jeffersonville</settlement></placeName>, <placeName TEIform="placeName">
                        <settlement type="city" key="tgn_2031382" reg="Clarksville" TEIform="settlement">Clarksville</settlement>
                    </placeName> and <placeName TEIform="placeName">
                        <settlement type="city" key="tgn_2031490" reg="Corydon" TEIform="settlement">Corydon</settlement>
                    </placeName> all advanced their claims to the distinction of which <placeName TEIform="placeName">
                        <settlement type="city" key="tgn_7018808" reg="Vincennes" TEIform="settlement">Vincennes</settlement>
                    </placeName> was to be shorn. <placeName TEIform="placeName">
                        <settlement type="city" key="tgn_2032714" reg="Madison" TEIform="settlement">Madison</settlement>
                    </placeName> in particular, under the wing of William McFarland, set forth her advantages in a stiff argument,
                    backing the same by the offer of a thousand-dollar bonus.</p><p rend="center" TEIform="p">CENTRAL <geogName key="tgn_7014265" reg="Ohio River" TEIform="geogName">OHIO</geogName> VALLEY HISTORY
                    CONFERENCE.</p><p TEIform="p">With a view to promoting throughout the central <geogName key="tgn_7014265" reg="Ohio River" TEIform="geogName">Ohio</geogName>
                    valley a wider interest in local history than now exists, our <placeName TEIform="placeName">
                        <region type="state" key="tgn_7007706" reg="Ohio" TEIform="region">Ohio</region>
                    </placeName> friends have taken the initiative and set on foot a plan for a history conference to be held in <placeName TEIform="placeName">
                        <settlement type="city" key="tgn_7013604" reg="Cincinnati" TEIform="settlement">Cincinnati</settlement>
                    </placeName> on November 29 and 30, 1907. Some twelve organizations of <placeName TEIform="placeName">
                        <settlement type="city" key="tgn_7013604" reg="Cincinnati" TEIform="settlement">Cincinnati</settlement>
                    </placeName>, representing history, archaeology and kindred interests, are back of this. The aim is to reach
                    out over the territory named and enlist the cooperation of teachers of history, specialists in local history,
                    members of patriotic organizations, etc. Out of it, it is hoped, will come some permanent cooperation among
                    the various historical societies of the <geogName key="tgn_7014265" reg="Ohio River" TEIform="geogName">Ohio</geogName> valley.
                    At this writing the program can not be fully and accurately given, but Dr. Reuben Gold Thwaites, of the <placeName TEIform="placeName">
                        <region type="state" key="tgn_7007922" reg="Wisconsin" TEIform="region">Wisconsin</region>
                    </placeName> State Historical Society, and Professor J. A. James, of the Northwestern University, will be the
                    principal speakers. The former will discuss "Local History Societies," and the latter "The Teacher of the
                    Social Sciences." Professor James's paper will be discussed by Professor S. B. Harding, of Indiana University,
                    Dr. B. L. Jones, of the Louisville Manual Training High School, and Professor C. L. Martzolff, of Ohio
                    University. These, respectively, will represent the university, the secondary schools and the grades. Other
                    addresses will be on The Unpublished Collections of the <geogName key="tgn_7014265" reg="Ohio River" TEIform="geogName">Ohio</geogName> Valley; Historical and Quasi-historical Literature of the <geogName key="tgn_7014265" reg="Ohio River" TEIform="geogName">Ohio</geogName> Valley; Local Historical Periodicals of the <geogName key="tgn_7014265" reg="Ohio River" TEIform="geogName">Ohio</geogName> Valley, Past and Present; Possible <pb n="148" id="VAA4025-003-3-048" TEIform="pb"/>
                    Methods of Cooperation; State Aid in Local History Work, and the Historical Work of State Librarians.</p><p rend="center" TEIform="p">LOCAL HISTORY CONTRIBUTIONS.</p><p TEIform="p">
                    <hi rend="i" TEIform="hi">
                        <placeName TEIform="placeName">
                            <region type="county" key="tgn_2000540" reg="Clay" TEIform="region">Clay County</region>
                        </placeName> Canal War.</hi>—Captain T. M. Robertson, of <placeName TEIform="placeName">
                        <settlement type="city" key="tgn_2031163" reg="Brazil" TEIform="settlement">Brazil</settlement>
                    </placeName>, Indiana, sends us a copy of the <hi rend="i" TEIform="hi">
                        <placeName TEIform="placeName">
                            <settlement type="city" key="tgn_2031163" reg="Brazil" TEIform="settlement">Brazil</settlement>
                        </placeName> Daily Times</hi> of date June 21, 1907, containing an interesting account of the old-time
                    trouble between citizens of <placeName TEIform="placeName">
                        <region type="county" key="tgn_2000540" reg="Clay" TEIform="region">Clay county</region>
                    </placeName> and the lower Wabash canal. This article, signed "M. Artz," is said to contain facts hitherto
                    unpublished. We regret that we have not space in this number to reprint it, and may do so at another time. In
                    substance it relates that the canal company, at a risk to public health, maintained near the present town of <placeName TEIform="placeName">
                        <settlement type="city" key="tgn_2033573" reg="Saline City" TEIform="settlement">Saline</settlement>
                    </placeName> a great pond, known as <geogName key="tgn_2173325" reg="Birch Creek" TEIform="geogName">Birch Creek</geogName>
                    reservoir, which covered nearly a thousand acres. Protests being unavailing, in 1854 the embankments and
                    feeder-dam were repeatedly cut, letting out the water and stopping navigation. Governor Wright offered a
                    reward for the perpetrators, only to be ridiculed; the militia was called out, and the trouble was long after
                    known as the "Reservoir War."</p><p TEIform="p">
                    <hi rend="i" TEIform="hi">Early <placeName TEIform="placeName">
                            <settlement type="city" key="tgn_7014174" reg="Muncie" TEIform="settlement">Muncie</settlement>
                        </placeName> Letters.</hi>–-The <hi rend="i" TEIform="hi"><placeName TEIform="placeName">
                            <settlement type="city" key="tgn_7014174" reg="Muncie" TEIform="settlement">Muncie</settlement>
                        </placeName> Sunday Star</hi> for June 23, 1907, publishes more than three columns of old letters that
                    have considerable local interest. These were written by Margaret Blount, of <placeName TEIform="placeName">
                        <settlement type="city" key="tgn_7014174" reg="Muncie" TEIform="settlement">Muncie</settlement>
                    </placeName>, and extend in time from 1826 to 1864. These letters, well-written, sprightly and gossipy, make
                    excellent reading and give graphic and intimate pictures of old "<placeName TEIform="placeName"><settlement type="city" key="tgn_7014174" reg="Muncie" TEIform="settlement">Muncie-town</settlement></placeName>" and its surroundings.</p><p TEIform="p">
                    <hi rend="i" TEIform="hi">Historical Sketches of <placeName TEIform="placeName">
                            <region type="county" key="tgn_1002242" reg="Cass" TEIform="region">Cass County</region>
                        </placeName>.</hi>–-In our last issue we noticed a series of articles by W. S. Wright, on the early
                    history of <placeName TEIform="placeName">
                        <settlement type="city" key="tgn_2032657" reg="Logansport" TEIform="settlement">Logansport</settlement>
                    </placeName> and <placeName TEIform="placeName">
                        <region type="county" key="tgn_1002242" reg="Cass" TEIform="region">Cass county</region>
                    </placeName>, that have been running in the <hi rend="i" TEIform="hi">
                        <placeName TEIform="placeName">
                            <settlement type="city" key="tgn_2032657" reg="Logansport" TEIform="settlement">Logansport</settlement>
                        </placeName> Journal.</hi> Since then we are in receipt of a circular announcing that these sketches,
                    along with papers that have been read before the Historical Society of <placeName TEIform="placeName">
                        <settlement type="city" key="tgn_2032657" reg="Logansport" TEIform="settlement">Logansport</settlement>
                    </placeName>, have been published by Mr. Wright (who is secretary of the society) in a book of two hundred
                    pages, covering a wide variety of themes relating to early <placeName TEIform="placeName">
                        <region type="county" key="tgn_1002242" reg="Cass" TEIform="region">Cass county</region>
                    </placeName>, such as Pioneer Days; Indian Wars; the Mexican, Civil and Spanish Wars; School and Church
                    Sketches; the Old Swimmin' Holes; Bands of Other Days; Early Transportation and Early Families. The volume may
                    be had for $1.50 of W. S. Wright, <placeName TEIform="placeName">
                        <settlement type="city" key="tgn_2032657" reg="Logansport" TEIform="settlement">Logansport</settlement>
                    </placeName>, Ind.</p></div></body></text></TEI.2>