<?xml version="1.0" encoding="UTF-8"?><!DOCTYPE TEI.2 SYSTEM "http://purl.dlib.indiana.edu/iudl/imh/resource/xml/imh_issue.dtd"><TEI.2><teiHeader type="text" status="new" TEIform="teiHeader"><fileDesc TEIform="fileDesc"><titleStmt TEIform="titleStmt"><title TEIform="title">Indiana Magazine of History</title><respStmt TEIform="respStmt"><resp TEIform="resp">Encoded by</resp><name TEIform="name">Aptara Inc.</name></respStmt></titleStmt><publicationStmt TEIform="publicationStmt"><publisher TEIform="publisher">Digital Library Program, Indiana University</publisher><pubPlace TEIform="pubPlace">Bloomington, IN</pubPlace><date TEIform="date">2007</date><availability status="unknown" TEIform="availability"><p TEIform="p">Copyright 2007 Trustees of Indiana University</p><p TEIform="p">Indiana University provides the information contained in this file for non-commercial,
        personal, or research use only. All other use, including but not limited to commercial or
        scholarly reproductions, redistribution, publication or transmission, whether by electronic
        means or otherwise, without prior written permission of the copyright holder is strictly
        prohibited.</p></availability></publicationStmt><seriesStmt TEIform="seriesStmt"><title TEIform="title">Indiana Magazine of History</title></seriesStmt><sourceDesc default="NO" TEIform="sourceDesc"><biblStruct default="NO" TEIform="biblStruct"><analytic TEIform="analytic"><title TEIform="title">Indiana's First Sunday-School Convention</title><author TEIform="author">George S. Cottman</author></analytic><monogr TEIform="monogr"><title TEIform="title">Indiana Magazine of History</title><imprint TEIform="imprint"><pubPlace TEIform="pubPlace">Indianapolis, IN</pubPlace><publisher TEIform="publisher">Published Under the Direction of
                                the Indiana Historical Society</publisher><date TEIform="date">1910</date><biblScope type="issue" TEIform="biblScope">2</biblScope><biblScope type="volume" TEIform="biblScope">6</biblScope><biblScope type="pages" TEIform="biblScope">89-90</biblScope></imprint></monogr></biblStruct></sourceDesc></fileDesc><revisionDesc TEIform="revisionDesc"><change TEIform="change"><date TEIform="date">2007-06-25</date><respStmt TEIform="respStmt"><name TEIform="name">Natalie E. Whitted</name></respStmt><item TEIform="item">Changed pubPlace and publisher.</item></change></revisionDesc></teiHeader><text><body><pb n="[89]" id="VAA4025-006-2-027" TEIform="pb"/><div type="scholarlyArticle" id="VAA4025-006-2-a05" org="uniform" sample="complete" part="N" TEIform="div"><head TEIform="head">INDIANA'S FIRST SUNDAY-SCHOOL CONVENTION.</head><byline TEIform="byline">
               <hi rend="i" TEIform="hi">BY GEORGE S. COTTMAN</hi>.</byline><p TEIform="p">THE first Sunday-school convention in Indiana was held in <placeName TEIform="placeName">
                        <settlement type="city" TEIform="settlement">Indianapolis</settlement>
                    </placeName> fifty-three years ago, or, more specifically, on October 27, 28 and 29, 1857, and was
                    in response to a call issued by a few zealous men who deemed that in the religious instruction of
                    the children lay the hope of the church. The State had for years been active in Sunday-school work,
                    and, according to the statement of one of the workers, <placeName TEIform="placeName">
                        <settlement type="city" TEIform="settlement">Indianapolis</settlement>
                    </placeName> was "regarded as the greatest Sunday-school city in the <placeName TEIform="placeName">
                        <settlement type="city" TEIform="settlement">Union</settlement>
                    </placeName>." The idea of conventions was already in the air, several having been held in
                    other States, and the first suggestion for one here was made by J. W. McIntyre at one of the monthly
                    meetings of the Indianapols Sabbath-School Association. Acting on this suggestion, a committee
                    canvassed the State by letter and circular and elicited an encouraging response. The press generally
                    was hospitable to the idea and most of the railroads offered half-rate transportation to delegates.
                    Hence the call was issued, the object of the convention, as specified, being: "To seek out
                    the best ways of conducting and teaching Sabbath-schools, and to promote a more general interest in
                    the religious education of the young, and greater results from Sabbath-school instruction."</p><p TEIform="p">The attendance and interest evinced quite equaled the expectations of the promoters of the
                    convention. Delegates came from all parts of the State. Of these there were 341 who enrolled and
                    many besides who did not give their names to the secretary. At some of the meetings the old Wesleyan
                    Chapel, on the Circle, was taxed to the utmost to accommodate the attendance.</p><p TEIform="p">The 341 enrolled delegates at this convention represented 166 schools, in the following
                    denominational proportion: Methodist, 65; Old and New School Presbyterian, 37; Union
                    Sabbath-Schools, 23; Baptist, 14; United Brethren, 8; Christian, 8; Lutheran, 3; Cumberland
                    Presbyterian, 2; Congregational, 2; Friends, I; Protestant Methodist, I; Episcopal, I; Associated
                    Reformed <pb n="90" id="VAA4025-006-2-028" TEIform="pb"/> Presbyterian, 1. The Methodists led all the others with
                    138 delegates.</p><p TEIform="p">Tables of statistics compiled as part of the work of this convention name 223 Sunday-schools in the
                    State with an aggregate attendance of a little less than 17,000 pupils.</p><p TEIform="p">The majority of these schools report an increasing prosperity, but during the war period they
                    evidently shared in the general setback, for in the convention of 1865 there were but 150 delegates,
                    representing 125 schools, with 14,600 pupils. After the war the movement gained strength, and in
                    1873 it forged ahead with a showing of 3,116 schools and 252,000 pupils, which was far in advance of
                    the previous year. In 1877 Indiana attained to third rank in the Union as a Sunday-school State, for
                    which credit is given to the labors of W. H. Levering, of <placeName TEIform="placeName">
                        <settlement type="city" TEIform="settlement">Lafayette</settlement>
                    </placeName>, who was a zealous worker in this field.</p><p TEIform="p">In 1887 Indiana had the largest delegation of any State in the Union at the fifth International
                    Convention, held at <placeName TEIform="placeName">
                        <settlement type="city" TEIform="settlement">Chicago</settlement>
                    </placeName>.</p><p TEIform="p">The convention of 1857 is so sunk in oblivion that Mr. Timothy Nicholson, in a historical address on
                    the subject, credits the convention of 1865 as the first State meeting. Between these two dates no
                    other seems to have been held, but since 1865 the annual convention has been convtinuous</p></div></body></text></TEI.2>