<?xml version="1.0" encoding="UTF-8"?><!DOCTYPE TEI.2 SYSTEM "http://purl.dlib.indiana.edu/iudl/imh/resource/xml/imh_issue.dtd"><TEI.2><teiHeader type="text" status="new" TEIform="teiHeader"><fileDesc TEIform="fileDesc"><titleStmt TEIform="titleStmt"><title TEIform="title">Indiana Magazine of History</title><respStmt TEIform="respStmt"><resp TEIform="resp">Encoded by</resp><name TEIform="name">Aptara Inc.</name></respStmt></titleStmt><publicationStmt TEIform="publicationStmt"><publisher TEIform="publisher">Digital Library Program, Indiana University</publisher><pubPlace TEIform="pubPlace">Bloomington, IN</pubPlace><date TEIform="date">2007</date><availability status="unknown" TEIform="availability"><p TEIform="p">Copyright 2007 Trustees of Indiana University</p><p TEIform="p">Indiana University provides the information contained in this file for non-commercial,
        personal, or research use only. All other use, including but not limited to commercial or
        scholarly reproductions, redistribution, publication or transmission, whether by electronic
        means or otherwise, without prior written permission of the copyright holder is strictly
        prohibited.</p></availability></publicationStmt><seriesStmt TEIform="seriesStmt"><title TEIform="title">Indiana Magazine of History</title></seriesStmt><notesStmt TEIform="notesStmt"><note type="review" place="unspecified" anchored="yes" TEIform="note">
                    <note type="titleReviewed" place="unspecified" anchored="yes" TEIform="note">General John Tipton</note>
                    <note type="authorReviewed" place="unspecified" anchored="yes" TEIform="note">M. M. Pershing</note>
                </note></notesStmt><sourceDesc default="NO" TEIform="sourceDesc"><biblStruct default="NO" TEIform="biblStruct"><analytic TEIform="analytic"><title TEIform="title">Book Review</title></analytic><monogr TEIform="monogr"><title TEIform="title">Indiana Magazine of History</title><imprint TEIform="imprint"><pubPlace TEIform="pubPlace">Indianapolis, IN</pubPlace><publisher TEIform="publisher">Published Under the Direction of The Indiana Historical
                                Society</publisher><date TEIform="date">1908</date><biblScope type="issue" TEIform="biblScope">2</biblScope><biblScope type="volume" TEIform="biblScope">4</biblScope><biblScope type="pages" TEIform="biblScope">101-101</biblScope></imprint></monogr></biblStruct></sourceDesc></fileDesc><revisionDesc TEIform="revisionDesc"><change TEIform="change"><date TEIform="date">2007-06-19</date><respStmt TEIform="respStmt"><name TEIform="name">Annette D. Richmond</name></respStmt><item TEIform="item">Changed publication place and publisher, added reviewed author. Changed page
                    numbers to reflect that second part is actually a separate article of type
                    editorialMaterial.</item></change></revisionDesc></teiHeader><text><body><pb n="101" id="VAA4025-004-2-047" TEIform="pb"/><div type="bookReview" id="VAA4025-004-2-a14" org="uniform" sample="complete" part="N" TEIform="div"><head TEIform="head">GENERAL JOHN TIPTON.</head><p TEIform="p">Mr. M. M. Pershing, editor of the <hi rend="i" TEIform="hi">
                  <placeName TEIform="placeName">
                            <region type="county" TEIform="region">Tipton</region>
                        </placeName> Advocate</hi>, has recently written and published a sketch of General John Tipton.
                    He briefly summarizes the career of <placeName TEIform="placeName">
                        <region type="county" TEIform="region">Tipton</region>
                    </placeName> as soldier, senator and citizen. The description of the march from Corydon to the
                    battlefield of <placeName TEIform="placeName">
                        <region type="county" TEIform="region">Tippecanoe</region>
                    </placeName> and the account of the battle itself are enlivened by extracts from <placeName TEIform="placeName">
                        <region type="county" TEIform="region">Tipton</region>
                    </placeName>'s journal, bad spelling and all. The bitter hatred of <placeName TEIform="placeName">
                        <region type="county" TEIform="region">Tipton</region>
                    </placeName> against the Indians is clearly pointed out.</p><p TEIform="p">
               <placeName TEIform="placeName">
                        <region type="county" TEIform="region">Tipton</region>
                    </placeName> was a member of the commission which selected the site for the capital of the State. He
                    was afterward a member of the <placeName TEIform="placeName">
                        <country reg="-us" TEIform="country">United States</country>
                    </placeName> Senate (1831-'38), and a leader in the development of the commonwealth.</p><p TEIform="p">It is a matter of congratulation that some were thoughtful enough to commemorate him by naming a
                    county <placeName TEIform="placeName">
                        <region type="county" TEIform="region">Tipton</region>
                    </placeName>.</p><p TEIform="p">Mr. Pershing deserves credit for this work on early Indiana history. (Printed for private
                    circulation.)</p></div></body></text></TEI.2>