<?xml version="1.0" encoding="UTF-8"?><!DOCTYPE TEI.2 SYSTEM "http://purl.dlib.indiana.edu/iudl/imh/resource/xml/imh_issue.dtd"><TEI.2><teiHeader type="text" status="new" TEIform="teiHeader"><fileDesc TEIform="fileDesc"><titleStmt TEIform="titleStmt"><title TEIform="title">Indiana Magazine of History</title><respStmt TEIform="respStmt"><resp TEIform="resp">Generated by</resp><name TEIform="name">Digital Library Program, Indiana University</name></respStmt></titleStmt><publicationStmt TEIform="publicationStmt"><publisher TEIform="publisher">Digital Library Program, Indiana University</publisher><pubPlace TEIform="pubPlace">Bloomington, IN</pubPlace><date TEIform="date">2007</date><availability status="unknown" TEIform="availability"><p TEIform="p">Copyright 2007 Trustees of Indiana University</p><p TEIform="p">Indiana University provides the information contained in this file for non-commercial,
        personal, or research use only. All other use, including but not limited to commercial or
        scholarly reproductions, redistribution, publication or transmission, whether by electronic
        means or otherwise, without prior written permission of the copyright holder is strictly
        prohibited.</p></availability></publicationStmt><seriesStmt TEIform="seriesStmt"><title TEIform="title">Indiana Magazine of History</title></seriesStmt><sourceDesc default="NO" TEIform="sourceDesc"><biblStruct default="NO" TEIform="biblStruct"><analytic TEIform="analytic"><title TEIform="title">Issac McCoy</title></analytic><monogr TEIform="monogr"><title TEIform="title">Indiana Magazine of History</title><imprint TEIform="imprint"><pubPlace TEIform="pubPlace">Bloomington, IN</pubPlace><publisher TEIform="publisher">Indiana University Department of History in cooperation with the Indiana
                                Historical Society</publisher><date TEIform="date">1916</date><biblScope type="issue" TEIform="biblScope">2</biblScope><biblScope type="volume" TEIform="biblScope">12</biblScope><biblScope type="pages" TEIform="biblScope">190-190</biblScope></imprint></monogr></biblStruct></sourceDesc></fileDesc></teiHeader><text><body><pb n="190" id="VAA4025-012-2-096" TEIform="pb"/><div type="editorialMaterial" id="VAA4025-012-2-a21" org="uniform" sample="complete" part="N" TEIform="div"><head TEIform="head">I<hi rend="sc" TEIform="hi">SSAC</hi> M<hi rend="sc" TEIform="hi">C</hi>C<hi rend="sc" TEIform="hi">OY</hi>
            </head><p TEIform="p">T<hi rend="sc" TEIform="hi">HE</hi> following letter concerning Rev. Isaac McCoy, a pioneer missionary among
                    Indiana Indians, is of interest:</p><p TEIform="p">
                    <text TEIform="text"><body TEIform="body"><div type="letter" org="uniform" sample="complete" part="N" TEIform="div"><p TEIform="p">"I am a grand-daughter of Rev. Isaac McCoy and great-granddaughter of Mrs.
                                    Charles Polk, who was captured by Indians at Kinchelo Station, <placeName TEIform="placeName">
                                        <region type="state" reg="kyu" TEIform="region">Kentucky</region>
                                    </placeName>.</p><p TEIform="p">"My grandfather McCoy died when I was six years old, but I remember him,
                                    especially his dignity and his gentleness. We, his descendants here, regard him as a
                                    truly great man. I have only one of his books, The History of Indiana Missions. His
                                    other works are in a vault in the State Capitol of <placeName TEIform="placeName">
                                        <region type="state" reg="ksu" TEIform="region">Kansas</region>
                                    </placeName>, which vault was built especially to preserve them. He was never a
                                    resident of <placeName TEIform="placeName">
                                        <region type="state" reg="ksu" TEIform="region">Kansas</region>
                                    </placeName>, only sojourning there for a brief period while establishing a mission
                                    for the Indians, but the State Historical Society asked for the privilege of keeping
                                    the books and my father consented.</p><p TEIform="p">"Did you know that my grandfather, Isaac McCoy, named a stream near <placeName TEIform="placeName">
                                        <settlement type="city" TEIform="settlement">Elkhart</settlement>
                                    </placeName>, Indiana, 'Christiana,' for his wife? and that a
                                    lake, mills, launch and a club all bear this name? He wrote when he called this
                                    hitherto unnamed stream for his wife, that the clear, placid, cheery little brook
                                    made him think of her, so he deemed it a fitting title."</p><closer rend="right" TEIform="closer">
                                    <signed TEIform="signed">N<hi rend="sc" TEIform="hi">ELLIE</hi> M<hi rend="sc" TEIform="hi">C</hi>C<hi rend="sc" TEIform="hi">OY</hi> H<hi rend="sc" TEIform="hi">ARRIS</hi>
                           </signed>,
                                    <address TEIform="address"><addrLine TEIform="addrLine">3000A Olive Street, <placeName TEIform="placeName">
                                    <settlement type="city" TEIform="settlement">Kansas City</settlement>, <region type="state" reg="mou" TEIform="region">Mo.</region>
                                 </placeName>
                              </addrLine></address>
                        </closer></div></body></text>
                </p></div></body></text></TEI.2>