<?xml version="1.0" encoding="UTF-8"?><!DOCTYPE TEI.2 SYSTEM "http://purl.dlib.indiana.edu/iudl/imh/resource/xml/imh_issue.dtd"><TEI.2><teiHeader type="text" status="new" TEIform="teiHeader"><fileDesc TEIform="fileDesc"><titleStmt TEIform="titleStmt"><title TEIform="title">Indiana Magazine of History</title><respStmt TEIform="respStmt"><resp TEIform="resp">Generated by</resp><name TEIform="name">Digital Library Program, Indiana University</name></respStmt></titleStmt><publicationStmt TEIform="publicationStmt"><publisher TEIform="publisher">Digital Library Program, Indiana University</publisher><pubPlace TEIform="pubPlace">Bloomington, IN</pubPlace><date TEIform="date">2007</date><availability status="unknown" TEIform="availability"><p TEIform="p">Copyright 2007 Trustees of Indiana University</p><p TEIform="p">Indiana University provides the information contained in this file for non-commercial,
        personal, or research use only. All other use, including but not limited to commercial or
        scholarly reproductions, redistribution, publication or transmission, whether by electronic
        means or otherwise, without prior written permission of the copyright holder is strictly
        prohibited.</p></availability></publicationStmt><seriesStmt TEIform="seriesStmt"><title TEIform="title">Indiana Magazine of History</title></seriesStmt><sourceDesc default="NO" TEIform="sourceDesc"><biblStruct default="NO" TEIform="biblStruct"><analytic TEIform="analytic"><title TEIform="title">Notes</title></analytic><monogr TEIform="monogr"><title TEIform="title">Indiana Magazine of History</title><imprint TEIform="imprint"><pubPlace TEIform="pubPlace">Bloomington, IN</pubPlace><publisher TEIform="publisher">Indiana University Department of History in cooperation with the Indiana
                                Historical Society</publisher><date TEIform="date">1913</date><biblScope type="issue" TEIform="biblScope">4</biblScope><biblScope type="volume" TEIform="biblScope">9</biblScope><biblScope type="pages" TEIform="biblScope">305-316</biblScope></imprint></monogr></biblStruct></sourceDesc></fileDesc></teiHeader><text><body><pb n="305" id="VAA4025-009-4-091" TEIform="pb"/><div type="editorialMaterial" id="VAA4025-009-4-a10" org="uniform" sample="complete" part="N" TEIform="div"><p TEIform="p">"One Hundred Years Ago—The Battle of the Thames" is
                    the leading article in the September number of <hi rend="i" TEIform="hi">The Register of the <placeName TEIform="placeName">
                            <region type="state" reg="kyu" TEIform="region">Kentucky State</region>
                        </placeName> Historical Society.</hi> A. C. Quisenberry, the author, has
                    given a detailed account of the expedition as shown by the official records. The
                    parts taken by Colonel R. M. Johnson, then a member of Congress, and Governor
                    Isaac Shelby are especially dwelt upon. October 5, 1813, was a glorious day for
                    Kentuckians, and they may well take pride in celebrating its centennial
                    anniversary. Before that day they had suffered about all the humiliation that
                    could come from military defeat and Indian barbarity, the massacre on the Raisin
                    adding the last to their well-filled cup of sufferings. Full-page steel
                    engravings of Governor Shelby, Colonel Johnson and Tecum-seh add to the
                    attractiveness of the article.</p><p TEIform="p">A letter by Governor Isaac Shelby to Judge Thomas Todd, asking advice concerning
                    the acceptance of an appointment as commissioner to treat with the Indians while
                    holding the office of Governor, and a letter by Andrew Jackson to the National
                    Institute declining a sarcophagus offered by the Institute are interesting
                    documents in the same number of the <hi rend="i" TEIform="hi">Register.</hi> The answer of
                    Judge Todd is <pb n="306" id="VAA4025-009-4-092" TEIform="pb"/> interesting to us since our
                    first Governor precipitated a State-wide quarrel by doing just what Judge Todd
                    said he had no legal right to do.</p><p TEIform="p">F<hi rend="sc" TEIform="hi">RED</hi> R<hi rend="sc" TEIform="hi">OHRER</hi>, editor and owner of the Berne
                        <hi rend="i" TEIform="hi">Witness,</hi> is the author and publisher of a volume of 146
                    pages just off the press giving the details of his ten years ’ war
                    with the saloons of his town. The liquor men were well intrenched, having a
                    saloon for each 100 inhabitants. From the story it seems that in 1886, when the
                    war was declared, everybody drank and many of the inhabitants were what might be
                    called drunkards. The actual hostilities began in 1902 and lasted till 1906,
                    when the saloons acknowledged their defeat. The fight cost the good citizens
                    $10,500, Rohrer's house was dynamited, he himself was beaten
                    up four times and driven from town several times, on one of which occasions he
                    was housed in the county jail at <placeName TEIform="placeName">
                        <region type="county" TEIform="region">Decatur</region>
                    </placeName>. The book is a genuine epic in style and movement. It is notable
                    also that Mr. Rohrer prospered during the fight, the circulation of the <hi rend="i" TEIform="hi">Witness</hi> increasing rapidly.</p><p TEIform="p">T<hi rend="sc" TEIform="hi">HE</hi>
                    <hi rend="i" TEIform="hi">Iozva Journal of History and Politics</hi> for July contains an
                    interesting summary of the lives of Gurdon Saltonstall Hubbard, an Indian fur
                    trader, and Gershon Flagg, a pioneer farmer of the <placeName TEIform="placeName">
                        <region type="state" reg="ilu" TEIform="region">Illinois</region>
                    </placeName> prairie. Professor Louis Pelzer, of the State University of <placeName TEIform="placeName">
                        <region type="state" reg="iau" TEIform="region">Iowa</region>
                    </placeName>, author of the article, calls it "History Made by Plain
                    Men." Jacob Van der Zee, of the <placeName TEIform="placeName">
                        <region type="state" reg="iau" TEIform="region">Iowa State</region>
                    </placeName> Historical Society, contributes a forty-page article on
                    "Early History of Western <placeName TEIform="placeName">
                        <region type="state" reg="iau" TEIform="region">Iowa</region>
                    </placeName>." Clifford Powell in a seventy-eight-page article
                    concludes his "History of the Codes of <placeName TEIform="placeName">
                        <region type="state" reg="iau" TEIform="region">Iowa</region>
                    </placeName> Law." In these articles, the concluding one is the fifth
                    of the series, the writer sets forth the demand for and the leading principles
                    and characteristics of each revision from the "Old Blue Book"
                    down to the "Supplement of 1907."</p><p TEIform="p">T<hi rend="sc" TEIform="hi">HE</hi> October <hi rend="i" TEIform="hi">American Historical Review</hi>
                    contains a timely article by Professor Guy S. Callender, of Yale University, on
                    "American Economic History." The great amount of attention
                    given to industrial problems and conditions has aroused an historical interest
                    in that field. He points out the similarity between this condition and the
                    preceding one when nearly all the attention of government was given to questions
                    of politics. So pronounced was this influence of the government on history that
                    the past and present generations of historians devoted their entire attention to
                    "political" history. As <pb n="307" id="VAA4025-009-4-093" TEIform="pb"/> a
                    result of the emphasis laid in recent years by the government on economic
                    legislation nearly all the monographs now being written deal with some phase of
                    economic history.</p><p TEIform="p">Another interesting article in the same number of the <hi rend="i" TEIform="hi">Review</hi> is
                    by Professor C. H. Van Tyne, of the University of <placeName TEIform="placeName">
                        <region type="state" reg="miu" TEIform="region">Michigan</region>
                    </placeName>, and discusses "The Clergy and the American
                    Revolution." "After twelve years ’ study of the
                    period," says Professor Van Tyne, "I am not convinced that the
                    economic causes of which so much has been made, are adequate alone to explain
                    the bitterness of the controversy. Among the many causes I rate religious
                    bigotry, sectarian antipathy, and the influence of the Calvinistic clergy as
                    among the most important." The author of this surprising statement is
                    as well prepared as any living historian to speak with authority on the history
                    of the Revolution.</p><p TEIform="p">T<hi rend="sc" TEIform="hi">HE</hi>
                    <hi rend="i" TEIform="hi">American Economic Review</hi> for September, 1913, has a study of
                    "Farm Credit in a Northwestern State" by Meyer Jacobstein, of
                    the University of North Dakota. The author favors "some form of
                    cooperation as a means of lowering the interest rates on borrowed
                    capital." A table shows that the average interest on farm longtime
                    loans is 7.88 per cent.; while the average for short loans is 10.25 Percent- The
                    study further showed that 87 per cent, of the farmers bought their farming
                    implements on credit. The average interest on these notes is 10.26 per cent.</p><p TEIform="p">I<hi rend="sc" TEIform="hi">N</hi>
                    <hi rend="sc" TEIform="hi">THE</hi>
                    <hi rend="i" TEIform="hi">American Political Science Review</hi> Charles Kettleborough, of
                    the Indiana Legislative Reference Department, explains the purpose and
                    provisions of the new Indiana law for the extermination of rats. The law
                    provides a penalty of from ten to one hundred dollars for maintaining a building
                    infested by rats. The execution of the law is in the hands of the health
                    officers.</p><p TEIform="p">I<hi rend="sc" TEIform="hi">N</hi> the July number of the <hi rend="i" TEIform="hi">Journal of the <placeName TEIform="placeName">
                            <region type="state" reg="ilu" TEIform="region">Illinois State</region>
                        </placeName> Historical Society</hi> Dr. Evarts Boutell Greene outlines the
                    work now being done by the State Historical Library of <placeName TEIform="placeName">
                        <region type="state" reg="ilu" TEIform="region">Illinois</region>
                    </placeName>. This body under the laws of <placeName TEIform="placeName">
                        <region type="state" reg="ilu" TEIform="region">Illinois</region>
                    </placeName> is substantially a State Department of History. Its first and chief
                    duty as given by Dr. Greene is the collection and preservation of the historical
                    materials of the State. The law establishing the library says: "Besides
                    collecting these books and manuscripts the State Historical Library is also
                    charged with the duty of publishing historical documents. For the present this
                    work is limited <pb n="308" id="VAA4025-009-4-094" TEIform="pb"/> to the publication of
                    original documents rather than historical essays or monographs."</p><p TEIform="p">I<hi rend="sc" TEIform="hi">N</hi> view of the general dissatisfaction with the present means
                    of raising public revenue in Indiana, the article by Professor F. J. Goodnow in
                    the September <hi rend="i" TEIform="hi">Political Science Quarterly,</hi> entitled
                    "Congressional Regulation of State Taxation" cannot fail to be
                    interesting. In the same number Robert Livingston Schuyler has an interesting
                    discussion of the origin of the public land system, entitled "Working
                    Toward a Federal Domain."</p><p TEIform="p">I<hi rend="sc" TEIform="hi">N</hi>
                    <hi rend="sc" TEIform="hi">THK</hi>
                    <hi rend="i" TEIform="hi">Sewanee Review</hi> (Sewanee, <placeName TEIform="placeName">
                        <region type="state" reg="tnu" TEIform="region">Tennessee</region>
                    </placeName>) of October, A. R. H. Ranson, of Catonsville, <placeName TEIform="placeName">
                        <region type="state" reg="mdu" TEIform="region">Maryland</region>
                    </placeName>, begins his "Reminiscences of the Civil War by a
                    Confederate Staff Officer." The war seems to have left no bitterness on
                    his part—a remark that applies to almost all the Confederate
                    veterans. There is a charm in the style of Mr. Ranson that makes one forget he
                    is reading history.</p><p TEIform="p">T<hi rend="sc" TEIform="hi">HE</hi> October number of the <hi rend="i" TEIform="hi">
                  <placeName TEIform="placeName">
                            <region type="state" reg="vau" TEIform="region">Virginia</region>
                        </placeName> Magazine of History and Biography</hi> contains the
                    appraisement of the Estate of Philip Lud-well." As a glimpse of the
                    plantation life of the time—he died in 1767—it has great
                    historical interest. The Ludwell plantations lay along the north bank of the
                        <geogName TEIform="geogName">James river</geogName> near <placeName TEIform="placeName">
                        <settlement type="city" TEIform="settlement">Jamestown</settlement>
                    </placeName>. There were 236 slaves listed in the appraisement. The prices
                    varied from £70 for first-class men and women down to <hi rend="i" TEIform="hi">£1</hi> for old "mammies." The aggregate value
                    of the slaves was over £10,000,—far more than that of any
                    other single heading. There were 50 head of draught steers, a large number of
                    "stock cattle" and hogs; 110,000 pounds of tobacco, large
                    quantities of wine and cider; several hundred bushels of wheat, and 23 reap
                    hooks with which it had been harvested. Altogether the schedule gives one a
                    definite idea of the plantation life. The old mahogany furniture, the dessert
                    dishes, the chocolate cups and saucers, the 39 finger glasses, the plate
                    warmers, the dressing tables with double mirrors, the leather couches, the silk
                    bed-quilts, the speaking trumpet, the pewter cooler, the 6 sets of gilt cups,
                    the 22 blue and white china dishes, the red and white gilt dishes, 24 cider
                    glasses, 9 strong beer glasses, 58 wine glasses, 99 jelly glasses, 2 tea boards
                    with sliders, 2 dozen ivory knives and forks, 5 brass chafing dishes, the nut
                    crackers, the sniffers, the snuffers, the Japan waters, the copper coolers, the
                    hour glasses, the reading frames and <pb n="309" id="VAA4025-009-4-095" TEIform="pb"/> the
                    libraries,—all these help to make up a picture of high living not
                    usually thought of in connection with Colonial life.</p><p TEIform="p">T<hi rend="sc" TEIform="hi">HE</hi>
                    <hi rend="i" TEIform="hi">Library Occurrent</hi> for September, 1913, thus speaks of <hi rend="i" TEIform="hi">The Story of Indiana and Its People</hi> by Robert J. Aley and Max
                    Aley, now in the Young Peoples ’ Reading Circle: "The
                    authors state in their preface that their purpose is ‘to furnish the
                    young people of Indiana with an accurate story of the settlement and growth of
                    the State. ’ Since accuracy is their aim it is regrettable that much
                    of the contents of the book, instead of being based on the results of original
                    research, is a rehash of old treatises which recent investigations have proved
                    inaccurate. The book is textbook in style and bids fair to repel rather than to
                    awaken an interest in the history of our State." The editors of the
                    INDIANA MAGAZINE OF HISTORY regret that they can not disagree with this estimate
                    of the book.</p><p TEIform="p">T<hi rend="sc" TEIform="hi">HE</hi>
                    <hi rend="i" TEIform="hi">Southwestern Historical Quarterly</hi> for October contains ats
                    article on the "Movement for State Division in <placeName TEIform="placeName">
                        <region type="state" reg="cau" TEIform="region">California</region>
                    </placeName>, 1849-1860" by William H. Ellison. It furnishes still more
                    evidence of the width and depth of the slavery struggle. Professor Isaac joslin
                    Cox, of the University of <placeName TEIform="placeName">
                        <settlement type="city" TEIform="settlement">Cincinnati</settlement>
                    </placeName>, continues his discission of the "<placeName TEIform="placeName">
                        <region type="state" reg="lau" TEIform="region">Louisiana</region>
                    </placeName>-<placeName TEIform="placeName">
                        <region type="state" reg="txu" TEIform="region">Texas</region>
                    </placeName> Frontier" in the same issue.</p><p TEIform="p">T<hi rend="sc" TEIform="hi">HE</hi> leading article in the <hi rend="i" TEIform="hi">
                  <placeName TEIform="placeName">
                            <region type="state" reg="ncu" TEIform="region">North Carolina</region>
                        </placeName> Booklet</hi> for October is the address delivered by Marshall
                    De Lancey Haywood to the <placeName TEIform="placeName">
                        <settlement type="city" TEIform="settlement">Roanoke</settlement>
                    </placeName> Colony Memorial Association at <placeName TEIform="placeName">
                        <settlement type="city" TEIform="settlement">Old Fort Raleigh</settlement>
                    </placeName>, on <placeName TEIform="placeName">
                        <settlement type="city" TEIform="settlement">Roanoke</settlement>
                    </placeName> Island, at the celebration of <placeName TEIform="placeName">
                        <region type="state" reg="vau" TEIform="region">Virginia</region>
                    </placeName> Dare Day, August 19, 1913. The address is an historical narrative
                    of the American enterprises of Sir Walter Raleigh. The <hi rend="i" TEIform="hi">Booklet</hi>
                    is published quarterly at <placeName TEIform="placeName">
                  <settlement type="city" TEIform="settlement">Raleigh</settlement>, <region type="state" reg="ncu" TEIform="region">North
                        Carolina</region>
               </placeName>, by the <placeName TEIform="placeName">
                        <region type="state" reg="ncu" TEIform="region">North Carolina</region>
                    </placeName> Society, Daughters of the American Revolution.</p><p TEIform="p">I<hi rend="sc" TEIform="hi">N</hi> this connection attention may be called to the article in
                    the September number of <hi rend="i" TEIform="hi">Blackwood's Magazine,</hi> by G.
                    Cunningham Terry, on "Sir Walter Raleigh's Lost Colony of <placeName TEIform="placeName">
                        <settlement type="city" TEIform="settlement">Roanoke</settlement>
                    </placeName>."</p><p TEIform="p">T<hi rend="sc" TEIform="hi">HE</hi>
                    <hi rend="i" TEIform="hi">
                  <placeName TEIform="placeName">
                            <settlement type="city" TEIform="settlement">Indianapolis</settlement>
                        </placeName> News</hi> of October 11 contains an interesting sketch of the
                    Dunn family of <placeName TEIform="placeName">
                        <settlement type="city" TEIform="settlement">Bloomington</settlement>
                    </placeName>. Samuel Dunn, the pioneer, settled near <placeName TEIform="placeName">
                        <settlement type="city" TEIform="settlement">Bloomington</settlement>
                    </placeName> at an early date. The present Indiana University campus is a part
                    of his farm. The family cemetery is in a picturesque nook of the campus. George
                    G. Dunn, Congressman <pb n="310" id="VAA4025-009-4-096" TEIform="pb"/> from the Sixth Indiana
                    district in 1847-1849, and from the Third district 1855-1857, was a son of
                    Samuel Dunn. Moses F. Dunn, who now owns the old homestead, and who was a State
                    representative in the Forty-fifth and Forty-sixth General Assemblies, is a son
                    of Congressman George G. Dunn.</p><p TEIform="p">T<hi rend="sc" TEIform="hi">HE</hi>
                    <placeName TEIform="placeName">
                        <settlement type="city" TEIform="settlement">Plymouth</settlement>
                    </placeName>
                    <hi rend="i" TEIform="hi">Republican,</hi> special edition, May 24, 1913, contains a history
                    of the First Presbyterian Church of <placeName TEIform="placeName">
                        <settlement type="city" TEIform="settlement">Plymouth</settlement>
                    </placeName> written by Miss Frances E. Emerson, historian of the Indiana
                    Daughters of the American Revolution. It is a creditable piece of work to both
                    the author and the <hi rend="i" TEIform="hi">Republican.</hi> Cuts of both the old and the
                    new church appear, together with nineteen portraits of ministers and laymen
                    prominently connected with the society. The occasion was the seventy-fifth
                    anniversary of the church.</p><p TEIform="p">T<hi rend="sc" TEIform="hi">HE</hi> Thirteenth Annual Conference of the Indiana chapters,
                    Daughters of the American Revolution, by invitation of the Dorothy Q. chapter,
                    met in <placeName TEIform="placeName">
                        <settlement type="city" TEIform="settlement">Crawfordsville</settlement>
                    </placeName>, October 7, 8 and 9, 1913. The address of welcome was made by Mrs.
                    Maurice Thompson, regent of Dorothy O. chapter, and Mrs. Charles W. Fairbanks,
                    ex-president-general, responded. Mrs. Thompson expressed the wish that
                    "the same spirit that impelled our grandmothers to do great things in
                    those strenuous days would be developed in the woman of today." In Mrs.
                    Fairbanks ’ response she said: "AH of Indiana, and perhaps
                    all of America, are interested in <placeName TEIform="placeName">
                        <settlement type="city" TEIform="settlement">Crawfordsville</settlement>
                    </placeName>." She called attention to the great men of the Nation who
                    have lived in <placeName TEIform="placeName">
                        <settlement type="city" TEIform="settlement">Crawfordsville</settlement>
                    </placeName>. These include Henry S. Lane, who presided at the first convention
                    of the Republican party and was Senator from Indiana during Lincoln's
                    administration; the novelist, statesman and military man, General Lew Wallace;
                    the novelist, Maurice Thompson; Caleb Mills, who originated the school system of
                    Indiana, and Professor Campbell, who directly caused the Centennial Celebration
                    of 1876. The address of the State regent was one of great interest. She reported
                    fifty-three chapters in existence, with five new chapters being organized. One
                    thousand dollars have been raised in Indiana this year toward defraying the debt
                    on Memorial Continental Hall, <placeName TEIform="placeName">
                        <region type="state" reg="wau" TEIform="region">Washington, D. C.</region>
                    </placeName> Two hundred and fifty new members have been added in Indiana the
                    past year.</p><p TEIform="p">Indiana has been honored with three presidents general: Mrs. Caroline Scott
                    Harrison, Mrs. Charles W. Fairbanks and Mrs. John W. Foster. Mrs. Caroline Scott
                    Harrison was the first president <pb n="311" id="VAA4025-009-4-097" TEIform="pb"/> general
                    and a tablet has been placed in the Indiana Room (the President
                    General's room) in Memorial Continental Hall in her honor. The clay
                    model of this bronze tablet was given by the artist to the Caroline Scott
                    Harrison chapter, of <placeName TEIform="placeName">
                        <settlement type="city" TEIform="settlement">Indianapolis</settlement>
                    </placeName>. Funds have also been raised for the "Caroline Scott
                    Harrison Scholarship Fund for Mountaineers," the income of which places
                    a <geogName TEIform="geogName">Southern mountain</geogName> boy in the Martha Berry School for
                    Mountaineers at <placeName TEIform="placeName">
                  <settlement type="city" TEIform="settlement">Rome</settlement>, <region type="state" reg="gau" TEIform="region">Georgia</region>
               </placeName>. These mountain
                    children are the descendants of the patriots who fought at
                        <geogName TEIform="geogName">King's Mountain</geogName> and other decisive battles in
                    the campaign in the South. This scholarship is but the small beginning of the
                    great Daughters of the American Revolution School which will be built at a day
                    not far distant. In her report on the Mountaineers, Miss Julia Landers, of <placeName TEIform="placeName">
                        <settlement type="city" TEIform="settlement">Indianapolis</settlement>
                    </placeName>, proposed plans which will result ultimately in the success of this
                    project. In her report on the "Welfare of Women and Children"
                    Miss Eliza Browning, city librarian of <placeName TEIform="placeName">
                        <settlement type="city" TEIform="settlement">Indianapolis</settlement>
                    </placeName>, reported the defeat of the "eight-hour bill" at
                    the last Legislature, also on the new "truancy bill."</p><p TEIform="p">At 6 o'clock Wednesday evening dinner was served in the banquet room of
                    the Masonic Temple, after which the Daughters attended a reception at the home
                    of Mrs. Maurice Thompson. The home of Mrs. Thompson is said to be the oldest
                    occupied residence in the State of Indiana, and contains many pieces of
                    furniture, dishes and bric-a-brac which have passed through the hands of three
                    generations of Mrs. Thompson's ancestors.</p><p TEIform="p">The event of the conference occurred Wednesday afternoon, when Mrs. James M.
                    Waugh, past regent of Dorothy Q. chapter, led to the platform Mrs. Lucinda
                    McMullen, of New Market, Indiana, a real daughter of the American Revolution.
                    She is the daughter of John Hardee, who was born in 1750 and died in Indiana in
                    1839. He served under Washington for seven years, and was present at the battles
                    of Long Island, Harlem Heights, Valley Forge and Yorktown. Mrs. McMullen was
                    born March 22, 1824, and told her story in a remarkably clear voice. Mrs.
                    McMullen was brought to the conference by Mr. J. H. Armatrout, of New Market,
                    who looks after her interests. She owns her own little home, but her entire
                    financial income is the pension paid her by the Daughters of the American
                    Revolution. All real daughters are paid eight dollars per month by the
                    organization. When asked if the pension supported the "real
                    daughter" Mr. Armatrout replied that more could be used to advantage,
                    and a collection was immediately taken, resuiting <pb n="312" id="VAA4025-009-4-098" TEIform="pb"/> in $49.99, which was turned over to Mr.
                    Armatrout for her benefit.</p><p TEIform="p">Luncheon on Thursday was served in the First Methodist Church. Mrs. Henry S. Lane
                    was present and spoke to the daughters on the theme, "We who are about
                    to die salute you." She is eighty-nine years old, and is a sister of
                    General Lew Wallace. She spoke of the time when the <placeName TEIform="placeName">
                        <settlement type="city" TEIform="settlement">Crawfordsville</settlement>
                    </placeName> company marched off to the Mexican war. She presented the company
                    with the flag which they carried during the entire campaign.</p><p TEIform="p">Greetings were sent to Piankeshaw chapter, of <placeName TEIform="placeName">
                        <settlement type="city" TEIform="settlement">New Albany</settlement>
                    </placeName>, a very active chapter whose daughters were not able to be present
                    owing to the fact that <placeName TEIform="placeName">
                        <settlement type="city" TEIform="settlement">New Albany</settlement>
                    </placeName> celebrated its centennial that week and the daughters of Piankeshaw
                    chapter were active in this work.</p><p TEIform="p">The Time and Place Committee reported that the next conference would be held at
                    the usual time at <placeName TEIform="placeName">
                        <settlement type="city" TEIform="settlement">Fort Wayne</settlement>
                    </placeName>. Miss Margaret Vessey, regent of the Mary Penrose Wayne chapter, in
                    behalf of the chapter, invited the conference to <placeName TEIform="placeName">
                        <settlement type="city" TEIform="settlement">Fort Wayne</settlement>
                    </placeName>.</p><p TEIform="p">Mrs. Lane opened the General Lew Wallace home to the daughters, and most of
                    Thursday afternoon was consumed in visiting this historic residence and driving
                    to the Country Club.</p><p TEIform="p">The officers chosen were the following: State Regent, Frances Haberly-Robertson;
                    Vice Regent, Mrs. William A. Cullop, Vin-cennes; State Secretary, Mrs. J. B.
                    Crankshaw, <placeName TEIform="placeName">
                        <settlement type="city" TEIform="settlement">Fort Wayne</settlement>
                    </placeName>; State Treasurer, Mrs. Otto Roth, <placeName TEIform="placeName">
                        <settlement type="city" TEIform="settlement">Bloomington</settlement>
                    </placeName>; Historian, Miss Frances E. Emerson, <placeName TEIform="placeName">
                        <settlement type="city" TEIform="settlement">Plymouth</settlement>
                    </placeName>; Chaplain, Mrs. D. M. Parry, <placeName TEIform="placeName">
                        <settlement type="city" TEIform="settlement">Indianapolis</settlement>
                    </placeName>; Auditor, Mrs. Frank Felter, <placeName TEIform="placeName">
                        <settlement type="city" TEIform="settlement">Huntington</settlement>
                    </placeName>.</p><p TEIform="p">T<hi rend="sc" TEIform="hi">HE</hi> Associated Press of Indiana held its annual banquet at the
                    Claypool Hotel, September 24. Secretary of the Navy Josephus Daniels, a <placeName TEIform="placeName">
                        <region type="state" reg="ncu" TEIform="region">North Carolina</region>
                    </placeName> editor, was the principal speaker. "The Relation of
                    Newspapers to the <placeName TEIform="placeName">
                        <country reg="-us" TEIform="country">United States</country>
                    </placeName> Government" was the subject of his address, which was
                    printed in the <hi rend="i" TEIform="hi">News</hi> of September 25. Other speakers were
                    Governor Samuel Ralston, William Lowe Bryan, of Indiana University, and W. E.
                    Stone, of Purdue University.</p><p TEIform="p">N<hi rend="sc" TEIform="hi">EW</hi> A<hi rend="sc" TEIform="hi">LBANY</hi> passed its century mark, October
                    13, and now has works, oratory, trolley and automobile trips, banquets, etc.,
                    were one hundred years of history to its credit. The Centennial week, October
                    13-18, was a gala time. Parades, concerts, receptions, fire-mingled <pb n="313" id="VAA4025-009-4-099" TEIform="pb"/> in hopeless confusion. Governor Ralston,
                    ex-Governors Durbin, of Indiana, and Wilson, of <placeName TEIform="placeName">
                        <region type="state" reg="kyu" TEIform="region">Kentucky</region>
                    </placeName>, Vice President Marshall (who was unable to be present), ex-Vice
                    President Fairbanks, Senators Shively and Kern and Congressman Cox made up the
                    list of speakers. The only criticism to be offered to the program is the absence
                    from the list of speakers of persons qualified by special study to speak on the
                    history of the State and city.</p><p TEIform="p">T<hi rend="sc" TEIform="hi">HE</hi> teachers of the <placeName TEIform="placeName">
                        <settlement type="city" TEIform="settlement">Indianapolis</settlement>
                    </placeName> public schools, in response to the suggestion of the Commercial
                    Club, have undertaken to acquaint the pupils with their city. Excursions to
                    various parts of the city, to different industrial plants, and places of scenic
                    or historic interest, are conducted by skillful guides. The Commercial Club of
                    this city is cooperating with the teachers and assisting with the work. The
                    newspapers, also, are responding with pictures and historical descriptions, more
                    or less accurate, of the various points and places of interest. The movement is
                    worth while, and should not be drowned in the usual slush of the Sunday
                    newspaper edition.</p><p TEIform="p">A monument to General Edward Braddock was unveiled near Uniontown, <placeName TEIform="placeName">
                        <region type="state" reg="pau" TEIform="region">Pennsylvania</region>
                    </placeName>, October 15. This will surely mark the high-water point in monument
                    building. A monument to Washington, whose advice saved the army; or to the <placeName TEIform="placeName">
                        <region type="state" reg="vau" TEIform="region">Virginia</region>
                    </placeName> rangers, who covered the retreat; or to the famous Coldstream
                    Guards, whom Braddock's incapacity sacrificed, would have been
                    appropriate; but it would be interesting to know what sentiment could foster a
                    monument to General Braddock.</p><p TEIform="p">T<hi rend="sc" TEIform="hi">HE</hi> John Paul chapter of the Daughters of the American
                    Revolution, of <placeName TEIform="placeName">
                        <settlement type="city" TEIform="settlement">Madison</settlement>
                    </placeName>, Indiana, unveiled a marker on the grave of Gazamel Maxwell at <placeName TEIform="placeName">
                        <settlement type="city" TEIform="settlement">Hanover</settlement>
                    </placeName> October 14. Dr. Harvey W. Wiley, of <placeName TEIform="placeName">
                        <region type="state" reg="wau" TEIform="region">Washington, D. C,</region>
                    </placeName> and Judge U. Z. Wiley, great-grandsons of Mr. Maxwell, were present
                    and assisted in the ceremonies. President W. A. Millis, of <placeName TEIform="placeName">
                        <settlement type="city" TEIform="settlement">Hanover</settlement>
                    </placeName> College, delivered an address.</p><p TEIform="p">E<hi rend="sc" TEIform="hi">DMUND</hi> H<hi rend="sc" TEIform="hi">OSTETTER</hi>, a pioneer of Milltown,
                    Indiana, died at his home in Milltown, October 17, 1913. He was born in
                            <placeName TEIform="placeName">
                  <settlement type="city" TEIform="settlement">Canton</settlement>, <region type="state" reg="ohu" TEIform="region">Ohio</region>
               </placeName>, November 23, 1823. In
                    1849 he took the gold fever and crossed the plains and mountains with a small
                    party with ox teams. In 1851 he returned to <placeName TEIform="placeName">
                        <region type="state" reg="ohu" TEIform="region">Ohio</region>
                    </placeName>. In 1858 he built a flour mill in Milltown, where he has since
                    lived. In 1861 he enlisted in the Thirty-Eighth Indiana <pb n="314" id="VAA4025-009-4-100" TEIform="pb"/> Infantry Volunteers. At the close of the war he was
                    captain of Company E. An account of his life is given in the English <hi rend="i" TEIform="hi">News</hi> of the above date.</p><p TEIform="p">T<hi rend="sc" TEIform="hi">HE</hi> Indiana Librarians ’ Association held its
                    annual meeting at <placeName TEIform="placeName">
                        <region type="county" TEIform="region">Marion</region>
                    </placeName> October 15, 16 and 17. The general topic of the meeting was
                    "The Socialization of the Library." Such subjects were
                    discussed as "The Social Function of the Library," "A
                    Reference Bureau for Municipal Problems," "Preservation of
                    Local Historical Materials," "Educational Extension
                    Work," "The Library and Industrial Education,"
                    "Lanterns and Slides." These topics show the general tendency
                    of library management at the present time. Mr. Louis J. Baily, of Gary, was
                    elected president, and Miss Julia Mason, of <placeName TEIform="placeName">
                        <settlement type="city" TEIform="settlement">Princeton</settlement>
                    </placeName>, secretary.</p><p TEIform="p">C<hi rend="sc" TEIform="hi">HARLES</hi> G. P<hi rend="sc" TEIform="hi">OWELL</hi>, one of the prominent
                    Republican editors of Indiana during the last half of the past century, died
                    October 15, 1913, at the home of a son in <placeName TEIform="placeName">
                  <settlement type="city" TEIform="settlement">Niles</settlement>, <region type="state" reg="miu" TEIform="region">Michigan</region>
               </placeName>. He was born in <placeName TEIform="placeName">
                  <region type="county" TEIform="region">Monroe county</region>, <region type="state" reg="nyu" TEIform="region">New
                        York</region>
               </placeName>, December 1, 1829, being almost eighty-four years
                    old at his death. He became proprietor and editor of the Westville <hi rend="i" TEIform="hi">Herald</hi> in 1856 and moved it in 1859 to Laporte, where it has continued
                    ever since. Mr. Powell was a delegate to the National Republican conventions at <placeName TEIform="placeName">
                        <settlement type="city" TEIform="settlement">Chicago</settlement>
                    </placeName> in 1868 and to the <placeName TEIform="placeName">
                        <settlement type="city" TEIform="settlement">Philadelphia</settlement>
                    </placeName> convention in 1872, helping to nominate Grant in each. He was
                    postmaster at Laporte 1877 to 1882, at the end of his term taking a position in
                    the Pension Department at <placeName TEIform="placeName">
                        <settlement type="city" TEIform="settlement">Washington</settlement>
                    </placeName>, where he served twelve years. In 1894 he founded the <hi rend="i" TEIform="hi">Weekly Republican</hi> at <hi rend="i" TEIform="hi">Laporte,</hi> which he sold in 1906
                    to the <hi rend="i" TEIform="hi">Herald</hi> and retired.</p><p TEIform="p">M<hi rend="sc" TEIform="hi">RS</hi>. M<hi rend="sc" TEIform="hi">AY</hi> W. D<hi rend="sc" TEIform="hi">ONNAN</hi>, a
                    well known teacher and author of <placeName TEIform="placeName">
                        <settlement type="city" TEIform="settlement">Indianapolis</settlement>
                    </placeName>, died at her home on September 27. She was considered one of the
                    most successful teachers of literature in the State. Some of the leading
                    literary men of the State are glad to acknowledge the value of her influence as
                    a teacher. She was born and spent her life in the city where she died. Before
                    her marriage she taught in the public schools. Later she conducted private
                    classes, not only in <placeName TEIform="placeName">
                        <settlement type="city" TEIform="settlement">Indianapolis</settlement>
                    </placeName>, but in <placeName TEIform="placeName">
                  <settlement type="city" TEIform="settlement">Cincinnati</settlement>,
                            <settlement type="city" TEIform="settlement">Greensburg</settlement>, <settlement type="city" TEIform="settlement">Shelbyville</settlement>, <settlement type="city" TEIform="settlement">Rushville</settlement>
               </placeName> and Anderson.</p><p TEIform="p">G<hi rend="sc" TEIform="hi">OVERNOR</hi> W<hi rend="sc" TEIform="hi">OODBRIDGE</hi> F. F<hi rend="sc" TEIform="hi">ERRIS</hi>, of <placeName TEIform="placeName">
                        <region type="state" reg="miu" TEIform="region">Michigan</region>
                    </placeName>, accompanied by the commissioners of the <placeName TEIform="placeName">
                        <region type="state" reg="miu" TEIform="region">Michigan</region>
                    </placeName> Historical Society, visited the <pb n="315" id="VAA4025-009-4-101" TEIform="pb"/> University of Notre Dame, October 9, in search of materials connected with
                    the early history of <placeName TEIform="placeName">
                        <region type="state" reg="miu" TEIform="region">Michigan</region>
                    </placeName>.</p><p TEIform="p">M<hi rend="sc" TEIform="hi">RS</hi>. C<hi rend="sc" TEIform="hi">ORNELIA</hi> C<hi rend="sc" TEIform="hi">OLE</hi> F<hi rend="sc" TEIform="hi">AIRBANKS</hi> died at <placeName TEIform="placeName">
                        <settlement type="city" TEIform="settlement">Indianapolis</settlement>
                    </placeName>. October 24. She served two terms as president-general of the
                    Daughters of the American Revolution. During this period she was active in
                    raising money to build its Memorial Continental Hall at <placeName TEIform="placeName">
                        <region type="state" reg="wau" TEIform="region">Washington, D. C.</region>
                    </placeName> She was one of the founders of the Fortnightly Literary Club, of <placeName TEIform="placeName">
                        <settlement type="city" TEIform="settlement">Indianapolis</settlement>
                    </placeName>, serving as its first president, 1885-1888. With her husband,
                    Ex-Vice President Charles W. Fairbanks, she made a tour of the world in
                    1909-1910. She was a descendant of Lieutenant James Blakely, of the <placeName TEIform="placeName">
                        <region type="state" reg="nyu" TEIform="region">New York</region>
                    </placeName> line, and of Benjamin Cole, of the <placeName TEIform="placeName">
                        <region type="state" reg="pau" TEIform="region">Pennsylvania</region>
                    </placeName> line, of the Revolution.</p><p TEIform="p">A<hi rend="sc" TEIform="hi">N</hi> article by Dr. E. V. Shockley on the "Location and
                    Relocation of County Seats" was intended for this number, but for lack
                    of space and also in order to allow the writer to make further investigations in
                    several counties it was held for the next number.</p><p TEIform="p">T<hi rend="sc" TEIform="hi">HE</hi> editor is still working on the Polk Memoir and hopes to
                    have it completed by the next number. The preparation of such material sometimes
                    leads the investigator into fields entirely unexpected at the beginning.</p><p TEIform="p">T<hi rend="sc" TEIform="hi">HE</hi> last Legislature created a department of archives in the
                    State Library to be devoted to the collection and preservation of the materials
                    of our State's history. This department is under the supervision of
                    Professor Harlow Lindley, of Earlham College, a man of wide experience in this
                    work. For a full explanation of this work write the State Library for a copy of
                    its July-September Bulletin.</p><p TEIform="p">D<hi rend="sc" TEIform="hi">R</hi>. M<hi rend="sc" TEIform="hi">ORDECAI</hi> M. M<hi rend="sc" TEIform="hi">C</hi> D<hi rend="sc" TEIform="hi">OWELL</hi>, of <placeName TEIform="placeName">
                        <settlement type="city" TEIform="settlement">Vincennes</settlement>
                    </placeName> died at his home November 8. He was born in <placeName TEIform="placeName">
                  <region type="county" TEIform="region">Jefferson county</region>, <region type="state" reg="ohu" TEIform="region">Ohio</region>
               </placeName>, March 10, 1845, the son of Dr. James
                    McDowell, who had moved there from <placeName TEIform="placeName">
                        <region type="state" reg="pau" TEIform="region">Pennsylvania</region>
                    </placeName>. In the fall of 1862 Dr. McDowell enlisted in Company G, Thirteenth <placeName TEIform="placeName">
                        <region type="state" reg="ohu" TEIform="region">Ohio</region>
                    </placeName> Cavalry. He was present at <placeName TEIform="placeName">
                        <settlement type="city" TEIform="settlement">Appomattox</settlement>
                    </placeName>, though he had been wounded at <placeName TEIform="placeName">
                        <settlement type="city" TEIform="settlement">Petersburg</settlement>
                    </placeName>. After the war he studied medicine, graduating from <placeName TEIform="placeName">
                        <region type="state" reg="kyu" TEIform="region">Kentucky</region>
                    </placeName> Medical in 1868. He located in Freelandsville, <placeName TEIform="placeName">
                        <region type="county" TEIform="region">Knox county</region>
                    </placeName>, Indiana. He has been trustee of Widner township, sheriff of <placeName TEIform="placeName">
                        <region type="county" TEIform="region">Knox county</region>
                    </placeName>, and State <pb n="316" id="VAA4025-009-4-102" TEIform="pb"/> senator 1908-1912.
                    His son, Dr. James McDowell, is mayor of <placeName TEIform="placeName">
                        <settlement type="city" TEIform="settlement">Vincennes</settlement>
                    </placeName>. He was a Mason, a G. A. R., an Elk, and a Democrat.</p><p TEIform="p">E<hi rend="sc" TEIform="hi">LIAS</hi> B. B<hi rend="sc" TEIform="hi">OLTZ</hi>, former editor of the
                    Dunkirk <hi rend="i" TEIform="hi">News,</hi> and at one time superintendent of the Dunkirk
                    schools, died October 30 in the <placeName TEIform="placeName">
                        <settlement type="city" TEIform="settlement">Muncie</settlement>
                    </placeName> Hospital from injuries received in a wreck on the interur-ban at <placeName TEIform="placeName">
                        <settlement type="city" TEIform="settlement">Yorktown</settlement>
                    </placeName> a few days previous.</p><p TEIform="p">H<hi rend="sc" TEIform="hi">ENRY</hi> B. M<hi rend="sc" TEIform="hi">ARTIN</hi>, founder of the <placeName TEIform="placeName">
                        <settlement type="city" TEIform="settlement">Greencastle</settlement>
                    </placeName>
                    <hi rend="i" TEIform="hi">Democrat,</hi> died at Cloverdale, his home, November 9. Before the
                    Civil War Captain Martin had commanded a company of <placeName TEIform="placeName">
                        <region type="state" reg="iau" TEIform="region">Iowa</region>
                    </placeName> rangers in an Indian war. At the opening of the Civil War he
                    organized a company, but not being able to get it mustered in at once he took
                    service in the Second <placeName TEIform="placeName">
                        <region type="state" reg="kyu" TEIform="region">Kentucky</region>
                    </placeName>. He received wounds at Barboursville and at <placeName TEIform="placeName">
                        <settlement type="city" TEIform="settlement">Chickamauga</settlement>
                    </placeName>. After the War he became a surveyor and lawyer. From 1885 to 1895
                    he was engaged in surveying Indian reservations for the Federal Government. In
                    1892 he and his son, Charles, founded the <placeName TEIform="placeName">
                        <settlement type="city" TEIform="settlement">Greencastle</settlement>
                    </placeName>
                    <hi rend="i" TEIform="hi">Democrat.</hi> In 1897 this was sold and a new paper founded in
                            <placeName TEIform="placeName">
                  <settlement type="city" TEIform="settlement">San Bernardino</settlement>, <region type="state" reg="cau" TEIform="region">California</region>
               </placeName>. He soon
                    returned, however, to Cloverdale, <placeName TEIform="placeName">
                        <settlement type="city" TEIform="settlement">Putnam county</settlement>
                    </placeName>.</p></div></body></text></TEI.2>