<?xml version="1.0" encoding="UTF-8"?><!DOCTYPE TEI.2 SYSTEM "http://purl.dlib.indiana.edu/iudl/imh/resource/xml/imh_issue.dtd"><TEI.2><teiHeader type="text" status="new" TEIform="teiHeader"><fileDesc TEIform="fileDesc"><titleStmt TEIform="titleStmt"><title TEIform="title">Indiana Magazine of History</title><respStmt TEIform="respStmt"><resp TEIform="resp">Encoded by</resp><name TEIform="name">Aptara Inc.</name></respStmt></titleStmt><publicationStmt TEIform="publicationStmt"><publisher TEIform="publisher">Digital Library Program, Indiana University</publisher><pubPlace TEIform="pubPlace">Bloomington, IN</pubPlace><date TEIform="date">2007</date><availability status="unknown" TEIform="availability"><p TEIform="p">Copyright 2007 Trustees of Indiana University</p><p TEIform="p">Indiana University provides the information contained in this file for non-commercial,
        personal, or research use only. All other use, including but not limited to commercial or
        scholarly reproductions, redistribution, publication or transmission, whether by electronic
        means or otherwise, without prior written permission of the copyright holder is strictly
        prohibited.</p></availability></publicationStmt><seriesStmt TEIform="seriesStmt"><title TEIform="title">Indiana Magazine of History</title></seriesStmt><sourceDesc default="NO" TEIform="sourceDesc"><biblStruct default="NO" TEIform="biblStruct"><analytic TEIform="analytic"><title TEIform="title">Department of Genealogy and Family History</title><author TEIform="author">Mary E. Cardwill</author></analytic><monogr TEIform="monogr"><title TEIform="title">Indiana Magazine of History</title><imprint TEIform="imprint"><pubPlace TEIform="pubPlace">Indianapolis, IN</pubPlace><publisher TEIform="publisher">George S. Cottman</publisher><date TEIform="date">1906</date><biblScope type="issue" TEIform="biblScope">3</biblScope><biblScope type="volume" TEIform="biblScope">2</biblScope><biblScope type="pages" TEIform="biblScope">155-157</biblScope></imprint></monogr></biblStruct></sourceDesc></fileDesc><revisionDesc TEIform="revisionDesc"><change TEIform="change"><date TEIform="date">2007-06-18</date><respStmt TEIform="respStmt"><name TEIform="name">Annette D. Richmond</name></respStmt><item TEIform="item">Changed publication place and publisher</item></change></revisionDesc></teiHeader><text><body><pb n="155" id="VAA4025-002-3-050" TEIform="pb"/><div type="scholarlyArticle" id="VAA4025-002-3-a08" org="uniform" sample="complete" part="N" TEIform="div"><head TEIform="head">DEPARTMENT OF GENEALOGY AND FAMILY HISTORY.</head><byline TEIform="byline">EDITED BY MARY E. CARDWILL, 318 East Fifth Street, 
                 <placeName TEIform="placeName">
                     <settlement type="city" key="tgn_2033024" reg="New Albany" TEIform="settlement">New Albany</settlement>
                 </placeName>
                 , Indiana.</byline><p TEIform="p">[Queries and answers concerning ancestors and family history will be gladly
                    received.]</p><p rend="center" TEIform="p">T<hi rend="sc" TEIform="hi">HE</hi> P<hi rend="sc" TEIform="hi">OINDEXTER</hi> F<hi rend="sc" TEIform="hi">AMILY.</hi>
            </p><p TEIform="p">T<hi rend="sc" TEIform="hi">HE</hi> earliest known records of this family reach back to about
                    1250 when Geoffrey and Raoul Poingdestre are listed as Norman Huguenot land-owners in the <geogName TEIform="geogName">Isle of Jersey</geogName>.</p><p TEIform="p">The founder of the house of <placeName TEIform="placeName">
                <settlement type="city" key="tgn_7009218" reg="Granville" TEIform="settlement">Granville</settlement>
                    </placeName> was George Poingdestre, who married Geritte, niece of Sir Thomas
                    Ahier. George Poingdestre died in 1544, and his eldest son, Edward, married
                    Margaret, daughter of Clement Messeroy, in 1562. Their eldest son, Thomas, born
                    in 1581, married Elizabeth Effard. Their children were Philip, Jacob, George and
                    Rachel.</p><p TEIform="p">George settled in <placeName TEIform="placeName">
                <region type="state" key="tgn_7007919" reg="Virginia" TEIform="region">Virginia</region>
            </placeName>, 1640 or '50, in the present 
                <placeName TEIform="placeName">
                    <region type="county" key="tgn_1002713" reg="New Kent" TEIform="region">New Kent</region>
                </placeName> or <placeName TEIform="placeName">
                    <region type="county" key="tgn_1002257" reg="Charles City" TEIform="region">Charles City</region>
                    </placeName> counties. A missing link leaves a blank in the family history until
                about 1700 when John Poindexter was appointed by the Governor of 
                <placeName TEIform="placeName">
                    <region type="state" key="tgn_7007919" reg="Virginia" TEIform="region">Virginia</region>
                </placeName> one of the Commissioners to organize 
                <placeName TEIform="placeName">
                    <region type="county" key="tgn_2002170" reg="Louisa" TEIform="region">Louisa county</region>
                    </placeName> from a part of <placeName TEIform="placeName">
                        <region type="county" key="tgn_1002451" reg="Hanover" TEIform="region">Hanover county</region>
                    </placeName>. He was also a justice of the peace and a vestryman in
                    Fredricks-ville church, and a captain of cavalry. He married
                    Christine—, and had six children: John<hi rend="sup" TEIform="hi">2</hi>,
                        Thomas<hi rend="sup" TEIform="hi">2</hi>, William<hi rend="sup" TEIform="hi">2</hi>, Joseph<hi rend="sup" TEIform="hi">2</hi>, Ann<hi rend="sup" TEIform="hi">2</hi> who
                    married—Slaughter, and Sarah<hi rend="sup" TEIform="hi">2</hi> who
                    married—Tyron. Thomas<hi rend="sup" TEIform="hi">2</hi> married Lucy Jones,
                    daughter of Gabriel Jones, of <placeName TEIform="placeName">
                        <region type="county" key="tgn_2002155" reg="Culpeper" TEIform="region">Culpepper county</region>
                    </placeName>. Thomas's<hi rend="sup" TEIform="hi">2</hi> will, probated July 15,
                    1796, names the following children: John<hi rend="sup" TEIform="hi">3</hi>, Gabriel<hi rend="sup" TEIform="hi">3</hi>, Thomas<hi rend="sup" TEIform="hi">3</hi>, Robert<hi rend="sup" TEIform="hi">3</hi>,
                        James<hi rend="sup" TEIform="hi">3</hi>, Richard<hi rend="sup" TEIform="hi">3</hi>, George<hi rend="sup" TEIform="hi">3</hi>, Elizabeth<hi rend="sup" TEIform="hi">3</hi>, Lucy<hi rend="sup" TEIform="hi">3</hi>
                    and Molly<hi rend="sup" TEIform="hi">3</hi>. John<hi rend="sup" TEIform="hi">3</hi> married three times,
                became a celebrated Baptist preacher and was clerk of 
                <placeName TEIform="placeName">
                    <region type="county" key="tgn_2002170" reg="Louisa" TEIform="region">Louisa county</region>
                </placeName>, 
                <placeName TEIform="placeName">
                    <region type="state" key="tgn_7007919" reg="Virginia" TEIform="region">Virginia</region>
                </placeName>, for thirty years. James<hi rend="sup" TEIform="hi">3</hi>, a farmer in 
                <placeName TEIform="placeName">
                    <region type="county" key="tgn_2002170" reg="Louisa" TEIform="region">Louisa county</region>
                </placeName>, married twice and left one son, Dr. James<hi rend="sup" TEIform="hi">4</hi>
                    Poindexter, of <placeName TEIform="placeName">
                        <settlement type="city" key="tgn_7013585" reg="Charlottesville" TEIform="settlement">Charlottesville</settlement>
                    </placeName>. Thomas<hi rend="sup" TEIform="hi">3</hi>, a farmer at 
                <placeName TEIform="placeName">
                        <settlement type="city" key="tgn_2364371" reg="Green Spring" TEIform="settlement">Green Springs</settlement>
                </placeName>, 
                <placeName TEIform="placeName">
                    <region type="state" key="tgn_7007919" reg="Virginia" TEIform="region">Virginia</region>
                </placeName>
                , married and left many children.
                Richard<hi rend="sup" TEIform="hi">3</hi> married a Miss Maer, and moved to 
                <placeName TEIform="placeName">
                    <region type="state" key="tgn_7007709" reg="North Carolina" TEIform="region">North Carolina</region>
                </placeName>, where he became a most distinguished Baptist minister. He left one
                    son, Abraham<hi rend="sup" TEIform="hi">4</hi> Maer Poindexter. Robert<hi rend="sup" TEIform="hi">3</hi>
                    settled in <pb n="156" id="VAA4025-002-3-051" TEIform="pb"/>
                <placeName TEIform="placeName">
                    <region type="state" key="tgn_7007255" reg="Kentucky" TEIform="region">Kentucky</region>
                </placeName>. Some of his descendents are found in 
                <placeName TEIform="placeName">
                    <settlement type="city" key="tgn_2033996" reg="Vevay" TEIform="settlement">Vevay</settlement>
                </placeName>, Indiana. George<hi rend="sup" TEIform="hi">3</hi> moved to 
                <placeName TEIform="placeName">
                    <region type="state" key="tgn_7007522" reg="Mississippi" TEIform="region">Mississippi</region>
                </placeName>, soon became prominent as a lawyer, was a member of the Territorial
                    Legislature, Delegate to Congress and Judge of Supreme Court. In 1820 he was
                    elected Governor of the State and later was 
                <placeName TEIform="placeName">
                    <country key="tgn_7012149" reg="United States" TEIform="country">United States</country>
                </placeName> Senator for many years. Gabriel<hi rend="sup" TEIform="hi">3</hi>, ancestor of
                most of the Indiana Poindexters, was born in 
                <placeName TEIform="placeName">
                    <region type="county" key="tgn_2002170" reg="Louisa" TEIform="region">Louisa county</region>
                </placeName>, <placeName TEIform="placeName">
                    <region type="state" key="tgn_7007919" reg="Virginia" TEIform="region">Virginia</region>
                </placeName>, May 8, 1758, and died in <placeName TEIform="placeName">
                    <region type="county" key="tgn_1002273" reg="Clark" TEIform="region">Clark county</region>
                </placeName>, Indiana, August 28,1831. He was a soldier of the Revolution, 
                <placeName TEIform="placeName">
                    <region type="state" key="tgn_7007919" reg="Virginia" TEIform="region">Virginia</region>
                </placeName> Line, Continental Establishment. He married Mary Swift, said to
                    have been a relative of Dean Swift, and some years later, about the beginning of
                    the nineteenth century, emigrated to 
                <placeName TEIform="placeName">
                    <region type="state" key="tgn_7007255" reg="Kentucky" TEIform="region">Kentucky</region>
                </placeName>, where he lived near <placeName TEIform="placeName">
                    <settlement type="city" key="tgn_7013887" reg="Lexington" TEIform="settlement">Lexington</settlement>
                </placeName> for ten or twelve years, when he moved to 
                <placeName TEIform="placeName">
                    <settlement type="city" key="tgn_2033024" reg="New Albany" TEIform="settlement">New Albany</settlement>
                </placeName>, Indiana, in which place his wife died in 1820. The family then
                moved to 
                <placeName TEIform="placeName">
                    <region type="county" key="tgn_1002273" reg="Clark" TEIform="region">Clark county</region>
                </placeName>, Indiana, near 
                <placeName TEIform="placeName">
                    <settlement type="city" key="tgn_2033623" reg="Sellersburg" TEIform="settlement">Sellersburg</settlement>
                </placeName>.</p><p TEIform="p">The children of Gabriel<hi rend="sup" TEIform="hi">3</hi> Poindexter and Mary Swift Poindexter
                    were Merriwether<hi rend="sup" TEIform="hi">4</hi>, born—; killed in the battle of
                the <geogName key="tgn_2606238" reg="Raisin, River" TEIform="geogName">River Raisin</geogName>. Cleviars<hi rend="sup" TEIform="hi">4</hi>, born 1797,
                in 
                <placeName TEIform="placeName">
                    <region type="state" key="tgn_7007919" reg="Virginia" TEIform="region">Virginia</region>
                </placeName>
                ; married Nancy Holland, May 22,1823. Elizabeth<hi rend="sup" TEIform="hi">4</hi>, born 1801, in 
                <placeName TEIform="placeName">
                    <region type="state" key="tgn_7007255" reg="Kentucky" TEIform="region">Kentucky</region>
                </placeName>; married John Adams, of 
                <placeName TEIform="placeName">
                    <region type="county" key="tgn_1002273" reg="Clark" TEIform="region">Clark county</region>
                </placeName>, Indiana, December 1, 1827; died March 23, 1866. Moses<hi rend="sup" TEIform="hi">4</hi>, died young. Lucy<hi rend="sup" TEIform="hi">4</hi>, married Mr.
                Underwood, of 
                <placeName TEIform="placeName">
                    <region type="state" key="tgn_7007255" reg="Kentucky" TEIform="region">Kentucky</region>
                </placeName>. Harriet<hi rend="sup" TEIform="hi">4</hi>, married Felix Lane. Margaret<hi rend="sup" TEIform="hi">4</hi>, married John Hancock, October 20, 1839. Polly<hi rend="sup" TEIform="hi">4</hi>, married John Greene. John<hi rend="sup" TEIform="hi">4</hi>, died
                    young. Catherine<hi rend="sup" TEIform="hi">4</hi>, died young.</p><p TEIform="p">Cleviars<hi rend="sup" TEIform="hi">4</hi> married Nancy Holland, born in 
                 <placeName TEIform="placeName">
                     <region type="state" key="tgn_7007919" reg="Virginia" TEIform="region">Virginia</region>
                 </placeName>
                 , May 22, 1823. Their children were: Moses<hi rend="sup" TEIform="hi">3</hi>,
                    born 1824. Married (1) Sally Littell, August 22, 1844; (2) Anna Littell,
                    November 19, 1864. Died 1895; left five children. He was a man of ability and
                    prominence and was State Senator. Elizabeth<hi rend="sup" TEIform="hi">5</hi>, born 1825.
                    Married David Hay, September 4, 1844. Gabriel<hi rend="sup" TEIform="hi">5</hi>, born 1827.
                    Married Mary F. Willey, February 5, 1851. He was Captain of Company H,
                    Thirty-eighth Indiana Regiment, in the Civil War. He died in 1890. His children
                    were Fountin<hi rend="sup" TEIform="hi">6</hi>, Charles<hi rend="sup" TEIform="hi">6</hi>, Harry<hi rend="sup" TEIform="hi">6</hi>, Bertha<hi rend="sup" TEIform="hi">6</hi>, Mary<hi rend="sup" TEIform="hi">6</hi>
                 and Frank<hi rend="sup" TEIform="hi">6</hi>, all prominent people in 
                 <placeName TEIform="placeName">
                     <settlement type="city" key="tgn_2032394" reg="Jeffersonville" TEIform="settlement">Jeffersonville</settlement>
                 </placeName> and vicinity. George<hi rend="sup" TEIform="hi">5</hi>, born 1829. Married
                    Amanda Anson. Randall<hi rend="sup" TEIform="hi">5</hi>, born 1831. Married (1) Helen Root;
                    (2) Julia—. Was a surgeon in the Civil War. Died 1890. John<hi rend="sup" TEIform="hi">5</hi>, born 1833. Married Margaret—. Was <pb n="157" id="VAA4025-002-3-052" TEIform="pb"/> also a surgeon in the Civil War. Margaret<hi rend="sup" TEIform="hi">5</hi>, born 1836. Married (1) Absalom Sellers, November 13,
                    1854; (2) John Eisman. Died 1892.</p><p TEIform="p">Elizabeth<hi rend="sup" TEIform="hi">4</hi>, daughter of Gabriel Poindexter, married John
                Adams, December 21, 1827, in 
                <placeName TEIform="placeName">
                    <region type="county" key="tgn_1002273" reg="Clark" TEIform="region">Clark county</region>
                </placeName>, but soon after moved to 
                <placeName TEIform="placeName">
                    <settlement type="city" key="tgn_2033024" reg="New Albany" TEIform="settlement">New Albany</settlement>
                </placeName>
                , where she died. Children of John and Elizabeth Adams were: John
                        Quincey<hi rend="sup" TEIform="hi">5</hi>, born March 31, 1829; died April 19, 1903.
                        Albert<hi rend="sup" TEIform="hi">5</hi>, born December 11, 1830; died December
                    15,—. Thomas<hi rend="sup" TEIform="hi">5</hi>, born September 7, 1832; married
                    Margaret Hansborough. Died August, 1895. Had two daughters: Molly<hi rend="sup" TEIform="hi">6</hi>, married George Slaughter, of 
                <placeName TEIform="placeName">
                    <region type="state" key="tgn_7007255" reg="Kentucky" TEIform="region">Kentucky</region>
                </placeName>; and Bessie<hi rend="sup" TEIform="hi">6</hi>. Mary<hi rend="sup" TEIform="hi">5</hi>, born
                    May 7, 1834; married Jacob Miller. William Newton<hi rend="sup" TEIform="hi">5</hi>, born
                    1836; died 1837. Elizabeth<hi rend="sup" TEIform="hi">5</hi>, born November 23, 1838; married
                    John O. Greene; has one child, Alice<hi rend="sup" TEIform="hi">6</hi>. George Wesley<hi rend="sup" TEIform="hi">5</hi>, born July 16, 1842.</p></div></body></text></TEI.2>