<?xml version="1.0" encoding="UTF-8"?><!DOCTYPE TEI.2 SYSTEM "http://purl.dlib.indiana.edu/iudl/imh/resource/xml/imh_issue.dtd"><TEI.2><teiHeader type="text" status="new" TEIform="teiHeader"><fileDesc TEIform="fileDesc"><titleStmt TEIform="titleStmt"><title TEIform="title">Indiana Magazine of History</title><respStmt TEIform="respStmt"><resp TEIform="resp">Encoded by</resp><name TEIform="name">Aptara Inc.</name></respStmt></titleStmt><publicationStmt TEIform="publicationStmt"><publisher TEIform="publisher">Digital Library Program, Indiana University</publisher><pubPlace TEIform="pubPlace">Bloomington, IN</pubPlace><date TEIform="date">2007</date><availability status="unknown" TEIform="availability"><p TEIform="p">Copyright 2007 Trustees of Indiana University</p><p TEIform="p">Indiana University provides the information contained in this file for non-commercial,
        personal, or research use only. All other use, including but not limited to commercial or
        scholarly reproductions, redistribution, publication or transmission, whether by electronic
        means or otherwise, without prior written permission of the copyright holder is strictly
        prohibited.</p></availability></publicationStmt><seriesStmt TEIform="seriesStmt"><title TEIform="title">Indiana Magazine of History</title></seriesStmt><sourceDesc default="NO" TEIform="sourceDesc"><biblStruct default="NO" TEIform="biblStruct"><analytic TEIform="analytic"><title TEIform="title">Winter's Description of Frances Slocum</title><author TEIform="author">George Winter</author></analytic><monogr TEIform="monogr"><title TEIform="title">Indiana Magazine of History</title><imprint TEIform="imprint"><pubPlace TEIform="pubPlace">Indianapolis, IN</pubPlace><publisher TEIform="publisher">George S. Cottman</publisher><date TEIform="date">1905</date><biblScope type="issue" TEIform="biblScope">3</biblScope><biblScope type="volume" TEIform="biblScope">1</biblScope><biblScope type="pages" TEIform="biblScope">115-118</biblScope></imprint></monogr></biblStruct></sourceDesc></fileDesc><revisionDesc TEIform="revisionDesc"><change TEIform="change"><date TEIform="date">2007-06-08</date><respStmt TEIform="respStmt"><name TEIform="name">Natalie E. Whitted</name></respStmt><item TEIform="item">Added author.</item></change></revisionDesc></teiHeader><text><body><pb n="115" id="VAA4025-001-3-005" TEIform="pb"/><div type="scholarlyArticle" id="VAA4025-001-3-a02" org="uniform" sample="complete" part="N" TEIform="div"><head TEIform="head">Winter's Description of Frances Slocum</head><p TEIform="p">[The following letter from the pen of George Winter is re-printed from a proof-sheet furnished us by
                    Mrs. C. G. Ball, of <placeName TEIform="placeName">
                        <settlement type="city" key="tgn_7013848" reg="Lafayette" TEIform="settlement">Lafayette</settlement>
                    </placeName>, Mr. Winter's daughter. It was written as a communication to the <placeName TEIform="placeName">
                        <settlement type="city" key="tgn_7014406" reg="Philadelphia" TEIform="settlement">Philadelphia</settlement>
                    </placeName> Press—date not attached. The picture referred to is one of two oil portraits by this
                    artist now, as we understand, in possession of Slocum families at <placeName TEIform="placeName">
                        <settlement type="city" key="tgn_7014627" reg="Wilkes-Barre" TEIform="settlement">Wilkesbarre</settlement>
                    </placeName>, <placeName TEIform="placeName">
                        <region type="state" key="tgn_7007710" reg="Pennsylvania" TEIform="region">Pa.</region>
                    </placeName> This one is reproduced in Meginness' book on Frances Slocum, and the other in Lossing's
                    "Field Book of the Revolution."]</p><p TEIform="p">
                    <text TEIform="text"><body TEIform="body"><div type="letter" org="uniform" sample="complete" part="N" TEIform="div"><p TEIform="p">SIR: A few days since my attention was called to your interesting reminiscence
                                    published in the Washington <hi rend="i" TEIform="hi">Chronicle</hi>, since reproduced in the <placeName TEIform="placeName">
                                        <settlement type="city" key="tgn_7013848" reg="Lafayette" TEIform="settlement">Lafayette</settlement>
                                    </placeName>
                                    <hi rend="i" TEIform="hi">Courier.</hi>
                                </p><p TEIform="p">Your allusions to Frances Slocum, the "Lost Sister," are of peculiar interest to me,
                                    as I am familiar with her history, being at the time of her discovery, a resident of <placeName TEIform="placeName">
                                        <settlement type="city" key="tgn_7014208" reg="Logansport" TEIform="settlement">Logansport</settlement>
                                    </placeName>, and intimately acquainted with Colonel G. W. Ewing at the time he
                                    wrote the letter that led to her discovery, which you published so long ago.</p><p TEIform="p">In the year 1839, at the request of the Slocum family, I visit ed the "Deaf Man's
                                    Village," for the purpose of sketching the likeness of Frances which is the only
                                    effort of the pencil of her executed from life. Her history being so romantic and
                                    interesting I availed myself of the opportunity then and there of making sketches of
                                    the Captive's home from several points of view, and other surroundings that I
                                    thought would be of general interest.</p><p TEIform="p">My visit to the Captive's home was attended with many interesting circumstances. It
                                    was a potent auxiliary in satisfying a desire of seeing and knowing the red races in
                                    their aboriginal homes, I having been allured in 1837 to <placeName TEIform="placeName">
                                        <region type="state" key="tgn_7007252" reg="Indiana" TEIform="region">Indiana</region>
                                    </placeName> to be present at the councils held by Colonel A. C. Pepper at the
                                    village of Keewaw-nay, in regard to the Pottawattamie emigration west of the <placeName TEIform="placeName">
                                        <region type="state" key="tgn_7007522" reg="Mississippi" TEIform="region">Mississippi</region>
                                    </placeName>.</p><p TEIform="p">There have been several notices of the history of Frances Slocum during the time
                                    intervening between her discovery and the present. They are, however, marred by many
                                    inaccuracies.</p><p TEIform="p">Having known Frances Slocum personally, and being familiar, too, with her Indian
                                    family, will you accept the following statement of personal appearance, which I
                                    extract from my journal (unpublished) of a visit to the "Deaf Man's Village," A. D.
                                    1839.</p><pb n="116" id="VAA4025-001-3-006" TEIform="pb"/><p TEIform="p">I will, however, premise that Colonel Ewing was not an Indian agent. Colonel A. C.
                                    Pepper was the agent at the time of the discovery of the "Lost Sister." Colonel
                                    Ewing was an Indian trader of considerable prominence and success. He was of the
                                    well-known firm of Ewing, Walker &amp; Co. Ewing, as a trader, knew Frances
                                    Slocum for many years, but it was not until the captive woman was in deep
                                    affliction—hopeless of recovery, and in the conviction of mind that the realities of
                                    life were about to close upon her—that she revealed her history to Colonel Ewing.
                                    Her anticipations of death at that time did not receive their fulfillment, for she
                                    did not die until 1847.</p><p TEIform="p">The following are the extracts from the journal:</p><p TEIform="p">"Preparations were then made for the ‘sitting.’ An old split-bottom chair was brought
                                    in by ‘Kick-ke-se-quah' from the adjoining room, which I placed near the little
                                    window, so as to obtain the best angle of light to fall upon her. Frances Slocum
                                    presented a very singular and picturesque appearance. Her ‘<hi rend="i" TEIform="hi">toute
                                        ensemble</hi>' was unique. She was dressed in a red calico ‘pes-mo-kin,' or
                                    shirt, figured with large yellow and green figures; this garment was folded within
                                    the upper part of her ‘mech-a-ko-teh,' or petticoat, of black cloth of excellent
                                    quality, bordered with red ribbon. Her nether limbs were clothed with red fady
                                    leggings, ‘winged' with green ribbon; her feet were bare and moccasinless.
                                    ‘Kick-ke-se-quah,' her daughter, who seemed not to be without some pride in her
                                    mother's appearing to the best advantage, placed a black silk shawl over her
                                    shoulders pinning it in front. I made no suggestions of any change in these
                                    arrangements, but left the toilette uninfluenced in any one particular.</p><p TEIform="p">"Frances placed her feet across upon the lower round of the chair. Her hands fell
                                    upon her lap in good position. Frances Slocum's face bore the marks of deep-seated
                                    lines. Her forehead was singularly interlaced with right angular lines and the
                                    muscles of her cheeks were of ridgy and corded lines. There were no indications of
                                    unwonted cares upon her countenance, beyond times influences, which peculiarly mark
                                    the decline of life. Her hair, originally of a dark brown, was now frosted. Though
                                    bearing some resemblance to her family (white), yet her cheek bones <pb n="117" id="VAA4025-001-3-007" TEIform="pb"/> seemed to have the Indian characteristies—face broad,
                                    nose bulby, mouth indicating some degree of severity, her eyes pleasant and kind.</p><p TEIform="p">"The ornamentation of her person was very limited. In her ears she wore a few small
                                    silver earbobs, peculiarly Indian style and taste. Frances Slocum was low in
                                    stature, being scarcely five feet in height. Her personal appearance suggested the
                                    idea of her being a half-breed Pottawattamie woman rather than a Miami squaw. The
                                    Miamis and Pottawattamies have very distinctive characteristics in regard to stature
                                    and conformation of head and facial appearance."</p><p TEIform="p">The above description of the personality of Frances Slocum is in harmony with the
                                    effort of my pencil.</p><p TEIform="p">Allow me to add that she had three daughters, one only of whom is now living. She is
                                    residing on the Mississinnewa, the wife of the Rev. P. Bondy, a Miami Baptist
                                    preacher, who was converted to Christianity under the missionary zeal of George
                                    Slocum, a Baptist, son of Isaac Slocum, who settled in the Miami National
                                    Reservation. Mrs. Bondy was a widow when I knew her, in 1839; her name then was
                                    "O-sou-pak-shin-quah."</p><p TEIform="p">"Kick-ke-se-quah," the oldest daughter, was the wife of Captain Jean Baptiste
                                    Brouillette. He died three years since. The Captain was a distinguished Miami; he
                                    was a medicine man (not a juggler), an orator of great volubility and force; he was
                                    also a convert to Christianity, and preached among the Miamis with success. The
                                    other daughter died before the discovery of Frances Slocum. Her death was associated
                                    with very painful and startling circumstances. The story runs that the son of a
                                    chief wooed her, but did not win her heart; her affections were bestowed upon
                                    another champion for her love. Her happiness, however, was not consummated by
                                    marriage. She drooped and died; and suspicion, ever active, suggested, and, it was
                                    feared, too truly, that she was the victim of poison.</p><p TEIform="p">The wigwam upon the Mississinnewa, at the "Deaf Man's Village," was a large, double
                                    log cabin, of comfortable capacity, such as characterizes the thrifty farmer's home
                                    in the West. A smaller cabin was attached to it, in which a very aged squaw lived.
                                    There was also a small bark hut, separated from the <pb n="118" id="VAA4025-001-3-008" TEIform="pb"/> main log, by a distance of a few rods. In addition to
                                    these structures, were a tall corn crib and stable, all of which, unitedly,
                                    constituted the famous "Deaf Man's Village"—the home of Mono-con-a-qua, the "Lost
                                    Sister," Frances Slocum. "She-buck-onah" was the name of the deaf chief, the second
                                    husband of the heroine of whom we have written so long an epistle. Hoping it may not
                                    be considered obtrusion upon your active engagements, I remain yours very truly,</p><byline TEIform="byline">G<hi rend="sc" TEIform="hi">EORGE</hi> W<hi rend="sc" TEIform="hi">INTER</hi>.</byline></div></body></text>
                </p></div></body></text></TEI.2>