<?xml version="1.0" encoding="UTF-8"?><!DOCTYPE TEI.2 SYSTEM "http://purl.dlib.indiana.edu/iudl/imh/resource/xml/imh_issue.dtd"><TEI.2><teiHeader type="text" status="new" TEIform="teiHeader"><fileDesc TEIform="fileDesc"><titleStmt TEIform="titleStmt"><title TEIform="title">Indiana Magazine of History</title><respStmt TEIform="respStmt"><resp TEIform="resp">Encoded by</resp><name TEIform="name">Aptara Inc.</name></respStmt></titleStmt><publicationStmt TEIform="publicationStmt"><publisher TEIform="publisher">Digital Library Program, Indiana University</publisher><pubPlace TEIform="pubPlace">Bloomington, IN</pubPlace><date TEIform="date">2007</date><availability status="unknown" TEIform="availability"><p TEIform="p">Copyright 2007 Trustees of Indiana University</p><p TEIform="p">Indiana University provides the information contained in this file for non-commercial,
        personal, or research use only. All other use, including but not limited to commercial or
        scholarly reproductions, redistribution, publication or transmission, whether by electronic
        means or otherwise, without prior written permission of the copyright holder is strictly
        prohibited.</p></availability></publicationStmt><seriesStmt TEIform="seriesStmt"><title TEIform="title">Indiana Magazine of History</title></seriesStmt><sourceDesc default="NO" TEIform="sourceDesc"><biblStruct default="NO" TEIform="biblStruct"><analytic TEIform="analytic"><title TEIform="title">Old Blockhouse Still Standing</title><author TEIform="author">George S. Cottman</author></analytic><monogr TEIform="monogr"><title TEIform="title">Indiana Magazine of History</title><imprint TEIform="imprint"><pubPlace TEIform="pubPlace">Indianapolis, IN</pubPlace><publisher TEIform="publisher">George S. Cottman</publisher><date TEIform="date">1907</date><biblScope type="issue" TEIform="biblScope">3</biblScope><biblScope type="volume" TEIform="biblScope">3</biblScope><biblScope type="pages" TEIform="biblScope">124-124</biblScope></imprint></monogr></biblStruct></sourceDesc></fileDesc><revisionDesc TEIform="revisionDesc"><change TEIform="change"><date TEIform="date">2007-06-20</date><respStmt TEIform="respStmt"><name TEIform="name">Natalie E. Whitted</name></respStmt><item TEIform="item">Changed pubPlace and publisher. Added author.</item></change></revisionDesc></teiHeader><text><body><pb n="124" id="VAA4025-003-3-024" TEIform="pb"/><div type="scholarlyArticle" id="VAA4025-003-3-a06" org="uniform" sample="complete" part="N" TEIform="div"><head TEIform="head">OLD BLOCKHOUSE STILL STANDING.</head><p TEIform="p">According to a newspaper correspondent<hi rend="sup" TEIform="hi">†</hi> there still stands a half-mile west of
                            <placeName TEIform="placeName"><settlement type="city" key="tgn_2033285" reg="Petersburg" TEIform="settlement">Petersburg</settlement></placeName>, in <placeName TEIform="placeName">
                        <region type="county" key="tgn_2000551" reg="Pike" TEIform="region">Pike county</region>
                    </placeName>, a blockhouse of the war of 1812. The accompanying picture shows it to be a large, two-story
                    cabin of heavy logs and provided with portholes. It was occupied during the war by Hosea Smith and family,
                    together with his neighbors, who came to it as a refuge.</p><list type="footnotes" TEIform="list"><item TEIform="item">
                        <hi rend="sup" TEIform="hi">*</hi> The unsigned article on the Wabash &amp; Erie canal is also by the editor.</item><item TEIform="item">
                        <hi rend="sup" TEIform="hi">†</hi>
                        <hi rend="i" TEIform="hi">
                            <placeName TEIform="placeName">
                                <settlement type="city" key="tgn_7012924" reg="Indianapolis" TEIform="settlement">Indianapolis</settlement>
                            </placeName> News</hi>, March 9,1907.</item></list></div></body></text></TEI.2>