<?xml version="1.0" encoding="UTF-8"?><!DOCTYPE TEI.2 SYSTEM "http://purl.dlib.indiana.edu/iudl/imh/resource/xml/imh_issue.dtd"><TEI.2><teiHeader type="text" status="new" TEIform="teiHeader"><fileDesc TEIform="fileDesc"><titleStmt TEIform="titleStmt"><title TEIform="title">Indiana Magazine of History</title><respStmt TEIform="respStmt"><resp TEIform="resp">Generated by</resp><name TEIform="name">Digital Library Program, Indiana University</name></respStmt></titleStmt><publicationStmt TEIform="publicationStmt"><publisher TEIform="publisher">Digital Library Program, Indiana University</publisher><pubPlace TEIform="pubPlace">Bloomington, IN</pubPlace><date TEIform="date">2007</date><availability status="unknown" TEIform="availability"><p TEIform="p">Copyright 2007 Trustees of Indiana University</p><p TEIform="p">Indiana University provides the information contained in this file for non-commercial,
        personal, or research use only. All other use, including but not limited to commercial or
        scholarly reproductions, redistribution, publication or transmission, whether by electronic
        means or otherwise, without prior written permission of the copyright holder is strictly
        prohibited.</p></availability></publicationStmt><seriesStmt TEIform="seriesStmt"><title TEIform="title">Indiana Magazine of History</title></seriesStmt><sourceDesc default="NO" TEIform="sourceDesc"><biblStruct default="NO" TEIform="biblStruct"><analytic TEIform="analytic"><title TEIform="title">Typographical Union of 1851</title></analytic><monogr TEIform="monogr"><title TEIform="title">Indiana Magazine of History</title><imprint TEIform="imprint"><pubPlace TEIform="pubPlace">Bloomington, IN</pubPlace><publisher TEIform="publisher">Indiana University Department of History in cooperation with the Indiana
                                Historical Society</publisher><date TEIform="date">1907</date><biblScope type="issue" TEIform="biblScope">4</biblScope><biblScope type="volume" TEIform="biblScope">3</biblScope><biblScope type="pages" TEIform="biblScope">195-195</biblScope></imprint></monogr></biblStruct></sourceDesc></fileDesc></teiHeader><text><body><pb n="195" id="VAA4025-003-4-047" TEIform="pb"/><div type="editorialMaterial" id="VAA4025-003-4-a07" org="uniform" sample="complete" part="N" TEIform="div"><head TEIform="head">TYPOGRAPHICAL UNION OF 1851.</head><p TEIform="p">The "practical printers" of <placeName TEIform="placeName">
                        <settlement type="city" TEIform="settlement">Madison</settlement>
                    </placeName> formed themselves into a "typographical society"
                    August 30, 1851.</p></div></body></text></TEI.2>