<?xml version="1.0" encoding="UTF-8"?><!DOCTYPE TEI.2 SYSTEM "http://purl.dlib.indiana.edu/iudl/imh/resource/xml/imh_issue.dtd"><TEI.2><teiHeader type="text" status="new" TEIform="teiHeader"><fileDesc TEIform="fileDesc"><titleStmt TEIform="titleStmt"><title TEIform="title">Indiana Magazine of History</title><respStmt TEIform="respStmt"><resp TEIform="resp">Encoded by</resp><name TEIform="name">Aptara Inc.</name></respStmt></titleStmt><publicationStmt TEIform="publicationStmt"><publisher TEIform="publisher">Digital Library Program, Indiana University</publisher><pubPlace TEIform="pubPlace">Bloomington, IN</pubPlace><date TEIform="date">2007</date><availability status="unknown" TEIform="availability"><p TEIform="p">Copyright 2007 Trustees of Indiana University</p><p TEIform="p">Indiana University provides the information contained in this file for non-commercial,
        personal, or research use only. All other use, including but not limited to commercial or
        scholarly reproductions, redistribution, publication or transmission, whether by electronic
        means or otherwise, without prior written permission of the copyright holder is strictly
        prohibited.</p></availability></publicationStmt><seriesStmt TEIform="seriesStmt"><title TEIform="title">Indiana Magazine of History</title></seriesStmt><sourceDesc default="NO" TEIform="sourceDesc"><biblStruct default="NO" TEIform="biblStruct"><analytic TEIform="analytic"><title TEIform="title">Gleaned from the Pioneers</title><author TEIform="author">George S. Cottman</author></analytic><monogr TEIform="monogr"><title TEIform="title">Indiana Magazine of History</title><imprint TEIform="imprint"><pubPlace TEIform="pubPlace">Indianapolis, IN</pubPlace><publisher TEIform="publisher">George S. Cottman</publisher><date TEIform="date">1905</date><biblScope type="issue" TEIform="biblScope">2</biblScope><biblScope type="volume" TEIform="biblScope">1</biblScope><biblScope type="pages" TEIform="biblScope">107-110</biblScope></imprint></monogr></biblStruct></sourceDesc></fileDesc><revisionDesc TEIform="revisionDesc"><change TEIform="change"><date TEIform="date">2007-06-07</date><respStmt TEIform="respStmt"><name TEIform="name">Natalie E. Whitted</name></respStmt><item TEIform="item">Added author.</item></change></revisionDesc></teiHeader><text><body><pb n="107" id="VAA4025-001-2-049" TEIform="pb"/><div type="scholarlyArticle" id="VAA4025-001-2-a11" org="uniform" sample="complete" part="N" TEIform="div"><head TEIform="head">Gleaned from the Pioneers</head><head TEIform="head">A Humble Life Story</head><p TEIform="p">A RECENT item in the newspapers announcing the critical, probably fatal illness of Mrs. Elizabeth
                    McClay, centenarian, of <placeName TEIform="placeName">
                        <settlement type="city" TEIform="settlement">Indianapolis</settlement>
                    </placeName>, brings to the mind of the writer certain pleasing recollections of a very obscure and
                    humble, but, as he thinks, a quite remarkable person. Some years ago Mrs. McClay made her home with
                    a relative of the third generation on a farm within sight of the roofs of <placeName TEIform="placeName">
                        <settlement type="city" TEIform="settlement">Irvington</settlement>
                    </placeName>, and here the Rambler (as we, will designate ourself), found her, was interested to the
                    point of fascination, and returned more than once, to sit a spare hour with her in her homely but
                    tidy room overlooking the country spaces; to hear her low, placid talk and to solve, if maybe, the
                    secret of her attraction.</p><p TEIform="p">Mrs. McClay seemed wholly un-at-home amid the people and scenes of to-day, as though her lapping over
                    into an alien period was a chronological misfit. The Rambler apprehended this from many things half
                    said and things not said at all. If his guessing was true, earth had seemed denuded and unnatural to
                    her ever since the great forests had melted away, and the inhabitants thereof had undergone strange
                    transformations that separated them from her. So her function now was to live fondly in the past and
                    most expectantly in the future, and to wait with the mute patience of nature while the slow seasons
                    ran their rounds. Meanwhile, the feeble hands, that had long since earned rest, rarely knew an idle
                    moment. Service was as much a part of her being as was breathing. The newspaper item referred to
                    stated that she had that year made twenty-five quilts that others might be warm. Doubtless this was
                    so.</p><pb n="108" id="VAA4025-001-2-050" TEIform="pb"/><p TEIform="p">Mrs. McClay wore, indoor and out, an old-fashioned sunbonnet with paste-board stays, and under this a
                    little linen cap. From the depths of that bonnet, framed by the cap's white frill looked out a
                    wrinkled face so calm and peaceful that one wondered if its owner ever could have known bitterness
                    and sorrow. To show so little sign of weariness and wreckage at the end of a long century of
                    existence surely must have argued a pleasant journey. As to this, let her simple little story
                    testify. It is here given as nearly ver batim as the Rambler could reproduce it at the time. Let it
                    be added that the quaint pioneer dialect with its barbarisms, which is here modified somewhat, did
                    not, somehow, seem uncouth in her, nor discrepant with her gentle voice and personality.</p><p TEIform="p">"If my daddy and mammy came traveling past here today,' I'd drop everything, old as I am, and follow
                    them," avowed the aged reminiscent. "Oh, how I did love my daddy and mammy!—who could be nearer to
                    me than they was? where they went I went; their God was my God. I remember plain as yesterday when
                    my daddy went off to fight the British and Injuns in 1814. The morning he went there was his shot
                    pouch and powder horn and gun all ready for him, and he said to us: ‘Now, when I go I don't want any
                    of you to say a word to me.’ So when he was all ready and had put on his pouch and horn he kissed us
                    children and then went to mammy, who was sitting by the fireside looking in the coals, and laid his
                    hand on her shoulder and kissed her, but never said a word, and she never said a word. After that he
                    took up his gun and went straight out, but my little baby brother crawled on the floor after him,
                    crying for daddy to take him up, and I looked out of the window after him, and called out ‘good bye,
                    daddy!' but he never looked back once. Six months later he came back again, and oh! but we was a
                    joyful lot. That was way down in <placeName TEIform="placeName">
                        <region type="state" key="tgn_7007825" reg="Tennessee" TEIform="region">Tennessee</region>
                    </placeName>.</p><p TEIform="p">"When I was a woman grown and married with children of my own, my man and daddy took a notion they'd
                    try Injianny. So we all came, with just one wagon to carry our things and the children, while the
                    rest of us walked, me toting <pb n="109" id="VAA4025-001-2-051" TEIform="pb"/> my baby. We didn't seem to do well
                    here, and by'n by daddy wanted to go back, and we went with him. Then we seemed to do worse than
                    ever there, and daddy said he'd try Injianny again, and we come. Injianny didn't ‘pear to be much
                    better than <placeName TEIform="placeName">
                        <region type="state" key="tgn_7007825" reg="Tennessee" TEIform="region">Tennessee</region>
                    </placeName>, after all, and back we tromped. Then after while it seem like there was no chance at
                    all in <placeName TEIform="placeName">
                        <region type="state" key="tgn_7007825" reg="Tennessee" TEIform="region">Tennessee</region>
                    </placeName>, and daddy took a notion again. I was getting despret tired of the travel, but daddy
                    coaxed me and mammy coaxed me, and this time they promisel they would stay, and seeing they were
                    bent on it, I agreed. So five times I walked back and forth between <placeName TEIform="placeName">
                        <region type="state" key="tgn_7007825" reg="Tennessee" TEIform="region">Tennessee</region>
                    </placeName> and Injianny, kase I would have followed my daddy and mammy to the ends of the earth.</p><p TEIform="p">"My man sickened in Injeanny and took to his last bed, and kase we were so pore it looked like I
                    would have a despret time raising the children. In them days, when pore folks couldn't care for
                    their own flesh and blood they would bind ‘em out to strangers till the children were of age. My man
                    had been a bound boy, and he called me to his bedside, and, said he, ‘promise me that no child of
                    mine shall ever be bound out;’ and I said, ‘so long as I can lift a hand to work for them they shall
                    not be bound out; and daddy and mammy promised, and that seemed to take a great load off his mind.</p><p TEIform="p">"After he was gone I kept my promise to him. I worked out by day, indoor and out; I spun and I wove.
                    I pulled flax and piled brush; all kind of work that's done by woman or man I done, and I kept my
                    children together. Two of the little ones died, but the rest of ‘em and daddy and mammy I kept
                    together. Then my daddy, that I loved so, went, and it was harder for me, but still I worked and
                    kept them together till all were old enough to take care of theirselves. Next my Janey, who was
                    married, was smitten by the hand of the Lord, and on her death bed she mourned and grieved bekase of
                    her babies. ‘Oh, my precious little ones! what will become of them?’ she cried out once, when the
                    end was drawing nigh. ‘Never mind, darling, said I, ‘mammy will take care of your little ones—she
                    has took care of you and she will take care of them, and that give her comfort before she passed <pb n="110" id="VAA4025-001-2-052" TEIform="pb"/> away. And me and my old mammy took charge of the little ones,
                    but it wan't long before the good Lord gathered them one by one, and oh! I rejoiced, bekase then I
                    knowed my darling Janey had them again. Then my mammy died, and so all them that was nearest to me
                    left me, and as they went I was glad, kase I knowed their troubles were all over, and I had only to
                    wait. If I could bring them all back to me with a word I wouldn't speak it, kase they're happier
                    where they are and I can go to them."</p><p TEIform="p">This was old Mrs. McClay's brief and simple story, very simply told—a story too humble, doubtless, to
                    find many listeners. To the Rambler it seemed far worthier of interest than many a one that unravels
                    itself more imposingly, for in the heroism and endurance, the patience and calm, rock-like faith of
                    it, and in the strength of human ties revealed as she told it, was something elemented and
                    essentially great.</p></div></body></text></TEI.2>