<?xml version="1.0" encoding="UTF-8"?><!DOCTYPE TEI.2 SYSTEM "http://purl.dlib.indiana.edu/iudl/imh/resource/xml/imh_issue.dtd"><TEI.2><teiHeader type="text" status="new" TEIform="teiHeader"><fileDesc TEIform="fileDesc"><titleStmt TEIform="titleStmt"><title TEIform="title">Indiana Magazine of History</title><respStmt TEIform="respStmt"><resp TEIform="resp">Generated by</resp><name TEIform="name">Digital Library Program, Indiana University</name></respStmt></titleStmt><publicationStmt TEIform="publicationStmt"><publisher TEIform="publisher">Digital Library Program, Indiana University</publisher><pubPlace TEIform="pubPlace">Bloomington, IN</pubPlace><date TEIform="date">2007</date><availability status="unknown" TEIform="availability"><p TEIform="p">Copyright 2007 Trustees of Indiana University</p><p TEIform="p">Indiana University provides the information contained in this file for non-commercial,
        personal, or research use only. All other use, including but not limited to commercial or
        scholarly reproductions, redistribution, publication or transmission, whether by electronic
        means or otherwise, without prior written permission of the copyright holder is strictly
        prohibited.</p></availability></publicationStmt><seriesStmt TEIform="seriesStmt"><title TEIform="title">Indiana Magazine of History</title></seriesStmt><sourceDesc default="NO" TEIform="sourceDesc"><biblStruct default="NO" TEIform="biblStruct"><analytic TEIform="analytic"><title TEIform="title">Editorial</title></analytic><monogr TEIform="monogr"><title TEIform="title">Indiana Magazine of History</title><imprint TEIform="imprint"><pubPlace TEIform="pubPlace">Bloomington, IN</pubPlace><publisher TEIform="publisher">Indiana University Department of History in cooperation with the Indiana
                                Historical Society</publisher><date TEIform="date">1909</date><biblScope type="issue" TEIform="biblScope">2</biblScope><biblScope type="volume" TEIform="biblScope">5</biblScope><biblScope type="pages" TEIform="biblScope">80-81</biblScope></imprint></monogr></biblStruct></sourceDesc></fileDesc></teiHeader><text><body><pb n="80" id="VAA4025-005-2-032" TEIform="pb"/><div type="editorialMaterial" id="VAA4025-005-2-a07" org="uniform" sample="complete" part="N" TEIform="div"><head TEIform="head">EDITORIAL.</head><p rend="center" TEIform="p">AN ACTIVE COUNTY HISTORICAL SOCIETY.</p><p TEIform="p">The twenty-second annual meeting of the <placeName TEIform="placeName">
                        <region type="county" TEIform="region">Henry County</region>
                    </placeName> Historical Society, of which an account is given elsewhere, was
                    held the last of April. This meeting sustained the reputation of the society as
                    one of the most active and progressive historical organizations of the State. If
                    any comment other than eulogistic were to be made upon the work of the society,
                    it would be by way of warning that its membership ought to be extended more
                    largely among the younger element of the county. Historical societies frequently
                    grow out of old settlers' organizations, but they should not be turned
                    into old settlers' reunions, nor should interest center chiefly in
                    matters of antiquarian concern. The value of history is the light it throws upon
                    institutional development and racial progress or degeneration. These can not be
                    studied by way of reminiscence and antiquities alone, but demand observation and
                    analysis by men whose powers are developing, whose prime lies in the future
                    rather than in the past. Any community makes a mistake when it conceives of the
                    study of its institutions as a matter to be left to those who have retired from
                    active life and have leisure for things of little importance. Of course, there
                    is no money for any individual in the study of local history, but the progress
                    of a community involves many things of this sort. The point is not that the
                    older men should not be honored members of historical societies, but that the
                    younger men, especially those interested in teaching and in public welfare,
                    should take an active part in supporting such organizations.</p><p TEIform="p">The <placeName TEIform="placeName">
                        <region type="county" TEIform="region">Henry County</region>
                    </placeName> Historical Society is a good example of what can be accomplished
                    under the present State law. The Jaw providing for appropriations by counties
                    for historical societies is <pb n="81" id="VAA4025-005-2-033" TEIform="pb"/> printed in full
                    in this number. Under its provisions it is possible for even a few men
                    interested in local history, continuing that interest for a period of only five
                    years, in which time it will naturally enlarge, to receive permanent quarters
                    for meetings and for the preservation and exhibition of books and other objects
                    of historical interest. At <placeName TEIform="placeName">
                        <settlement type="city" TEIform="settlement">Newcastle</settlement>
                    </placeName> a fine old residence has been bought and a valuable collection of
                    books and relics brought together. The collection is especially complete in the
                    field of pioneer tools and implements. With a little more search and careful
                    repair of machinery now on hand, which ought to be done at once, the society
                    would have a very adequate apparatus for illustrating pioneer industry, from the
                    raising of flax and hemp to the production of cloth. A fine specimen of early
                    looms belonging to the society, formerly belonging to William Dawson, of <placeName TEIform="placeName">
                        <settlement type="city" TEIform="settlement">Spiceland</settlement>
                    </placeName>, would in itself make a good nucleus for such a collection.</p><p TEIform="p">We commend the success of the <placeName TEIform="placeName">
                        <region type="county" TEIform="region">Henry County</region>
                    </placeName> Historical Society in its collection and in its annual meetings,
                    largely attended and interesting as they are, as an object-lesson to all who are
                    interested in Indiana history.</p></div></body></text></TEI.2>