<?xml version="1.0" encoding="UTF-8"?><!DOCTYPE TEI.2 SYSTEM "http://purl.dlib.indiana.edu/iudl/imh/resource/xml/imh_issue.dtd"><TEI.2><teiHeader type="text" status="new" TEIform="teiHeader"><fileDesc TEIform="fileDesc"><titleStmt TEIform="titleStmt"><title TEIform="title">Indiana Magazine of History</title><respStmt TEIform="respStmt"><resp TEIform="resp">Generated by</resp><name TEIform="name">Digital Library Program, Indiana University</name></respStmt></titleStmt><publicationStmt TEIform="publicationStmt"><publisher TEIform="publisher">Digital Library Program, Indiana University</publisher><pubPlace TEIform="pubPlace">Bloomington, IN</pubPlace><date TEIform="date">2007</date><availability status="unknown" TEIform="availability"><p TEIform="p">Copyright 2007 Trustees of Indiana University</p><p TEIform="p">Indiana University provides the information contained in this file for non-commercial,
        personal, or research use only. All other use, including but not limited to commercial or
        scholarly reproductions, redistribution, publication or transmission, whether by electronic
        means or otherwise, without prior written permission of the copyright holder is strictly
        prohibited.</p></availability></publicationStmt><seriesStmt TEIform="seriesStmt"><title TEIform="title">Indiana Magazine of History</title></seriesStmt><sourceDesc default="NO" TEIform="sourceDesc"><biblStruct default="NO" TEIform="biblStruct"><analytic TEIform="analytic"><title TEIform="title">Notes</title></analytic><monogr TEIform="monogr"><title TEIform="title">Indiana Magazine of History</title><imprint TEIform="imprint"><pubPlace TEIform="pubPlace">Bloomington, IN</pubPlace><publisher TEIform="publisher">Indiana University Department of History in cooperation with the Indiana
                                Historical Society</publisher><date TEIform="date">1908</date><biblScope type="issue" TEIform="biblScope">2</biblScope><biblScope type="volume" TEIform="biblScope">4</biblScope><biblScope type="pages" TEIform="biblScope">96-97</biblScope></imprint></monogr></biblStruct></sourceDesc></fileDesc></teiHeader><text><body><pb n="96" id="VAA4025-004-2-042" TEIform="pb"/><div type="editorialMaterial" id="VAA4025-004-2-a11" org="uniform" sample="complete" part="N" TEIform="div"><head TEIform="head">NOTES.</head><p rend="center" TEIform="p">HENRY COUNTY HISTORICAL SOCIETY.</p><p TEIform="p">The twenty-second annual meeting of this, the most flourishing county historical society in the State
                    of Indiana, was held Thursday, April 30th, 1908, at the Historical Society Building, No. 614 South
                    Fourteenth street, <placeName TEIform="placeName">
                        <settlement type="city" TEIform="settlement">Newcastle</settlement>
                    </placeName>. In the printed program a very interesting session was arranged for, including among
                    other numbers presentation of new material for the historical, biographical and portrait
                    collections, and an "illustration exercise of pioneer methods of preparing and spinning
                    flax and wool on the old-time little wheel, and also on the great wheel," by <placeName TEIform="placeName">
                        <settlement type="city" TEIform="settlement">Spiceland</settlement>
                    </placeName> township people, who were familiar with the work.</p><p TEIform="p">The annual session of the Caroline Scott Harrison Chapter of the Daughters of the American Revolution
                    was held at the home of Mrs. C. S. Sargent, in <placeName TEIform="placeName">
                        <settlement type="city" TEIform="settlement">Indianapolis</settlement>
                    </placeName>, May 14th. The secretary, Mrs. W. C. Buell, reported $400 now available for
                    a memorial of Mrs. Harrison, for whom the chapter is named, in the Continental Hall at <placeName TEIform="placeName">
                        <settlement type="city" TEIform="settlement">Washington</settlement>
                    </placeName>. The registrar, Mrs. W. S. R. Tarkington, reported the present membership as two
                    hundred and fifty, of whom twenty-three are life members.</p><p TEIform="p">The Anthony Wayne Memorial Association has been formed at <placeName TEIform="placeName">
                        <settlement type="city" TEIform="settlement">Ft. Wayne</settlement>
                    </placeName> with officers as follow: Chairman, Captain H. W. <pb n="97" id="VAA4025-004-2-043" TEIform="pb"/>
                    Dickman; vice-chairman, Captain W. F. Geller; second vice-chairman, Captain Harry Clark; secretary,
                    W. A. Carmer; treasurer, Colonel S. K. Kelker. The object of the association is to petition Congress
                    for an appropriation sufficient to erect on the site of the old fort a suitable memorial building,
                    in which armories may be established for all the military companies in the city, as well as a museum
                    of local history and an assembly-room.</p><p TEIform="p">Mr. Jacob P. Dunn, of <placeName TEIform="placeName">
                        <settlement type="city" TEIform="settlement">Indianapolis</settlement>
                    </placeName>, has been appointed to special service in collecting information about the languages
                    spoken by the Indian tribes formerly dwelling in this part of the country, under the direction of
                    the National Bureau of Ethnology.</p></div></body></text></TEI.2>