<?xml version="1.0" encoding="UTF-8"?><!DOCTYPE TEI.2 SYSTEM "http://purl.dlib.indiana.edu/iudl/imh/resource/xml/imh_issue.dtd"><TEI.2><teiHeader type="text" status="new" TEIform="teiHeader"><fileDesc TEIform="fileDesc"><titleStmt TEIform="titleStmt"><title TEIform="title">Indiana Magazine of History</title><respStmt TEIform="respStmt"><resp TEIform="resp">Encoded by</resp><name TEIform="name">Aptara Inc.</name></respStmt></titleStmt><publicationStmt TEIform="publicationStmt"><publisher TEIform="publisher">Digital Library Program, Indiana University</publisher><pubPlace TEIform="pubPlace">Bloomington, IN</pubPlace><date TEIform="date">2007</date><availability status="unknown" TEIform="availability"><p TEIform="p">Copyright 2007 Trustees of Indiana University</p><p TEIform="p">Indiana University provides the information contained in this file for non-commercial,
        personal, or research use only. All other use, including but not limited to commercial or
        scholarly reproductions, redistribution, publication or transmission, whether by electronic
        means or otherwise, without prior written permission of the copyright holder is strictly
        prohibited.</p></availability></publicationStmt><seriesStmt TEIform="seriesStmt"><title TEIform="title">Indiana Magazine of History</title></seriesStmt><sourceDesc default="NO" TEIform="sourceDesc"><biblStruct default="NO" TEIform="biblStruct"><analytic TEIform="analytic"><title TEIform="title">George W. Julian's Journal—The Assassination of
                        Lincoln</title><author TEIform="author">George W. Julian</author><author TEIform="author">J.A.W.</author></analytic><monogr TEIform="monogr"><title TEIform="title">Indiana Magazine of History</title><imprint TEIform="imprint"><pubPlace TEIform="pubPlace">Bloomington, IN</pubPlace><publisher TEIform="publisher">Indiana University Department of History in cooperation with
                                the Indiana Historical Society and the Indiana State Library</publisher><date TEIform="date">1915</date><biblScope type="issue" TEIform="biblScope">4</biblScope><biblScope type="volume" TEIform="biblScope">11</biblScope><biblScope type="pages" TEIform="biblScope">324-337</biblScope></imprint></monogr></biblStruct></sourceDesc></fileDesc><revisionDesc TEIform="revisionDesc"><change TEIform="change"><date TEIform="date">2007-07-13</date><respStmt TEIform="respStmt"><name TEIform="name">Natalie E. Whitted</name></respStmt><item TEIform="item">Added State Library to publisher. Added authors (ediotr as second author).</item></change></revisionDesc></teiHeader><text><body><pb n="[324]" id="VAA4025-011-4-040" TEIform="pb"/><div type="scholarlyArticle" id="VAA4025-011-4-a03" org="uniform" sample="complete" part="N" TEIform="div"><head TEIform="head">George W. Julian's Journal—The Assassination of <placeName TEIform="placeName">
                        <settlement type="city" TEIform="settlement">Lincoln</settlement>
                    </placeName>
            </head><p TEIform="p">[The following pages from the Journal of Mr. Julian were furnished by his daughter, Mrs. Grace Julian
                    Clarke, of <placeName TEIform="placeName">
                        <settlement type="city" TEIform="settlement">Irvington</settlement>
                    </placeName>, Indiana. George W. Julian was one of the best known of Indiana's public men
                    fifty years ago. These extracts from his diary covering the closing days of the Civil War and the
                    assassination of <placeName TEIform="placeName">
                        <settlement type="city" TEIform="settlement">Lincoln</settlement>
                    </placeName> are of general historical interest and especially so to Indianians. The readers of the
                        <hi rend="i" TEIform="hi">Indiana Magazine of History</hi> will no doubt wish to have more extracts from this
                    interesting Journal. A brief sketch of Julian will be in place here.</p><p TEIform="p">George W. Julian was born near <placeName TEIform="placeName">
                        <settlement type="city" TEIform="settlement">Centerville</settlement>
                    </placeName>, Ind., May 5, 1817. His ancestors were from <placeName TEIform="placeName">
                        <region type="state" reg="ncu" TEIform="region">North Carolina</region>
                    </placeName> and were among the early settlers in the Whitewater Valley. Young Julian attended the
                    common schools, studied law and was admitted to the bar in 1840. In politics he was a Whig of
                    pronounced anti-slavery disposition, being of the <placeName TEIform="placeName">
                        <settlement type="city" TEIform="settlement">Quaker</settlement>
                    </placeName> stock whose migration from <placeName TEIform="placeName">
                        <region type="state" reg="ncu" TEIform="region">North Carolina</region>
                    </placeName> to the Northwest was largely prompted by slavery conditions in the Carolinas. He was
                    elected to Congress as a Freesoiler on a fusion ticket between Democrats and Free-soilers in 1848.
                    Julian was elected to the Lower House of the Indian Legislature in 1845; he was a delegate to the
                    National Free Soil <placeName TEIform="placeName">
                        <settlement type="city" TEIform="settlement">Buffalo</settlement>
                    </placeName> Convention in 1848, and was a candidate for Vice-President on the Free Soil ticket with
                    John V. Hale in 1852. He was a delegate to the first national convention of the Republican Party in
                    1856, which met in <placeName TEIform="placeName">
                        <settlement type="city" TEIform="settlement">Pittsburgh</settlement>
                    </placeName>. February 22 of that year for the national organization of the new party, and Mr.
                    Julian was chairman of the Committee on Organization. He had been elected as a Free Soiler (by the
                    aid of a Democratic endorsement) to the thirty-first Congress in 1848, and served in Congress from
                    March 4, 1849, to March 4, 1851. He was again elected to Congress, as a Republican, serving in the
                    37th, 38th, 39th, 40th and 41st Congresses, from March 4, 1861 to March 4, 1871, in one of the
                    stormiest periods in our country's history. In this period he stood with the radical
                    anti-slavery men, under the leadership of Stevens, Wade and Sumner, and he was a member of important
                    committees, including the one on the Conduct of the War. He was an ardent advocate of the homestead
                    system, of suffrage for the negro, and as early as 1868, he proposed a constitutional amendment to
                    confer suffrage upon women. He was always the ready champion of the principle of fundamental
                    democracy —"equal rights for all, special privileges for none,"
                    regardless of race, color, creed, or sex.</p><p TEIform="p">Julian became a Liberal Republican along with Sumner, Schurz, White-law Reid and others in 1872,
                    supporting Horace Greeley for the Presidency <pb n="325" id="VAA4025-011-4-041" TEIform="pb"/> against Grant. In
                    1884 he supported <placeName TEIform="placeName">
                        <settlement type="city" TEIform="settlement">Cleveland</settlement>
                    </placeName> for President and was appointed by President Cleveland Surveyor General of New <placeName TEIform="placeName">
                        <country reg="mx" TEIform="country">Mexico</country>
                    </placeName>. He served four years in that office, from 1886 to 1890. He died in <placeName TEIform="placeName">
                        <settlement type="city" TEIform="settlement">Irvington</settlement>
                    </placeName>, now a part of <placeName TEIform="placeName">
                        <settlement type="city" TEIform="settlement">Indianapolis</settlement>
                    </placeName>, on July 7, 1899. Mr. Julian's second wife, the mother of Mrs. Grace Julian
                    Clarke, was a daughter of Joshua E. Giddings the noted anti-slavery hero and champion of the old
                    Western Reserve District of <placeName TEIform="placeName">
                        <region type="state" reg="ohu" TEIform="region">Ohio</region>
                    </placeName>, whose parliamentary and political struggles with the representatives of the slave
                    interests form so large a part of the exciting anti-slavery controversy. George W. Julian's
                    Life of Giddings is a valuable contribution to the literature and history of that conflict. In his
                    later years Mr. Julian was a contributor to the <hi rend="i" TEIform="hi">American Historical Review</hi> and
                    other journals. His <hi rend="i" TEIform="hi">Speeches on Political Questions</hi> are well known contributions
                    to our political literature. The "Journal" of Julian is a record of notable
                    interest touching the men and events of a great period. His life deserves a memorial volume.</p><p rend="rigt" TEIform="p">J. A. W.</p><p TEIform="p">
                    <text TEIform="text"><body TEIform="body"><div type="diary" org="uniform" sample="complete" part="N" TEIform="div"><p rend="right" TEIform="p">
                           <hi rend="sc" TEIform="hi">WASHINGTON, TUESDAY</hi>, January 3, 1865.</p><p TEIform="p">Have been trying to get together and arrange some thoughts on the subject of selling
                                    our mineral lands. The city has been very dull during the vacation, nearly all the
                                    members of Congress having gone home. Attended the committee meeting today, but
                                    nothing was done but listen to old Ben Wade hold forth in his peculiar style. He
                                    denounces the Administration and the servility and cowardice of Congress. We have no
                                    stirring news since the unfortunate failure at Wilmington, which seems to have no
                                    parallel among the many horrid blunders of this war.</p><p TEIform="p">The New Year was ushered in quietly here, and I spent nearly the whole day in my
                                    room.</p><p rend="right" TEIform="p">
                           <hi rend="sc" TEIform="hi">SUNDAY</hi>, January 8.</p><p TEIform="p">Have been attending the sessions of the House and am writing off the first draft of a
                                    speech on mineral lands. Had a talk the other day with Mr. Hugh McCulloch on the
                                    subject; also with Dr. Elder and Horace Greeley. They are all for selling these
                                    lands. So is old John Wilson, ex-Commissioner of the Land Office, on whom I called
                                    the other day. He knows more about our land question probably than any man in the
                                    Union. He is to draw a bill for me as he thinks it should be.</p><p TEIform="p">Yesterday, on the advice of financial friends, I invested $1,800 in
                                    seven-thirty bonds. Have now in bonds and bank stock $6,000 and
                                    $1,300 loaned. If I have no bad luck I hope to be able to save nearly all
                                    my salary for the next two years.</p><pb n="326" id="VAA4025-011-4-042" TEIform="pb"/><p TEIform="p">Have a present of a nice scarf from Mrs. Cheesman of <placeName TEIform="placeName">
                                        <region type="state" reg="cau" TEIform="region">California</region>
                                    </placeName>, who boards here, and a present from Laura of a fine copy of the New
                                    Testament and Psalms, given on the anniversary of our marriage. Also, of a ball.</p><p rend="right" TEIform="p">
                           <hi rend="sc" TEIform="hi">FRIDAY</hi>, January 20.</p><p TEIform="p">Attending the session of the House and of the Committee on the Conduct of the War,
                                    writing a good many letters, and at work on my speech. I will be done with it in a
                                    few days.</p><p TEIform="p">On Tuesday last we had General <placeName TEIform="placeName">
                                        <settlement type="city" TEIform="settlement">Butler</settlement>
                                    </placeName> before our committee all day. His testimony is in the highest degree
                                    interesting, and will vindicate him against the charges which now seem to weigh him
                                    down. It turns out that his failure at Fort Fisher was not the cause of his late
                                    removal, which had been determined on before, the failure being simply made the
                                    occasion. Either <placeName TEIform="placeName">
                                        <settlement type="city" TEIform="settlement">Butler</settlement>
                                    </placeName> or Grant has lied, as there is a square contradiction between them. We
                                    shall send for Grant and others, and have a complete sifting of the whole matter.
                                    When <placeName TEIform="placeName">
                                        <settlement type="city" TEIform="settlement">Butler</settlement>
                                    </placeName> came before us Wade asked him to state his rank and position in the
                                    army at this time. He answered promptly: "My rank is that of a
                                    Major-General of Volunteers, and my position is that of a witness before the
                                    Committee on the Conduct of the War." He is a "brick."<hi rend="sup" TEIform="hi">1</hi>
                        </p><p rend="right" TEIform="p">
                           <hi rend="sc" TEIform="hi">THURSDAY NIGHT</hi>, January 26.</p><p TEIform="p">Finished my mineral land speech two or three days ago. Last night had Mr. Blodget and
                                    Mr. Taylor, of the Treasury Department here endeavoring to perfect my bill. We had a
                                    most interesting discussion. Conklin, of <placeName TEIform="placeName">
                                        <settlement type="city" TEIform="settlement">Cincinnati</settlement>
                                    </placeName>, was also with us— the man who deluges me with letters about
                                    minerals and railroads. Have begun to prepare a general speech on the rebellion,
                                    slavery, etc., to be delivered after awhile if I can get the floor. On Tuesday we
                                    had a spicy debate in the House growing out of some charges of Brooks, of <placeName TEIform="placeName">
                                        <region type="state" reg="nyu" TEIform="region">New York</region>
                                    </placeName>, against General <placeName TEIform="placeName">
                                        <settlement type="city" TEIform="settlement">Butler</settlement>
                                    </placeName>. <list type="footnotes" TEIform="list"><item TEIform="item">
                                 <hi rend="sup" TEIform="hi">1</hi> On Jan. 7, 1865, Grant removed <placeName TEIform="placeName">
                                                <settlement type="city" TEIform="settlement">Butler</settlement>
                                            </placeName> from the command of the Department of <placeName TEIform="placeName">
                                                <region type="state" reg="vau" TEIform="region">Virginia</region>
                                            </placeName> and <placeName TEIform="placeName">
                                                <region type="state" reg="ncu" TEIform="region">North Carolina</region>
                                            </placeName>, "for the good of the service."
                                            "There is," wrote Grant to Stanton, the Secretary of War,
                                            "a lack of confidence felt in his military ability, making him an
                                            unsafe commander for a large army. His administration of the affairs of his
                                            department is also objectionable." On Feb. 7, 1865, Stanton
                                            telegraphed to Grant, "The President orders that you as being
                                            responsible for military results must be allowed to be judge and master on
                                            the subjects of trade with the enemy." Mr. Rhodes calls this the
                                            true policy. Gen. Grant had expressed the opinion that commercial
                                            non-intercourse with the enemy would have a very positive effect in
                                            shortening the war. It is well known that the illicit trade in cotton was
                                            very hard to control.</item></list>
                                    <pb n="327" id="VAA4025-011-4-043" TEIform="pb"/> Boutwell made a good speech, and with the help
                                    of Stevens overwhelmingly vindicated the "old beast," and
                                    demolished Brooks.</p><p rend="right" TEIform="p">SATURDAY NIGHT, January 20.</p><p TEIform="p">Tried hard today to get a hearing at the War Department, but failed. Last night
                                    attended the Speaker's reception and visited Senator Conness to talk about
                                    mineral lands. His self-esteem is a disease.</p><p rend="right" TEIform="p">WEDNESDAY NIGHT, February 1.</p><p TEIform="p">Just returned from Mr. Chase's reception, where I went with Mrs. Cheesman.
                                    Mrs. Sprague appeared grandly and so did the Chief Justice.<hi rend="sup" TEIform="hi">2</hi>
                        </p><p TEIform="p">The greatest event of this century occurred yesterday in the passage of the
                                    Constitutional Amendment in the House. The spectacle during the vote was the most
                                    solemn and impressive I ever witnessed. The result for a good while remained in
                                    doubt, and the suspense produced perfect stillness. When it was certainly known that
                                    the measure had carried, the cheering in the hall and densely packed galleries
                                    exceeded anything I ever before saw and beggared description. Members joined in the
                                    shouting, and kept it up for some minutes. Some embraced one another, others wept
                                    like children. I never before felt as I then did, and thanked God for the blessed
                                    opportunity of recording my name where it will be as honored as those of the signers
                                    of the Declaration of Independence. What a grand jubilee for the old battle-scarred
                                    Abolitionists. Glorious fruit of the war. I have felt, ever since the vote, as if I
                                    were in a new country. I seem to breathe better, and feel comforted and refreshed.</p><p TEIform="p">Another event, following close after this, was the admission of Doctor Rock, of <placeName TEIform="placeName">
                                        <settlement type="city" TEIform="settlement">Boston</settlement>
                                    </placeName>, a colored lawyer and scholar, to practice in the Supreme Court. No
                                    objection was made, even by the old Dred Scott judges.</p><p TEIform="p">Have my bill ready to offer.</p><p rend="right" TEIform="p">FRIDAY, February 10.</p><p TEIform="p">On Monday evening went with Laura to visit Mrs. Swisshelm and Mrs. Berkau. On
                                    Wednesday night we went to Ford's Theatre to hear "She Stoops to
                                    Conquer" and were badly bored. Last night made further calls and am trying
                                    to be a little sociable.</p><p TEIform="p">The Freedmen's Bill passed the House yesterday, and last week <list type="footnotes" TEIform="list"><item TEIform="item">
                                 <hi rend="sup" TEIform="hi">2</hi> Kate Chase Sprague, the daughter of the Chief
                                            Justice and wife of the <placeName TEIform="placeName">
                                                <country reg="riu" TEIform="country"> Rhode Island </country>
                                            </placeName> Senator.</item></list>
                                    <pb n="328" id="VAA4025-011-4-044" TEIform="pb"/> the Ship Canal bills, involving large
                                    appropriations, were passed. On Wednesday both Houses assembled to count the votes
                                    for President, and I think I never before saw the hall and galleries so crowded. On
                                    Tuesday evening in convention of the whole, I made my general political speech,
                                    which is not yet printed, and yesterday I reported back my land bill and delivered
                                    my speech upon it which will be in the <hi rend="i" TEIform="hi">Globe</hi> today. Both are to be
                                    put in pamphlet for distribution. Am behind with my work and shall be overwhelmed
                                    with duties till the end of the session. Have great fears that neither my Mineral
                                    Land Bill nor Homestead Bill of the last session will pass at this session, but am
                                    proud of them and hope they will.</p><p rend="right" TEIform="p">SUNDAY NIGHT, February 12.</p><p TEIform="p">Laura has just taken the cars for <placeName TEIform="placeName">
                                        <region type="state" reg="nyu" TEIform="region">New York</region>
                                    </placeName> on her way to her old home in Jefferson, and I am alone.</p><p TEIform="p">General Grant was before our committee yesterday and contradicted <placeName TEIform="placeName">
                                        <settlement type="city" TEIform="settlement">Butler</settlement>
                                    </placeName> squarely on several matters of fact, showing a good deal of feeling.
                                    Reports are current as to his excessive drinking of late, and he looks as if they
                                    were true.</p><p TEIform="p">Dick Thompson, an old pro-slavery fossil, has just been appointed judge of the Court
                                    of Claims. This is an outrage, but I learn from senators that nothing can be done to
                                    prevent his confirmation, for the reason that old Abe, through his patronage, is the
                                    virtual dictator of the country. I have tried to get Colfax and other Indiana
                                    congressmen to unite in a protest against the confirmation, but they decline, on the
                                    ground that they don't want any quarrel with <placeName TEIform="placeName">
                                        <settlement type="city" TEIform="settlement">Lincoln</settlement>
                                    </placeName> or Thompson. I am utterly <hi rend="i" TEIform="hi">sick</hi> of the every-day
                                    spectacles of moral cowardice, for which I see no remedy.<hi rend="sup" TEIform="hi">3</hi>
                        </p><p TEIform="p">Today, by an arrangement with Mr. Channing, our chaplain, the Rev. Mr. Garnett
                                    preached in the House, the first colored man who ever preached in the Capitol. Dr.
                                    Bock practicing law in the Supreme Court and Dr. Garnett preaching to Senators and
                                    Representatives ! The world <hi rend="i" TEIform="hi">does</hi> move.</p><p rend="right" TEIform="p">THURSDAY, February 16.</p><p TEIform="p">Today General Halleck was before the War Committee, uniting with other witnesses in
                                    damaging General Banks. Last night had a pleasant interview with <placeName TEIform="placeName">
                                        <settlement type="city" TEIform="settlement">Lincoln</settlement>
                                    </placeName> and urged the appointment of McCullough as Secretary of the Treasury. I
                                    think he will go <list type="footnotes" TEIform="list"><item TEIform="item">
                                 <hi rend="sup" TEIform="hi">3</hi> The reference is to Hon. Richard W. Thompson of <placeName TEIform="placeName">
                                                <settlement type="city" TEIform="settlement">Terre Haute</settlement>
                                            </placeName>.</item></list>
                                    <pb n="329" id="VAA4025-011-4-045" TEIform="pb"/> in. Tonight had several hands and franked and
                                    tied up 2,300 speeches ready for the mail. My mineral land bill is exciting much
                                    interest and criticism. Yesterday attended the funeral of Senator Hicks and the
                                    ceremonies in the Senate chamber were imposing.</p><p rend="right" TEIform="p">SUNDAY, February 19.</p><p TEIform="p">Enjoyed "Still Water Runs Deep" at the <placeName TEIform="placeName">
                                        <settlement type="city" TEIform="settlement">Washington</settlement>
                                    </placeName> Theatre last night. Glorious news from Sherman's army this
                                    morning, announcing that <placeName TEIform="placeName">
                                        <settlement type="city" TEIform="settlement">Columbia</settlement>
                                    </placeName> is ours and probably <placeName TEIform="placeName">
                                        <settlement type="city" TEIform="settlement">Charleston</settlement>
                                    </placeName>. Went with Indiana friends to the preaching at the Capitol today and
                                    met Father Pierrepont. Franked large quantities of documents this afternoon.</p><p TEIform="p">(The next entries tell of the illness and death of Mr. Julian's oldest son,
                                    Edward Channing, at <placeName TEIform="placeName">
                                        <settlement type="city" TEIform="settlement">Mount Vernon</settlement>
                                    </placeName>, <placeName TEIform="placeName">
                                        <country reg="iau" TEIform="country"> Iowa </country>
                                    </placeName>, where he was visiting his grandmother and other relatives, and where
                                    his father went in time to minister to him during the last few days of his life,
                                    taking his body to <placeName TEIform="placeName">
                                        <settlement type="city" TEIform="settlement">Centerville</settlement>
                                    </placeName> for burial.)</p><p rend="right" TEIform="p">TUESDAY EVENING, March 28.</p><p TEIform="p">Left home Monday, the 20th, reaching <placeName TEIform="placeName">
                                        <settlement type="city" TEIform="settlement">Washington</settlement>
                                    </placeName> Wednesday evening, and resuming my old quarters at 76 Indiana avenue.
                                    Have been attending to business at the departments and consulting with Wade and
                                    Gooch, the only members of the War Committee who are here, as to our unfinished
                                    business. We expect to leave for Carolina on Thursday. Heard a grand sermon on
                                    Sunday from Channing. Telegraphed Laura to come and join me in the trip south, but
                                    she declines.</p><p rend="right" TEIform="p">FRIDAY, March 31.</p><p TEIform="p">Our trip south postponed till a week from today. <placeName TEIform="placeName">
                                        <settlement type="city" TEIform="settlement">Lincoln</settlement>
                                    </placeName> is at City Point trying to patch up a peace and also to get Grant to
                                    revoke his order forbidding trade in cotton. A bill regulating this trade passed the
                                    late Congress, but <placeName TEIform="placeName">
                                        <settlement type="city" TEIform="settlement">Lincoln</settlement>
                                    </placeName> pocketed it, whereupon Washburne at once visited Grant and procured the
                                    order mentioned, which stands in the way of <placeName TEIform="placeName">
                                        <settlement type="city" TEIform="settlement">Lincoln</settlement>
                                    </placeName> and his friends. It is proved before our committee that <placeName TEIform="placeName">
                                        <settlement type="city" TEIform="settlement">Lincoln</settlement>
                                    </placeName>, in violation of law, has been granting permits to trade in cotton and
                                    that he has refused to respond in any way to a resolution of the Senate, passed a
                                    month before the adjournment, calling on him for specific information as to these
                                    permits, to whom granted, etc., etc. Wade says this administration is more corrupt
                                    than that of Buchanan.</p><pb n="330" id="VAA4025-011-4-046" TEIform="pb"/><p rend="right" TEIform="p">FRIDAY MORNING, April 7.</p><p TEIform="p">On last Monday morning left for <placeName TEIform="placeName">
                                        <region type="state" reg="nyu" TEIform="region">New York</region>
                                    </placeName>, and soon after heard of the fall of <placeName TEIform="placeName">
                                        <settlement type="city" TEIform="settlement">Richmond</settlement>
                                    </placeName>. Found the city in a blaze of enthusiasm, Wall street packed with
                                    people, singing, shouting, etc. <placeName TEIform="placeName">
                                        <settlement type="city" TEIform="settlement">Broadway</settlement>
                                    </placeName>, with its innumerable banners, was the finest sight I had ever beheld.
                                    People seemed wild with joy. Spent Tuesday morning shopping, and at night heard a
                                    fine sermon by James Freeman Clarke in Doctor Bellows' church. Next day
                                    attended the National Unitarian convention at <placeName TEIform="placeName">
                                        <settlement type="city" TEIform="settlement">Broadway</settlement>
                                    </placeName> Athenaeum and saw on the platform Doctor Dewey, Doctor Bellows, Doctor
                                    Palfrey, William Cullen Bryant and many other notables whose names have long been
                                    familiar to me through Unitarian publications. In the evening called on General <placeName TEIform="placeName">
                                        <settlement type="city" TEIform="settlement">Fremont</settlement>
                                    </placeName>, who had retired; but had a long talk with Jessie, and Lilly, the
                                    daughter, a charming girl. Jessie rages at all sorts of people, especially at
                                    Greeley, Beecher, and Garrison. According to her, the General was shamefully
                                    betrayed by pretended radical and anti-<placeName TEIform="placeName">
                                        <settlement type="city" TEIform="settlement">Lincoln</settlement>
                                    </placeName> men who deserted him in time of greatest need, after encouraging him to
                                    stand in the breach.<hi rend="sup" TEIform="hi">4</hi>
                        </p><p TEIform="p">Left <placeName TEIform="placeName">
                                        <region type="state" reg="nyu" TEIform="region">New York</region>
                                    </placeName> yesterday morning, and am again at my old quarters, ready for the
                                    southern trip.</p><p rend="right" TEIform="p">SUNDAY AFTERNOON, April 9.</p><p TEIform="p">We start south tomorrow, the navy not having been able sooner to fit us out with a
                                    good sea-going vessel.</p><p TEIform="p">Nothing new here but the general excitement over the good news from our armies. Much
                                    indignation is shown against Greeley and Beecher for their false magnanimity towards
                                    rebels, and justly. The Sergeant-at-arms of the Senate has presented most of the
                                    members of our committee with a fine <placeName TEIform="placeName">
                                        <settlement type="city" TEIform="settlement">Spencer</settlement>
                                    </placeName> rifle, with belt, rigging, ammunition, etc., and a Colt's navy
                                    revolver. I shall go home bristling with war and glory!</p><list type="footnotes" TEIform="list"><item TEIform="item">
                              <hi rend="sup" TEIform="hi">4</hi> This refers to the nomination of Gen. <placeName TEIform="placeName">
                                            <settlement type="city" TEIform="settlement">Fremont</settlement>
                                        </placeName> for President at the <placeName TEIform="placeName">
                                            <settlement type="city" TEIform="settlement">Cleveland</settlement>
                                        </placeName> convention in 1864, by the radical anti-slavery mal-contents who
                                        had been dissatisfied with what they considered the too conservative course of <placeName TEIform="placeName">
                                            <settlement type="city" TEIform="settlement">Lincoln</settlement>
                                        </placeName>. <placeName TEIform="placeName">
                                            <settlement type="city" TEIform="settlement">Fremont</settlement>
                                        </placeName> for President and Cochrane for Vice-President were nominated as a
                                        means of forestalling the renomination of the Persident by the Eepublicans, when
                                        it was thought by many that <placeName TEIform="placeName">
                                            <settlement type="city" TEIform="settlement">Lincoln</settlement>
                                        </placeName> could not be elected. The radical ticket was withdrawn in the fall
                                        of 1864 in order that the "Union Party" ticket (<placeName TEIform="placeName">
                                            <settlement type="city" TEIform="settlement">Lincoln</settlement>
                                        </placeName> and Johnson) might present a united front to the enemy. Stevens,
                                        Wade and Julian were among the radical leaders in Congress who had not been
                                        favorable to <placeName TEIform="placeName">
                                            <settlement type="city" TEIform="settlement">Lincoln</settlement>
                                        </placeName>'s renomination. Mrs. Fremont ("Jessie")
                                        evidently felt that some one had betrayed the general.</item></list><pb n="331" id="VAA4025-011-4-047" TEIform="pb"/><p rend="right" TEIform="p">TUESDAY NIGHT, 11th.</p><p TEIform="p">Left <placeName TEIform="placeName">
                                        <settlement type="city" TEIform="settlement">Washington</settlement>
                                    </placeName> at 2 p. m. yesterday and reached Fortress <placeName TEIform="placeName">
                                        <region type="county" TEIform="region">Monroe</region>
                                    </placeName> at 6 this morning. Here we learned that the <placeName TEIform="placeName">
                                        <country reg="alu" TEIform="country"> Alabama </country>
                                    </placeName>, which the navy had furnished us, would have to be detained some 20
                                    hours to coal, so we came directly here, passing <placeName TEIform="placeName">
                                        <settlement type="city" TEIform="settlement">Jamestown</settlement>
                                    </placeName>, Point Lookout, Harrison's Landing, and other places of
                                    interest and seeing a most lovely country. At City Point Admiral Porter came on
                                    board and told us we could go to <placeName TEIform="placeName">
                                        <settlement type="city" TEIform="settlement">Richmond</settlement>
                                    </placeName> if we were willing to risk the torpedoes. He furnished us a pilot, and
                                    though we had some fears we came safely. In the morning we are to go on shore and
                                    hope to get away by noon tomorrow, so that we may yet reach <placeName TEIform="placeName">
                                        <settlement type="city" TEIform="settlement">Charleston</settlement>
                                    </placeName> for the great Anniversary.</p><p rend="right" TEIform="p">CITY POINT, Wednesday, April 12, 9 p. m.</p><p TEIform="p">Went to sleep last night on our boat lulled by the music of the guitar and the
                                    singing of the negroes below. Slept sweetly my first night in <placeName TEIform="placeName">
                                        <settlement type="city" TEIform="settlement">Richmond</settlement>
                                    </placeName>, and at about 8 in the morning our party started out sight-seeing, some
                                    in carriages and some on horse-back. I tried the latter, as did most of us. each
                                    with an orderly to show him the way and act as servant. I must have traveled over
                                    ten miles and am, of course, sore, having scarcely had so much exercise in a year. I
                                    bantered Mrs. Barrett, one of our party, for a race, which she accepted. I came out
                                    ahead and exulted greatly. The first notable place we visited was Gen.
                                    Weitzell's headquarters, just vacated by Jeff. Davis in the upper part of
                                    the city, a fine three-story residence, which was bought for him at the beginning of
                                    the war. It has a large finely finished double parlor, a ladies' parlor and
                                    a small secluded room attached in which there is a library and where all sorts of
                                    treasons are said to have been hatched and debated. There is besides a large
                                    circular ante-room containing fine mirrors, statuary, etc.. General Weitzel looks
                                    the soldier all over. His head is a <placeName TEIform="placeName">
                                        <settlement type="city" TEIform="settlement">German</settlement>
                                    </placeName> one, not intellectual in its frontal appearance, but fully developed in
                                    the "driving powers." We next proceeded to the Capitol, an ancient
                                    building, not to be compared with our best modern state capitols in size or style of
                                    architecture. As you go through the grounds enclosing it you pass the monument on
                                    which stand large bronze statues of Jefferson, Madison and Henry, the summit of the
                                    structure being surmounted by the figure of <placeName TEIform="placeName">
                                        <settlement type="city" TEIform="settlement">Washington</settlement>
                                    </placeName> on horseback. The steps around this monument were crowded by swarms of
                                    negro <pb n="332" id="VAA4025-011-4-048" TEIform="pb"/> men and women whose faces beamed with joy
                                    and satisfaction. As we entered the Capitol we found great crowds of rebels waiting
                                    to take the oath, a business that was being attended to in the Senate chamber. We
                                    entered the House of Representatives, small and plain-looking, with dilapidated
                                    furniture and faded pictures of distinguished Virginians suspended on the walls.
                                    Ascending to the library above, we found a pretty large collection of books, but
                                    very few modern publications, especially of our own authors. There appeared to be no
                                    new books or new editions of old ones, and they were chiefly English and French, and
                                    showed the monarchial tastes of the "first families." I noticed
                                    many copies of the Bible, none of which seemed ever to have been used, and there was
                                    a liberal supply of theological works of the most approved orthodoxy. I would have
                                    lingered here, but time would not permit. We ascended to the top of the building,
                                    from which we had a magnificent view of the city and country round about. No sight
                                    could be more attractive, for <placeName TEIform="placeName">
                                        <settlement type="city" TEIform="settlement">Richmond</settlement>
                                    </placeName>, all agree, is one of the most beautiful towns in the world. Nearly all
                                    the houses are well-built and clean-looking. From the top of the Capitol we could
                                    see plainly Libby prison, Castle Thunder, and Belle Isle, places immortalized by the
                                    infamy which their names will forever recall. We next proceeded to Libby Prison, a
                                    large three-story tobacco warehouse. I passed through the two upper stories, but did
                                    not go into the more loathsome dungeons below, where our poor boys suffered so much,
                                    and which are now occupied by rebel prisoners. The filth, vermin and disease which
                                    one must encounter there kept me from going.</p><p TEIform="p">From here, headed by General Devons, we rode out to see the rebel fortifications,
                                    which consist of three lines girdling the city after the manner of <placeName TEIform="placeName">
                                        <settlement type="city" TEIform="settlement">Paris</settlement>
                                    </placeName>. We passed to the second line, a mile or more beyond the interior one,
                                    the other one being some two and one-half miles further and estimated to be thirty
                                    miles in circumference. Gradually making our way towards the city we stopped to rest
                                    awhile at the headquarters of General Roberts, a little out of the city, who
                                    occupies the fine mansion of a rich rebel named Mayo, who is connected by marriage
                                    with the family of General Scott, two of whose children lie buried near by.
                                    Everything here had an antique look, furniture, pictures, etc., and the house itself
                                    was built long before the Revolution, of brick imported from <placeName TEIform="placeName">
                                        <country reg="enk" TEIform="country">England</country>
                                    </placeName>. The grounds, garden, etc., are beautiful, <pb n="333" id="VAA4025-011-4-049" TEIform="pb"/> the view of the James being the finest possible. Near
                                    the house towards the river is the stone which marks the grave of Powhat-tan, and in
                                    the garden is the large bowlder on which it is said the head of Capt. John Smith was
                                    placed when death was to be inflicted. General Roberts occupies this house along
                                    with Mr. Mayo, who has two sons and one grandson in the rebel army, all of whom are
                                    expected home and have the right to return and enjoy it unmolested under the recent
                                    stipulations of General Grant. Being now much fatigued, I was glad to return to the
                                    wharf, give up my horse and odrerly, and rejoin our crew on the <placeName TEIform="placeName">
                                        <settlement type="city" TEIform="settlement">Baltimore</settlement>
                                    </placeName>, all as tired and as gratified as myself by the day's
                                    observations.</p><p TEIform="p">Before starting out in the morning, we saw the <placeName TEIform="placeName">
                                        <settlement type="city" TEIform="settlement">Richmond</settlement>
                                    </placeName>
                                    <hi rend="i" TEIform="hi">Whig</hi> containing an order signed by General Weitzel inviting
                                    Hunter, Mc-Mullen and other rebel leaders, including the rebel legislature, to meet
                                    in <placeName TEIform="placeName">
                                        <settlement type="city" TEIform="settlement">Richmond</settlement>
                                    </placeName> on the 25th to confer with us on the restoration of peace,
                                    transportation and safe conduct being ordered for the villains for the purpose. We
                                    were all thunder-struck, and I never before saw such force and fitness in Ben
                                    Wade's swearing. Curses loud and deep were uttered by more than one at this
                                    infamous proposition to treat with leading rebels. This fake magnanimity is to be
                                    our ruin after all, I fear. The rebel officers in <placeName TEIform="placeName">
                                        <settlement type="city" TEIform="settlement">Richmond</settlement>
                                    </placeName> are strutting round the streets in full uniform looking as impudent as
                                    may be.</p><p TEIform="p">At 4 p. m. we left <placeName TEIform="placeName">
                                        <settlement type="city" TEIform="settlement">Richmond</settlement>
                                    </placeName> having a charming ride down the James and seeing a most lovely country
                                    which we had passed in the night as we came, including Drury's Landing,
                                    Dutch Gap Canal, Malvern Hills, etc. Reaching City Point a little after sunset, we
                                    were delighted with the view of the shipping, floating to and fro, with its red and
                                    blue lights forming a semi-circle in the bend of the river and contrasting admirably
                                    with the darkness of <placeName TEIform="placeName">
                                        <settlement type="city" TEIform="settlement">Richmond</settlement>
                                    </placeName>. We lie here tonight on account of rain and fog.</p><p rend="right" TEIform="p">FRIDAY AFTERNOON, April 14, nearing <placeName TEIform="placeName">
                                        <settlement type="city" TEIform="settlement">Washington</settlement>
                                    </placeName>.</p><p TEIform="p">We did not leave City Point till late yesterday morning and the day was nearly spent
                                    when we reached Fortress <placeName TEIform="placeName">
                                        <region type="county" TEIform="region">Monroe</region>
                                    </placeName>. Here we landed and rambled over the fortifications till near sunset.
                                    The Rodman 15-inch guns and the Parrott guns were among the objects of special
                                    interest and the lovely weather lent an additional charm to the natural and
                                    artificial beauty of the place. We reached Point Lookout about one o'clock,
                                    a place scarcely less attractive than <pb n="334" id="VAA4025-011-4-050" TEIform="pb"/> Fortress <placeName TEIform="placeName">
                                        <region type="county" TEIform="region">Monroe</region>
                                    </placeName>. Here we took horses and rode through the quarters of the prisoners now
                                    numbering about 18,000, occupying tents inside of a tract of some fifty acres
                                    enclosed by a high plank fence. The prisoners are chiefly Carolinians, who look well
                                    and are better dressed than I had supposed. They are evidently the poor white trash
                                    of the South who have been drawn into the war without knowing why. The soup houses
                                    are prepared on a large scale and I was much interested in seeing how such a
                                    multitude could be fed. Encountering Mrs. Barrett on our return to the river, I had
                                    another race with her, beating her worse than before.</p><p TEIform="p">Before we reached Fortress <placeName TEIform="placeName">
                                        <region type="county" TEIform="region">Monroe</region>
                                    </placeName> it became known that our <placeName TEIform="placeName">
                                        <settlement type="city" TEIform="settlement">Charleston</settlement>
                                    </placeName> trip was a failure. Wade would not go, Chandler refused, and, in fact,
                                    never intended to go, doing all he could to prevent the trip. Gooch would not go
                                    without Wade, and so the thing was given up, much to the chagrin of our party, who
                                    had set their hearts upon seeing <placeName TEIform="placeName">
                                        <settlement type="city" TEIform="settlement">Charleston</settlement>
                                    </placeName>. We have now passed <placeName TEIform="placeName">
                                        <settlement type="city" TEIform="settlement">Mt. Vernon</settlement>

                                    </placeName>, at sunset, having a fine view and shall very soon be safe in <placeName TEIform="placeName">
                                        <settlement type="city" TEIform="settlement">Washington</settlement>
                                    </placeName>.</p><p rend="right" TEIform="p">SATURDAY EVENING, April 15.</p><p TEIform="p">Reached here at seven o'clock yesterday evening, as glad to get back as I
                                    was sorry to have missed <placeName TEIform="placeName">
                                        <settlement type="city" TEIform="settlement">Charleston</settlement>
                                    </placeName>. Went to bed about 10:30 and was soon roused from a deep sleep by
                                    someone knocking at my door. Mr. Woods entered and told me <placeName TEIform="placeName">
                                        <settlement type="city" TEIform="settlement">Lincoln</settlement>
                                    </placeName> was murdered, and Seward and son probably, and that assassins were
                                    about to take the town. I was still half asleep and in my fright grew suddenly cold,
                                    heartsick, and almost helpless. On going out on the street a little later I found
                                    the whole town in a blaze of excitement and rage. About 7:30 the church bells tolled
                                    the President's death. The weather was as gloomy as the mood of the people.
                                    All sorts of rumors were afloat about Seward and his sons, who are still living, but
                                    with doubtful chance of recovery. They are said to be dreadfully gashed and bruised.
                                    Booth is the murderer of <placeName TEIform="placeName">
                                        <settlement type="city" TEIform="settlement">Lincoln</settlement>
                                    </placeName>, but the other assassins are not yet known.</p><p TEIform="p">Johnson was inaugurated today at 11 a. m., and took the oath, and he has already been
                                    in the hands of Chase, the Blairs, Halleck, General Scott, etc. Chase has again gone
                                    crazy about the presidency, and it is said is now plotting for the State Department
                                    as a stepping stone. Vain thought! The War Committee today sent a request for an
                                    interview with the President and will probably secure it tomorrow. Have spent most
                                    of the afternoon in <pb n="335" id="VAA4025-011-4-051" TEIform="pb"/> caucus with Wade, Chandler,
                                    Covode, Judge Carter and Wilkinson, correspondent of <hi rend="i" TEIform="hi">The Tribune</hi>,
                                    who is determined to put Greeley on the war-path. In this caucus we agreed upon a
                                    new cabinet, which we are tomorrow to urge upon Johnson, among other things placing <placeName TEIform="placeName">
                                        <settlement type="city" TEIform="settlement">Butler</settlement>
                                    </placeName> in the State Department, Stebbins, of <placeName TEIform="placeName">
                                        <region type="state" reg="nyu" TEIform="region">New York</region>
                                    </placeName>, in the navy, and Covode Postmaster General. I like the radicalism of
                                    the members of this caucus, but have not in a long time heard so much profanity. It
                                    became intolerably disgusting. Their hostility towards <placeName TEIform="placeName">
                                        <settlement type="city" TEIform="settlement">Lincoln</settlement>
                                    </placeName>'s policy of conciliation and contempt for his weakness were
                                    undisguised; and the universal feeling among radical men here is that his death is a
                                    godsend. It really seems so, for among the last acts of his official life was an
                                    invitation to some of the chief rebel conspirators to meet in <placeName TEIform="placeName">
                                        <settlement type="city" TEIform="settlement">Richmond</settlement>
                                    </placeName> and confer with us on the subject of peace. The dastardly attack upon <placeName TEIform="placeName">
                                        <settlement type="city" TEIform="settlement">Lincoln</settlement>
                                    </placeName> and Seward, the great leaders in the policy of mercy, puts to flight
                                    utterly every vestige of humanitarian weakness, and makes it seem that justice shall
                                    be done and the righteous ends of the war made sure. The government could not have
                                    survived the policy upon which it had entered.<hi rend="sup" TEIform="hi">6</hi>
                        </p><p rend="right" TEIform="p">SUNDAY NIGHT, April 16.</p><p TEIform="p">This morning went with our committee by appointment to meet the new President at his
                                    headquarters in the Treasury Department. He received us with decided cordiality.
                                    Wade said: "Johnson, we have faith in you. By the Gods, there will be no
                                    trouble now in running the government." He replied, "I am very
                                    much obliged to you gentlemen, and I can only say you can judge of my policy by the
                                    past. Everybody knows what that is. I hold this: Robbery is a crime; rape is a
                                    crime; murder is a crime; <hi rend="i" TEIform="hi">treason</hi> is a crime; and <hi rend="i" TEIform="hi">crime</hi> must be punished. The law provides for it and the courts are open.
                                    Treason must be made infamous and traitors must be impoverished. We applauded his
                                    declarations and parted. From him and others I learn that General Weitzel's
                                    order before referred to was issued by direction of <list type="footnotes" TEIform="list"><item TEIform="item">
                                 <hi rend="sup" TEIform="hi">6</hi> It is apparent that Thaddeus Stevens was not alone
                                            in his policy of "vindictive vengeance" toward the South
                                            in the period following the war. There is no doubt that Julian expresses
                                            here the overwhelming sentiment of the North during the days immediately
                                            following the assassination of <placeName TEIform="placeName">
                                                <settlement type="city" TEIform="settlement">Lincoln</settlement>
                                            </placeName>. The hate and spirit of vengeance engendered on both sides by
                                            the war were indicated by many utterances from prominent men in public and
                                            private life. Time was needed for the recovery of the nobler spirit of <placeName TEIform="placeName">
                                                <settlement type="city" TEIform="settlement">Lincoln</settlement>
                                            </placeName>—"with malice toward none, with charity for
                                            all."</item></list>
                                    <pb n="336" id="VAA4025-011-4-052" TEIform="pb"/>
                                    <placeName TEIform="placeName">
                                        <settlement type="city" TEIform="settlement">Lincoln</settlement>
                                    </placeName>, who yielded to the pressure against him so far as to acquiesce in
                                    Stanton's order removing Weitzel for having acted without authority. This
                                    was outrageously unjust to Weitzel. It seems from the <hi rend="i" TEIform="hi">Intelligencer</hi> this morning that <placeName TEIform="placeName">
                                        <settlement type="city" TEIform="settlement">Lincoln</settlement>
                                    </placeName> had ordered that Thompson and Letcher should be allowed to escape out
                                    of the country as one of his last public acts. On our way from the Treasury we
                                    called on General <placeName TEIform="placeName">
                                        <settlement type="city" TEIform="settlement">Butler</settlement>
                                    </placeName> at Willard's, who had just reached the city. He is in fine
                                    spirits and is to see the President this evening. A caucus of the radical members of
                                    the War Committee is to meet the President tomorrow morning at 9 o'clock to
                                    confer about a new cabinet. <placeName TEIform="placeName">
                                        <settlement type="city" TEIform="settlement">Butler</settlement>
                                    </placeName> says the President must not administer on the estate of <placeName TEIform="placeName">
                                        <settlement type="city" TEIform="settlement">Lincoln</settlement>
                                    </placeName> but on that of the government, and select new men to do it. I am now
                                    more than rejoiced that we did not go to <placeName TEIform="placeName">
                                        <settlement type="city" TEIform="settlement">Charleston</settlement>
                                    </placeName>. The conservatives of the country are not here, and the presence and
                                    influence of the War Committee with Johnson, who is an ex-member, will powerfully
                                    aid the new administration in getting onto the right track.</p><p TEIform="p">Grant's terms with Lee were too easy, and the force surrendered was too
                                    small to be of great consequence.</p><p rend="right" TEIform="p">MONDAY EVENING, April 17.</p><p TEIform="p">Last night went to the African Baptist church on Fourth street and was much
                                    interested. This morning went as per appointment to see the President. We talked
                                    very frankly and the symptoms seemed favorable. This evening attended the meeting of
                                    Senators and Representatives to make arrangements as to the funeral of the
                                    President. I am on the committee of escort to convey the remains to <placeName TEIform="placeName">
                                        <region type="state" reg="ilu" TEIform="region">Illinois</region>
                                    </placeName>, but I cannot leave my duties here. The excitement growing out of the
                                    President's murder increases.</p><p rend="right" TEIform="p">TUESDAY EVENING, 18th.</p><p TEIform="p">Wrote a long letter home for the <hi rend="i" TEIform="hi">Republican.</hi> Great crowds are
                                    pouring in to attend the funeral tomorrow. Went to the east room of the White House
                                    this evening and saw the remains of the President. Great crowds have been struggling
                                    for admission all day, and more than 100,000 must have gazed at his remains since
                                    morning. Made a very pleasant call on Father Pierrepont this evening.</p><p rend="right" TEIform="p">WEDNESDAY NIGHT.</p><p TEIform="p">Attended the funeral in the east room. The procession has no parallel. The funeral of
                                    General Taylor, which I attended, <pb n="337" id="VAA4025-011-4-053" TEIform="pb"/> was nothing
                                    in comparison. The negroes appeared finely in the procession, and the
                                    President's hold on them is wonderful, and indeed on the whole country,
                                    including even those who regarded his death as a providential means of saving the
                                    country. He was a plain man of the people, indeed <hi rend="i" TEIform="hi">one</hi> of them, and
                                    hence their devotion to him.</p><p rend="right" TEIform="p">MONDAY, 24th.</p><p TEIform="p">On Saturday last we had General Rosecrans before our committee, and his account of
                                    the campaign of Western <placeName TEIform="placeName">
                                        <region type="state" reg="vau" TEIform="region">Virginia</region>
                                    </placeName> makes McClellan look meaner than ever. On last Friday went with
                                    Indianians to call on President Johnson. Governor Morton transgressed the
                                    proprieties by reading a carefully prepared essay on the subject of reconstruction.
                                    Johnson entered upon the same theme, indulging in bad grammar, bad pronunciation and
                                    much incoherency of thought. In common with many, I was mortified.<hi rend="sup" TEIform="hi">7</hi>
                        </p><p rend="right" TEIform="p">THURSDAY, April 27th.</p><p TEIform="p">Called on Tuesday to see the President. Went last night to see Bierstadt's
                                    grand picture of the Rocky Mountains.</p><p TEIform="p">Universal surprise and indignation prevail here as to Sherman's shameful
                                    capitulation. While I am writing the news comes of the capture and death of Booth.
                                    Saw Secretary Stanton today about the conduct of General Meredith at Paducah, where,
                                    Union men are being shot like dogs and are being compelled to sell their farms and
                                    leave the district while Meredith is being loaded with rebel gifts and attending
                                    rebel balls.</p></div></body></text>
                </p><list type="footnotes" TEIform="list"><item TEIform="item">
                  <hi rend="sup" TEIform="hi">7</hi> The political relations between Morton and Julian were not cordial.
                        Their antagonism dated from long standing differences. Julian "was radical, able,
                        eloquent, and uncompromising toward all who differed from his way of thinking. When Morton
                        withdrew from the Democratic party Julian considered him too conservative" for
                        "full fellowship with the faithful." Julian also denounced Know-nothings in
                        the bitterest invective and did not want them in the Republican party. Morton, more moderate,
                        more recently awakened to the dangers to be feared from the slave power, more practical in his
                        remedy, would unite and strengthen all opposing elements. Julian did not like the influence
                        which Morton had acquired in the new party. He had been opposed to Morton's candidacy
                        (for governor) in 1856 and though he had taken the stump for Morton against Willard he
                        afterwards spoke of the ticket as "a combination of weaknesses, instead of a union of
                        forces." He did not regret Morton's defeat in 1856, for he said: "Had
                        the slippery tactics of our leaders received the premium of a victory it would have been far
                        more disastrous in its influence hereafter than merited defeat, which may even bless us as a
                        timely reproof of our unfaithfulness." William Dudley Foulke's <hi rend="i" TEIform="hi">Life of Morton</hi>, Vol. I, pp. 61-66.</item></list></div></body></text></TEI.2>