<?xml version="1.0" encoding="UTF-8"?><!DOCTYPE TEI.2 SYSTEM "http://purl.dlib.indiana.edu/iudl/imh/resource/xml/imh_issue.dtd"><TEI.2><teiHeader type="text" status="new" TEIform="teiHeader"><fileDesc TEIform="fileDesc"><titleStmt TEIform="titleStmt"><title TEIform="title">Indiana Magazine of History</title><respStmt TEIform="respStmt"><resp TEIform="resp">Encoded by</resp><name TEIform="name">Aptara Inc.</name></respStmt></titleStmt><publicationStmt TEIform="publicationStmt"><publisher TEIform="publisher">Digital Library Program, Indiana University</publisher><pubPlace TEIform="pubPlace">Bloomington, IN</pubPlace><date TEIform="date">2007</date><availability status="unknown" TEIform="availability"><p TEIform="p">Copyright 2007 Trustees of Indiana University</p><p TEIform="p">Indiana University provides the information contained in this file for non-commercial,
        personal, or research use only. All other use, including but not limited to commercial or
        scholarly reproductions, redistribution, publication or transmission, whether by electronic
        means or otherwise, without prior written permission of the copyright holder is strictly
        prohibited.</p></availability></publicationStmt><seriesStmt TEIform="seriesStmt"><title TEIform="title">Indiana Magazine of History</title></seriesStmt><sourceDesc default="NO" TEIform="sourceDesc"><biblStruct default="NO" TEIform="biblStruct"><analytic TEIform="analytic"><title TEIform="title">The First Manumission Society</title><author TEIform="author">C. M. G.</author></analytic><monogr TEIform="monogr"><title TEIform="title">Indiana Magazine of History</title><imprint TEIform="imprint"><pubPlace TEIform="pubPlace">Indianapolis, IN</pubPlace><publisher TEIform="publisher">Published Under the Direction of The Indiana Historical
                                Society</publisher><date TEIform="date">1911</date><biblScope type="issue" TEIform="biblScope">4</biblScope><biblScope type="volume" TEIform="biblScope">7</biblScope><biblScope type="pages" TEIform="biblScope">184-187</biblScope></imprint></monogr></biblStruct></sourceDesc></fileDesc><revisionDesc TEIform="revisionDesc"><change TEIform="change"><date TEIform="date">2007-06-22</date><respStmt TEIform="respStmt"><name TEIform="name">Annette D. Richmond</name></respStmt><item TEIform="item">Changed publication place and publisher, added author</item></change></revisionDesc></teiHeader><text><body><pb n="[184]" id="VAA4025-007-4-040" TEIform="pb"/><div type="scholarlyArticle" id="VAA4025-007-4-a08" org="uniform" sample="complete" part="N" TEIform="div"><head TEIform="head">THE FIRST MANUMISSION SOCIETY.</head><p TEIform="p">UNDER date of August 18, 1908, "C. M. G." of <placeName TEIform="placeName">
                        <settlement type="city" TEIform="settlement">Richmond</settlement>
                    </placeName>, Ind., contributes the following to an <placeName TEIform="placeName">
                        <settlement type="city" TEIform="settlement">Indianapolis</settlement>
                    </placeName> paper. The statement, it will be noted, involves not only the above
                    caption, but the origination of the Republican party:</p><p TEIform="p">Sir—The late Charles Osborne, for years the minister of the
                    Friends' Church at Economy, in <placeName TEIform="placeName">
                        <region type="county" TEIform="region">Wayne county</region>
                    </placeName>, and an old-time school teacher, left a number of carefully
                    preserved documents relating to the early history of public movements in this
                    country. Mr. Osborne was the direct descendant of Charles Osborne, one of the
                    eight men who organized the first manumission society in the <placeName TEIform="placeName">
                        <country reg="-us" TEIform="country">United States</country>
                    </placeName>.</p><p TEIform="p">That first society was formed in an obscure <placeName TEIform="placeName">
                        <region type="state" reg="tnu" TEIform="region">Tennessee</region>
                    </placeName> settlement in 1815. All of the founders of the society moved to <placeName TEIform="placeName">
                        <region type="county" TEIform="region">Wayne county</region>
                    </placeName>, Indiana, some years later and very soon after their arrival took
                    up the agitation of the slavery question. They were able, fearless men, who
                    urged the acceptance of their ideas on all occasions. They called meetings and
                    invited speakers into the neighborhood to discuss the question. They secured
                    pledges from men and women to fight the evil of slavery at the ballotbox, the
                    women with their influence and the men with their votes, and there in the
                    backwoods formed the nucleus of a party whose power overwhelmed the country and
                    drove slavery from America. These pioneer agitators were the forerunners of the
                    hosts who now make up the Republican party, and that party, according to the
                    documents left by Mr. Osborne, had its start in <placeName TEIform="placeName">
                        <settlement type="city" TEIform="settlement">Perry</settlement>
                    </placeName> township, <placeName TEIform="placeName">
                        <region type="county" TEIform="region">Wayne county</region>
                    </placeName>, Indiana.</p><p TEIform="p">On the 9th and 10th of November, 1840, an anti-slavery meeting was held in the
                    Friends' Church in Economy. Charles Osborne was president and John M.
                    Williams secretary of the meeting. A committee of three, consisting of Arnold
                    Buffum, Daniel Worth and Nathan Johnson, the latter the grandfather of
                    exCongressman Henry U. Johnson, was appointed to propose business for the
                    convention. The committee reported the following resolutions:</p><pb n="185" id="VAA4025-007-4-041" TEIform="pb"/><p TEIform="p">"That we recommend to the abolitionists throughout the <placeName TEIform="placeName">
                        <country reg="-us" TEIform="country">United States</country>
                    </placeName> to call a national convention of the friends of independent
                    nominations as early as practicable, to nominate candidates for President and
                    Vice-president for the election in 1844.</p><p TEIform="p">"That we recommend to abolitionists in this State to make independent
                    nominations for executive, legislative and judicial offices, and to withhold
                    their suffrages from all candidates who do not make a public avowal of their
                    intentions to advocate a system of protection for the liberties and rights of
                    all men.</p><p TEIform="p">"That five delegates be now appointed to attend a state convention to
                    promote independent political action, to be convened at the time and place of
                    holding the next annual meeting of the State Anti-Slavery Society; and the
                    several district conventions are hereby invited to choose a like number of
                    delegates to said convention."</p><p TEIform="p">The delegates were Daniel Worth, Asa Bales, Josiah Bell, Nathan Johnson and
                    Micajah White.</p><p TEIform="p">The State convention called for in the resolutions was held at <placeName TEIform="placeName">
                        <settlement type="city" TEIform="settlement">Newport</settlement>
                    </placeName>, now <placeName TEIform="placeName">
                        <settlement type="city" TEIform="settlement">Fountain City</settlement>
                    </placeName>, in <placeName TEIform="placeName">
                        <region type="county" TEIform="region">Wayne county</region>
                    </placeName>, on February 8, 1841. It was organized by appointing Andrew
                    Spillard president and John A. hloorman secretary. The question of forming an
                    Abolition party was discussed throughout two sessions and finally resulted in a
                    call for a national convention to nominate candidates for President and
                    Vice-president, "who will not basely renounce the fundamental
                    principles of righteous government to secure slave-holding popularity."</p><p TEIform="p">Obedient to the call of this convention a State political party was formed in
                    opposition to slavery. Vnder different names and at different times the new
                    party met in conventions and went before the people for their suffrages.
                    Finally, in 1860, under the name of Republican, the party was elected to power
                    and Abraham Lincoln was placed in the presidential chair to enforce the
                    principles struggled for by the early settlers in <placeName TEIform="placeName">
                        <region type="county" TEIform="region">Wayne county</region>
                    </placeName>.</p><p TEIform="p">Touching the question of the Republican party and its beginning an editorial
                    writer on the paper that published the communication has this to say:</p><pb n="186" id="VAA4025-007-4-042" TEIform="pb"/><p TEIform="p">A correspondent in a communication printed yesterday presented some interesting
                    facts relative to the early anti-slavery and abolition movement in <placeName TEIform="placeName">
                        <region type="county" TEIform="region">Wayne county</region>
                    </placeName>. His statements were correct in the main, especially in praising
                    the high stand against slavery by the early settlers of <placeName TEIform="placeName">
                        <region type="county" TEIform="region">Wayne county</region>
                    </placeName>. But there are historical details that do not support the claim for
                    Indiana as the birthplace of the Republican party. Indiana joined the Republican
                    procession soon after the organization of the party and was the home of many men
                    who early espoused the party's principles, but it was not the
                    party's birthplace. If that event can be definitely localized the honor
                    belongs to <placeName TEIform="placeName">
                        <region type="state" reg="miu" TEIform="region">Michigan</region>
                    </placeName>. George JJr. Julian, a native and long-time citizen of <placeName TEIform="placeName">
                        <region type="county" TEIform="region">Wayne count</region>
                    </placeName>? and antislavery candidate for Vice-president in 1852, in an
                    account of "the first Republican national convention," says:</p><p TEIform="p">"The Whig party had received its death blow in the presidential campaign
                    of 1852, but it still had a lingering and fragmentary existence. In <placeName TEIform="placeName">
                        <region type="state" reg="miu" TEIform="region">Michigan</region>
                    </placeName> its members had united with the Free Soilers and bolting Democrats
                    in State convention as early as July 6, 1854, in forming a Republican party and
                    giving it that name, and this action was followed soon after by like movements
                    in <placeName TEIform="placeName">
                        <region type="state" reg="wiu" TEIform="region">Wisconsin</region>
                    </placeName> and <placeName TEIform="placeName">
                        <region type="state" reg="vtu" TEIform="region">Vermont</region>
                    </placeName>. In Indiana a combination was formed consisting of conservative
                    Whigs, Anti-Kebraska Democrats, Know Nothings and Free Soilers. It called itself
                    the People's party and for three years in succession, beginning in
                    1854, it disowned the name Republican."</p><p TEIform="p">In another place Mr. Julian says: "The honor of taking the first step in
                    the formation of the Republican party belongs to <placeName TEIform="placeName">
                        <region type="state" reg="miu" TEIform="region">Michigan</region>
                    </placeName>." That is undoubtedly true, at least as far as the West is
                    concerned. When Oliver P. hforton, originally a Democrat, left that party in
                    1851 and joined the party of which he was afterward to become the leader, it was
                    known in Indiana as the People's party. He ran for Governor in 1856 as
                    the candidate of the People's party. The name Republican was not used
                    in Indiana until at least three or four years after it had been used in some
                    other States.</p><p TEIform="p">In referring to Charles Osborne, an early abolitionist in <placeName TEIform="placeName">
                        <region type="county" TEIform="region">Wayne county</region>
                    </placeName>, our correspondent says his father was one of the <pb n="187" id="VAA4025-007-4-043" TEIform="pb"/> organizers of the first manumission society in the <placeName TEIform="placeName">
                        <country reg="-us" TEIform="country">United States</country>
                    </placeName>, "formed in an obscure <placeName TEIform="placeName">
                        <region type="state" reg="tnu" TEIform="region">Tennessee</region>
                    </placeName> settlement in 1815." Abolition societies had an earlier
                    beginning even than that. There lies before us a boGk published at <placeName TEIform="placeName">
                        <settlement type="city" TEIform="settlement">Philadelphia</settlement>
                    </placeName> in 1795, entitled:</p><p TEIform="p">"Minutes of the proceedings of the second convention of delegates from
                    the abolition societies established in different parts of the <placeName TEIform="placeName">
                        <country reg="-us" TEIform="country">United States</country>
                    </placeName>, assembled at <placeName TEIform="placeName">
                        <settlement type="city" TEIform="settlement">Philadelphia</settlement>
                    </placeName> on the 7th day of January, 1795, and continued by adjournment until
                    the 14th day of the same month, inclusive."</p><p TEIform="p">This convention was attended by delegates from <placeName TEIform="placeName">
                  <region type="state" reg="ctu" TEIform="region">Connecticut</region>, <region type="state" reg="nyu" TEIform="region">New
                        York</region>, <settlement type="city" TEIform="settlement">Pennsylvania</settlement>, <region type="state" reg="deu" TEIform="region">Delaware</region>
               </placeName> and <placeName TEIform="placeName">
                        <region type="state" reg="mdu" TEIform="region">Maryland</region>
                    </placeName>. All the antislavery men of that day are deserving of credit as men
                    of high conviction, but the record shows that the abolition society of <placeName TEIform="placeName">
                        <region type="state" reg="tnu" TEIform="region">Tennessee</region>
                    </placeName> was antedated by many others. The anti-slavery meeting at Economy, <placeName TEIform="placeName">
                        <region type="county" TEIform="region">Wayne county</region>
                    </placeName>, in December, 1840, is correctly described by our correspondent,
                    and was an interesting incident oi that period, but it had no particular bearing
                    on the organization of the Republican party as such fifteen years later.</p></div></body></text></TEI.2>