<?xml version="1.0" encoding="UTF-8"?><!DOCTYPE TEI.2 SYSTEM "http://purl.dlib.indiana.edu/iudl/imh/resource/xml/imh_issue.dtd"><TEI.2><teiHeader type="text" status="new" TEIform="teiHeader"><fileDesc TEIform="fileDesc"><titleStmt TEIform="titleStmt"><title TEIform="title">Indiana Magazine of History</title><respStmt TEIform="respStmt"><resp TEIform="resp">Encoded by</resp><name TEIform="name">Aptara Inc.</name></respStmt></titleStmt><publicationStmt TEIform="publicationStmt"><publisher TEIform="publisher">Digital Library Program, Indiana University</publisher><pubPlace TEIform="pubPlace">Bloomington, IN</pubPlace><date TEIform="date">2007</date><availability status="unknown" TEIform="availability"><p TEIform="p">Copyright 2007 Trustees of Indiana University</p><p TEIform="p">Indiana University provides the information contained in this file for non-commercial,
        personal, or research use only. All other use, including but not limited to commercial or
        scholarly reproductions, redistribution, publication or transmission, whether by electronic
        means or otherwise, without prior written permission of the copyright holder is strictly
        prohibited.</p></availability></publicationStmt><seriesStmt TEIform="seriesStmt"><title TEIform="title">Indiana Magazine of History</title></seriesStmt><sourceDesc default="NO" TEIform="sourceDesc"><biblStruct default="NO" TEIform="biblStruct"><analytic TEIform="analytic"><title TEIform="title">"Old Tippecanoe."</title><author TEIform="author">W. H. Myers</author></analytic><monogr TEIform="monogr"><title TEIform="title">Indiana Magazine of History</title><imprint TEIform="imprint"><pubPlace TEIform="pubPlace">Indianapolis, IN</pubPlace><publisher TEIform="publisher">Published Under the Direction of The Indiana Historical
                                Society</publisher><date TEIform="date">1911</date><biblScope type="issue" TEIform="biblScope">1</biblScope><biblScope type="volume" TEIform="biblScope">7</biblScope><biblScope type="pages" TEIform="biblScope">20-22</biblScope></imprint></monogr></biblStruct></sourceDesc></fileDesc><revisionDesc TEIform="revisionDesc"><change TEIform="change"><date TEIform="date">2007-06-22</date><respStmt TEIform="respStmt"><name TEIform="name">Annette D. Richmond</name></respStmt><item TEIform="item">Changed publication place and publisher</item></change></revisionDesc></teiHeader><text><body><pb n="[20]" id="VAA4025-007-1-022" TEIform="pb"/><div type="scholarlyArticle" id="VAA4025-007-1-a03" org="uniform" sample="complete" part="N" TEIform="div"><head TEIform="head">"OLD TIPPECANOE"</head><byline TEIform="byline">
               <hi rend="i" TEIform="hi">BY W. H. MYERS</hi>.</byline><p TEIform="p">ON last Decoration Day, when the whole country was paying its homage to the dead heroes, I visited
                    the tomb of General William Henry Harrison, at <placeName TEIform="placeName">
                  <settlement type="city" TEIform="settlement">North
                        Bend</settlement>, <region type="state" reg="ohu" TEIform="region">Ohio</region>
               </placeName>, and was grieved at
                    the lack of attention this great man received.</p><p TEIform="p">Here was the grave of the ninth President of the <placeName TEIform="placeName">
                        <country reg="-us" TEIform="country">United States</country>
                    </placeName> —the great warrior who whipped that cunning Indian leader, Tecumseh, at <placeName TEIform="placeName">
                        <region type="county" TEIform="region">Tippecanoe</region>
                    </placeName>, and forever broke up the Indian depredations in this territory.</p><p TEIform="p">There were no flowers, not even a flag, until the writer placed a small one in a crevice of his
                    old-fashioned brick vault.</p><p TEIform="p">It is a shame that this once beautiful spot should be so sadly neglected and forgotten.</p><p TEIform="p">The old vault is fast falling into decay. It is overgrown with rank weeds, that are not even cut.
                    Surely such is not a fitting resting place for a President of the Vnited States—a great
                    Indian fighter—a governor of the great Northwest Territory—the man who made it
                    possible for the white settlers to remain in this territory.</p><p TEIform="p">This tomb is located on a commanding knoll at <placeName TEIform="placeName">
                  <settlement type="city" TEIform="settlement">North
                        Bend</settlement>, <region type="state" reg="ohu" TEIform="region">Ohio</region>
               </placeName>,-in full view of the
                    site of his famous old "Log Cabin" residence. It is an ideal place for a
                    magnificent monument that would commemorate this great man, but here it is practically neglected and
                    uncared for, seemingly forgotten.</p><p TEIform="p">Unless you were acquainted, you would not know who rested therein. There is not a single mark on the
                    tomb so to indicate.</p><p TEIform="p">As a boy I always had a great deal of admiration for "<placeName TEIform="placeName">
                        <region type="county" TEIform="region">Old Tippecanoe</region>
                    </placeName>," and how my boyish heart would swell with pride when the steamboats on the
                        <geogName TEIform="geogName">Ohio river</geogName> would salute as they passed by. It has always been my wish and
                    desire to see his burial place surmounted by a suitable monument, but it would appear that the
                    country has entirely forgotten him.</p><p TEIform="p">Is is time that the people of the <placeName TEIform="placeName">
                        <country reg="-us" TEIform="country">United States</country>
                    </placeName> be advised of this <pb n="21" id="VAA4025-007-1-023" TEIform="pb"/> state of affairs and brought to
                    a proper realization of the debt they owe General Harrison, particularly the people of <placeName TEIform="placeName">
                        <region type="state" reg="ohu" TEIform="region">Ohio</region>
                    </placeName>, Indiana and <placeName TEIform="placeName">
                        <region type="state" reg="ilu" TEIform="region">Illinois</region>
                    </placeName>.</p><p TEIform="p">This historical spot should be preserved. Many others with not half the wealth of history have been
                    taken in hand by the government and societies, but this one remains unnoticed.</p><p TEIform="p">Close by this tomb was established the first settlement between the <geogName TEIform="geogName">Miami
                    rivers</geogName>, in the great <placeName TEIform="placeName">
                        <settlement type="city" TEIform="settlement">Symmes Purchase</settlement>
                    </placeName>. <placeName TEIform="placeName">
                        <settlement type="city" TEIform="settlement">Symmes City</settlement>
                    </placeName> was founded in 1788 by Judge John Cleves Symmes, who purchased the territory between
                    the two <geogName TEIform="geogName">Miami rivers</geogName>.</p><p TEIform="p">Just to the west is that famous old landmark, Old <geogName TEIform="geogName">Fort Hill</geogName>, with its ancient
                    fortifications, erected long before the Indian, at the mouth of the <geogName TEIform="geogName">Great
                    Miami</geogName>.</p><p TEIform="p">Just to the east, along Indian Creek, are the ruins of the first grist mill erected in this
                    territory.</p><p TEIform="p">Along the brows of the adjacent hills are the remains of the immense apple and peach orchards set out
                    by General Harrison.</p><p TEIform="p">This, the scene of many a bitter battle between the white settlers and the wily red man, seems to
                    have been forgotten entirely; all over the country we see historic spots made into parks, yet this
                    passes neglected.</p><p TEIform="p">The commanding site of this old tomb could not be better adapted for a fitting tribute to the memory
                    of "<placeName TEIform="placeName">
                        <region type="county" TEIform="region">Old Tippecanoe</region>
                    </placeName>." It is a beautiful knoll, were it put in shape, with the broad <geogName TEIform="geogName">Ohio
                        river</geogName> at the foot. Here the river makes a grand sweep to the south. Standing on this
                    knoll, you can see up this beautiful valley for five miles, and down the river for two miles. It is
                    one of the most picturesque spots I have ever had the pleasure of viewing. It is within easy
                    distance of <placeName TEIform="placeName">
                        <settlement type="city" TEIform="settlement">Cincinnati</settlement>
                    </placeName>, and can be reached by electric trolley and two railroads. It would be an ideal place
                    for a national park.</p><p TEIform="p">President Harrison rests in a common brick vault with a rusty iron door, with several members of his
                    family, one of them being John Scott Harrison, his son, the father of Benjamin Harrison, President
                    of the <placeName TEIform="placeName">
                        <country reg="-us" TEIform="country">United States</country>
                    </placeName>, but there is not a single thing to inform the public that he lies within.</p><p TEIform="p">Near by, in the "Old Congress Green," lie the remains of Judge <pb n="22" id="VAA4025-007-1-024" TEIform="pb"/> John Cleves Symmes and other members of President Harrison's
                    family.</p><p TEIform="p">To the east stood the famous "Log Cabin" of General Harrison. Some of the old
                    orchard trees are still standing, and the writer picked a green pear from one of them recently. To
                    the north, in the present limits of the village of Cleves, are the remains of the mansion of Judge
                    Symmes, facing the <geogName TEIform="geogName">Great Miami river</geogName>.</p><p TEIform="p">General Harrison stood high in the esteem of his countrymen. The Legislature of <placeName TEIform="placeName">
                        <region type="state" reg="kyu" TEIform="region">Kentucky</region>
                    </placeName>, after the battle of <placeName TEIform="placeName">
                        <region type="county" TEIform="region">Tippecanoe</region>
                    </placeName>, passed the following resolution:</p><p TEIform="p">"Resolved, That Governor Harrison had behaved like a hero, a patriot and general, and that
                    for his cool, deliberate, skillful and gallant conduct in the battle of <placeName TEIform="placeName">
                        <region type="county" TEIform="region">Tippecanoe</region>
                    </placeName>, he well deserves the thanks of the nation."</p><p TEIform="p">General Harrison was distinguished by a generosity and liberal feeling. With ample opportunity for
                    amassing immense wealth, he disdained to use his public situations for private emolument. He was too
                    rigidly honest to permit himself to engage in speculation, and his chivalry was too sensitive to
                    permit him to use the time belonging to his country for private benefit. After nearly fifty
                    years' devotion to his duties, for the good of his country, he left at his death but little
                    more to his family than the inheritance of an unsullied reputation.</p><p TEIform="p">Why then should not the people of this great and glorious nation, for whom he devoted his life,
                    remember him in a fitting manner? It has built magnificent monuments to less deserving.</p></div></body></text></TEI.2>