<?xml version="1.0" encoding="UTF-8"?><!DOCTYPE TEI.2 SYSTEM "http://purl.dlib.indiana.edu/iudl/imh/resource/xml/imh_issue.dtd"><TEI.2><teiHeader type="text" status="new" TEIform="teiHeader"><fileDesc TEIform="fileDesc"><titleStmt TEIform="titleStmt"><title TEIform="title">Indiana Magazine of History</title><respStmt TEIform="respStmt"><resp TEIform="resp">Encoded by</resp><name TEIform="name">Aptara Inc.</name></respStmt></titleStmt><publicationStmt TEIform="publicationStmt"><publisher TEIform="publisher">Digital Library Program, Indiana University</publisher><pubPlace TEIform="pubPlace">Bloomington, IN</pubPlace><date TEIform="date">2007</date><availability status="unknown" TEIform="availability"><p TEIform="p">Copyright 2007 Trustees of Indiana University</p><p TEIform="p">Indiana University provides the information contained in this file for non-commercial,
        personal, or research use only. All other use, including but not limited to commercial or
        scholarly reproductions, redistribution, publication or transmission, whether by electronic
        means or otherwise, without prior written permission of the copyright holder is strictly
        prohibited.</p></availability></publicationStmt><seriesStmt TEIform="seriesStmt"><title TEIform="title">Indiana Magazine of History</title></seriesStmt><notesStmt TEIform="notesStmt"><note type="review" place="unspecified" anchored="yes" TEIform="note">
                    <note type="titleReviewed" place="unspecified" anchored="yes" TEIform="note">The Centennial Memorial</note>
                </note></notesStmt><sourceDesc default="NO" TEIform="sourceDesc"><biblStruct default="NO" TEIform="biblStruct"><analytic TEIform="analytic"><title TEIform="title">Book Review</title></analytic><monogr TEIform="monogr"><title TEIform="title">Indiana Magazine of History</title><imprint TEIform="imprint"><pubPlace TEIform="pubPlace">Bloomington, IN</pubPlace><publisher TEIform="publisher">Indiana University Department of History in cooperation with
                                the Indiana Historical Society and the Indiana State Library</publisher><date TEIform="date">1913</date><biblScope type="issue" TEIform="biblScope">1</biblScope><biblScope type="volume" TEIform="biblScope">9</biblScope><biblScope type="pages" TEIform="biblScope">54-55</biblScope></imprint></monogr></biblStruct></sourceDesc></fileDesc><revisionDesc TEIform="revisionDesc"><change TEIform="change"><date TEIform="date">2007-06-26</date><respStmt TEIform="respStmt"><name TEIform="name">Annette D. Richmond</name></respStmt><item TEIform="item">Added additional publisher, corrected title</item></change></revisionDesc></teiHeader><text><body><pb n="[54]" id="VAA4025-009-1-058" TEIform="pb"/><div type="bookReview" id="VAA4025-009-1-a08" org="uniform" sample="complete" part="N" TEIform="div"><head TEIform="head">REVIEWS OF BOOKS.</head><head TEIform="head">A CENTENNIAL BOOK.</head><p TEIform="p">By way of educating the public to the plans for an Indiana centennial celebration
                    in 1916 the "Celebration Committee" have put out a beautiful
                    little book of about 150 pages, profusely illustrated with the finest examples
                    of the photographer's art. It is a book that every Hoosier should buy
                    and add to his shelves, not only because this will be a boost to the cause, but
                    because this brochure is one that every Hoosier ought to want. Its contents
                    present, first of all, information concerning the movement and the scope and
                    character of the proposed celebration. In addition, a score or more of articles
                    contributed by as many writers, touching upon the numerous industrial, social
                    and cultural activities of the State, suggest definitely how each of these
                    should take its place in a general exhibit. In the historical exhibit, for
                    example, Professor J. A. Woodburn presents, among other features, a scheme for a
                    street pageant wherein a series of floats and tableaux would present in
                    panoramic order the successive phases of life on our soil from the Indian in his
                    wigwam on through the pioneer period to the present status of literature, art
                    and industry.</p><p TEIform="p">The Indiana Centennial Celebration Committee, consisting of fifteen
                    representative citizens from the thirteen districts of the State, was created as
                    a result of a general meeting held in <placeName TEIform="placeName">
                        <settlement type="city" TEIform="settlement">Indianapolis</settlement>
                    </placeName> May 3, 1912. The chairman is Dr. Frank B. Wynn, 311 Newton Claypool
                    building, <placeName TEIform="placeName">
                        <settlement type="city" TEIform="settlement">Indianapolis</settlement>
                    </placeName>. The dominant idea of this committee may be gathered from its own
                    statement, as set forth in the brochure:</p><p TEIform="p">"In considering the scope and character of any proposed
                    celebration," it says, "the conventional exposition has not
                    been deemed worthy of serious thought. Such are, in their essential features,
                    great department store exhibits, entailing enormous expense in the construction
                    of temporary buildings which serve the purpose of a day and are torn down; an
                    unwarrantable extravagance. <pb n="55" id="VAA4025-009-1-059" TEIform="pb"/> It is the prime
                    purpose of this committee to inaugurate and promote a method of commemoration
                    which will not only be dignified and appropriate, but give permanency of results
                    to the entire citizenship. Our history, achievements and growth are
                    inspirational. Why not let them speak to the world through the people who have
                    wrought so well? Educational and historical exhibits, demonstrated by experts,
                    will insure the greatest good to the greatest number. They will give that
                    breadth of knowledge which is an asset of value, power and permanence."</p><p TEIform="p">A conspicuous feature aimed at by this movement is a State Historical Library and
                    Museum Building that shall be an ample and artistic supplement to our
                    over-crowded State House.</p><p TEIform="p">The Centennial Memorial book may be had for $1 by sending to Dr. Frank
                    B. Wynn, 311 Newton Claypool building, <placeName TEIform="placeName">
                        <settlement type="city" TEIform="settlement">Indianapolis</settlement>
                    </placeName>.</p></div></body></text></TEI.2>