<?xml version="1.0" encoding="UTF-8"?><!DOCTYPE TEI.2 SYSTEM "http://purl.dlib.indiana.edu/iudl/imh/resource/xml/imh_issue.dtd"><TEI.2><teiHeader type="text" status="new" TEIform="teiHeader"><fileDesc TEIform="fileDesc"><titleStmt TEIform="titleStmt"><title TEIform="title">Indiana Magazine of History</title><respStmt TEIform="respStmt"><resp TEIform="resp">Encoded by</resp><name TEIform="name">Aptara Inc.</name></respStmt></titleStmt><publicationStmt TEIform="publicationStmt"><publisher TEIform="publisher">Digital Library Program, Indiana University</publisher><pubPlace TEIform="pubPlace">Bloomington, IN</pubPlace><date TEIform="date">2007</date><availability status="unknown" TEIform="availability"><p TEIform="p">Copyright 2007 Trustees of Indiana University</p><p TEIform="p">Indiana University provides the information contained in this file for non-commercial,
        personal, or research use only. All other use, including but not limited to commercial or
        scholarly reproductions, redistribution, publication or transmission, whether by electronic
        means or otherwise, without prior written permission of the copyright holder is strictly
        prohibited.</p></availability></publicationStmt><seriesStmt TEIform="seriesStmt"><title TEIform="title">Indiana Magazine of History</title></seriesStmt><sourceDesc default="NO" TEIform="sourceDesc"><biblStruct default="NO" TEIform="biblStruct"><analytic TEIform="analytic"><title TEIform="title">Northern Indiana in 1829</title><author TEIform="author">A Traveler</author></analytic><monogr TEIform="monogr"><title TEIform="title">Indiana Magazine of History</title><imprint TEIform="imprint"><pubPlace TEIform="pubPlace">Indianapolis, IN</pubPlace><publisher TEIform="publisher">George S. Cottman</publisher><date TEIform="date">1907</date><biblScope type="issue" TEIform="biblScope">2</biblScope><biblScope type="volume" TEIform="biblScope">3</biblScope><biblScope type="pages" TEIform="biblScope">84-86</biblScope></imprint></monogr></biblStruct></sourceDesc></fileDesc><revisionDesc TEIform="revisionDesc"><change TEIform="change"><date TEIform="date">2007-06-19</date><respStmt TEIform="respStmt"><name TEIform="name">Natalie E. Whitted</name></respStmt><item TEIform="item">Changed pubPlace and publisher.</item></change></revisionDesc></teiHeader><text><body><pb n="84" id="VAA4025-003-2-034" TEIform="pb"/><div type="scholarlyArticle" id="VAA4025-003-2-a06" org="uniform" sample="complete" part="N" TEIform="div"><head TEIform="head">NORTHERN INDIANA IN 1829.</head><p rend="i" TEIform="p">From the Indiana Republican (<placeName TEIform="placeName">
                 <settlement type="city" key="tgn_2032714" reg="Madison" TEIform="settlement">Madison</settlement>
             </placeName>), January 7, 1829.</p><p TEIform="p">
                    <text TEIform="text"><body TEIform="body"><div type="letter" org="uniform" sample="complete" part="N" TEIform="div"><p TEIform="p">M<hi rend="sc" TEIform="hi">R</hi>. E<hi rend="sc" TEIform="hi">DITOR</hi>: The writer of
                                    this has spent some days of the last month examining the country
                                    on the <geogName key="tgn_2637425" reg="Saint Joseph River" TEIform="geogName">St. Joseph</geogName>
                            of <geogName key="tgn_7020856" reg="Michigan, Lake" TEIform="geogName">Lake Michigan</geogName>, the 
                            <geogName key="tgn_2746502" reg="Wabash River" TEIform="geogName">Wabash</geogName> and 
                            <geogName key="tgn_2431102" reg="Kankakee River" TEIform="geogName">Kankikee</geogName>. This country, except the 
                            <geogName key="tgn_2431102" reg="Kankakee River" TEIform="geogName">Kankikee</geogName>, is
                                    embraced in the purchase made this fall from the Pottawatamies.</p><p TEIform="p">We set out from <placeName TEIform="placeName">
                             <settlement type="city" key="tgn_7013933" reg="Fort Wayne" TEIform="settlement">Fort Wayne</settlement>
                         </placeName>, a northwesterly direction for the <geogName key="tgn_2637425" reg="Saint Joseph River" TEIform="geogName">St. Joseph</geogName>
                             of the Lake. The first twenty miles after leaving
                                    the Port, the country is mostly covered with a heavy forest of
                                    timber; but a small portion of the soil is of good quality for
                                    farming. After passing <geogName key="tgn_2183140" reg="Bluegrass Creek" TEIform="geogName">Blue-grass creek</geogName>, we passed a few miles
                                    of country, the land of an inferior quality, thinly timbered
                                    with oak and hickory, interspersed with a number of small lakes,
                                    from which flows to the southwest the head branch of the
                             <geogName key="tgn_1130883" reg="Tippecanoe" TEIform="geogName">Tippecanoe river</geogName>; we then entered the
                                    Elk-heart bottom; this bottom is about eight miles wide, soil
                                    and timber of the best quality. Elk-heart creek is a fine,
                                    boatable stream, running northwest, and the depth of the water
                                    (above the knees of our horses) affording a sufficiency at the
                                    dryest season for all kinds of machinery. After crossing this
                                    creek we entered the Elk-heart prairie, about six miles long and
                                    from two to four wide, soil of the best quality. Along the
                                    southwest margin of this beautiful prairie flows the Elk-heart
                                    creek, on the north bank of which, and in the prairie, is the
                                    site of Five Medals village, well known to our soldiers of the
                                    late war as the residence of the Pottawatamie war chief, Five
                                    Medals. This creek unites with the 
                             <geogName key="tgn_2637425" reg="Saint Joseph River" TEIform="geogName">St. Joseph</geogName> a few miles south of the line dividing Indiana and Michigan
                                    Territory, and near this point is also the entrance
                                    from the north of a large creek, which flows from
                             <geogName key="tgn_2587510" reg="Pleasant Lake" TEIform="geogName">Pleasant lake</geogName> in Michigan Territory; at the junction of these waters is a
                                    fine town site, possessing the advantages of being surrounded by
                                    a fine country of good land, and on the bank of the
                             <geogName key="tgn_2637425" reg="Saint Joseph River" TEIform="geogName">St. Joseph river</geogName>, which is a deep,
                                    boatable stream, affording plenty of water for keel-boat
                                    navigation from this point to the lake at all seasons of the
                                    year—distance 75 to 100 miles by the river. <pb n="85" id="VAA4025-003-2-035" TEIform="pb"/> Twentsy miles below the
                             mouth of Elk-heart is the southern bend of the 
                             <geogName key="tgn_2637425" reg="Saint Joseph River" TEIform="geogName">St. Joseph</geogName>. At this place the American Fur Company have an
                                    establishment to carry on trade with the Indians; it is situated
                                    on a high, dry plain, affording a very handsome and extensive
                                    site for a village; through this place, the road, as lately laid
                                    off from <geogName key="tgn_7020856" reg="Michigan, Lake" TEIform="geogName">Lake Michigan</geogName> to 
                             <placeName TEIform="placeName">
                                 <settlement type="city" key="tgn_7012924" reg="Indianapolis" TEIform="settlement">Indianapolis</settlement>
                             </placeName>, passes, affording it the advantage of a road south
                             to the <geogName key="tgn_2746502" reg="Wabash River" TEIform="geogName">Wabash</geogName>, as well as the river northwest to the lake, at all
                                    times navigable, with a good harbor for the largest lake
                                    vessels, and a safe bay at its entrance into the lake, and also
                                    a high and beautiful site for a town on the margin of the lake
                                    at the mouth of the river.</p><p TEIform="p">From the southern bend of the 
                             <geogName key="tgn_2637425" reg="Saint Joseph River" TEIform="geogName">St. Joseph river</geogName>
                             we traveled west to <geogName key="tgn_7020856" reg="Michigan, Lake" TEIform="geogName">Lake Michigan</geogName>; the country is dry and beautiful until we
                                    arrive within three or four miles of the lake, part rich
                                    barrens, and part first-rate timber land, with a large portion
                                    of prairie. We traveled part of the distance on the United States road, from 
                             <placeName TEIform="placeName">
                                 <settlement type="city" key="tgn_7013547" reg="Detroit" TEIform="settlement">Detroit</settlement>
                             </placeName> to <placeName TEIform="placeName">
                                 <settlement type="city" key="tgn_7013596" reg="Chicago" TEIform="settlement">Chicago</settlement>
                             </placeName>, this road which crosses the northern boundary of
                             Indiana, about thirty miles east of 
                             <geogName key="tgn_7020856" reg="Michigan, Lake" TEIform="geogName">Lake Michigan</geogName>, and continues parallel with and near the
                             north line of Indiana to the southern point of 
                             <geogName key="tgn_7020856" reg="Michigan, Lake" TEIform="geogName">Lake Michigan</geogName>. The tract of land through which this
                                    road passes was purchased from the Indians at the treaty of the Wabash,
                                    called the ten mile purchase, and as embraced
                                    between the north line of Indiana and the 
                             <geogName key="tgn_2431102" reg="Kankakee River" TEIform="geogName">Kankikee river</geogName> and ponds. This tract of land is perhaps
                                    surpassed by no other for beauty and fertility of soil. There
                                    may be a scarcity of timber after it is settled. It is watered
                                    with some spring rivulets, and has many beautiful lakes from
                                    one-fourth to one and one-half miles in circumference, with dry
                                    banks, sand bottoms, clear, sweet water, that abound with fish
                                    of various kinds.</p><p TEIform="p">We traveled from <geogName key="tgn_7020856" reg="Michigan, Lake" TEIform="geogName">Lake Michigan</geogName> a
                                    southeasterly course, and descended a hill of more than one
                                    hundred feet, and soon found ourselves in the neighborhood of
                                    these celebrated Kankikee ponds. The river of that name rises
                                    near the center of Indiana, from east to west, and flows west
                                    through a low valley, which is from four to eleven miles wide,
                                    and in the spring is covered with water. After the summer season
                                    sets in the quantity of water decreases, but there remains a
                                    marsh or swamp which is said to be sixty miles in length from
                                    east to west, and impossible <pb n="86" id="VAA4025-003-2-036" TEIform="pb"/>
                                    at most places for man or horse to pass; the river crosses the
                                    line dividing Indiana and 
                             <placeName TEIform="placeName">
                                 <region type="state" key="tgn_7007251" reg="Illinois" TEIform="region">Illinois</region>
                             </placeName> about thirty-five miles south of 
                             <geogName key="tgn_7020856" reg="Michigan, Lake" TEIform="geogName">Lake Michigan</geogName>,
                             and uniting with the river <hi rend="i" TEIform="hi">Aux-plaines</hi>, from the 
                             <geogName key="tgn_7020829" reg="Illinois River" TEIform="geogName">Illinois river</geogName>. The ponds above mentioned extend along<hi rend="sup" TEIform="hi"/> the north side of the river beyond the State
                                    line. Most of the land on this river within Indiana is
                                    exceedingly poor. We crossed the <geogName key="tgn_2431102" reg="Kankakee River" TEIform="geogName">Kankikee</geogName>, which from its
                                    appearance we believed sufficiently large for boats to pass down
                                    it, from a point thirty or forty miles within the State of
                                    Indiana, part of the year. The trace on which we traveled led us
                                    southeast to <geogName key="tgn_2509559" reg="Middle Fork Yellow River" TEIform="geogName">Yellow river</geogName>, a large branch
                             of the <geogName key="tgn_2431102" reg="Kankakee River" TEIform="geogName">Kankikee</geogName>, within the country now owned by the
                                    Pottawatamies, and the whole distance between these rivers we
                                    saw no land suitable for farming, it being mostly wet prairie,
                                    or if timbered, with low black oak, and the soil of the most
                                    inferior quality. After crossing <geogName key="tgn_2509559" reg="Middle Fork Yellow River" TEIform="geogName">Yellow
                                    river</geogName> and traveling about four miles, we passed a
                                    beautiful lake, from seven to ten miles in circumference, called
                                    by the Pottawatamie Indians Mix-in-kuk-kee. It is surrounded
                                    with rolling land of good quality and is formed from springs,
                                    and seems to occupy the highest summit between the
                             <geogName key="tgn_1130883" reg="Tippecanoe" TEIform="geogName">Tippecanoe</geogName> and 
                             <geogName key="tgn_2431102" reg="Kankakee River" TEIform="geogName">Kankikee</geogName>
                                  rivers. From it flows to the south a large creek,
                                    forming one of the principal branches of the former river, and
                                    distant from it about five miles. The lake will probably some
                                    day supply a feeder for a canal to connect the
                             <geogName key="tgn_2746502" reg="Wabash River" TEIform="geogName">Wabash</geogName> and <geogName key="tgn_7020829" reg="Illinois River" TEIform="geogName">Illinois
                                    rivers</geogName>. From this lake we proceeded a short distance
                                    east and found the line of the Michigan Road, on which we
                                    traveled to the <geogName key="tgn_2746502" reg="Wabash River" TEIform="geogName">Wabash</geogName>
                             at the mouth of <geogName TEIform="geogName">Eel river</geogName>.
                                    Most of that country is good and susceptible of making a fine
                                    road. Should the legislature authorize, <hi rend="i" TEIform="hi">as they
                                        most likely will</hi>, the location of the donation of the
                             Michigan Road in the prairie between the 
                             <geogName key="tgn_2637425" reg="Saint Joseph River" TEIform="geogName">St. Joseph</geogName> and 
                             <geogName key="tgn_7020856" reg="Michigan, Lake" TEIform="geogName">Lake Michigan</geogName>, and on the
                             line of the United States road from <placeName TEIform="placeName">
                                 <settlement type="city" key="tgn_7013547" reg="Detroit" TEIform="settlement">Detroit</settlement>
                             </placeName> to <placeName TEIform="placeName">
                                 <settlement type="city" key="tgn_7013596" reg="Chicago" TEIform="settlement">Chicago</settlement>
                             </placeName>, it will sell for an immense sum of money, and
                                    within two or three years will form one of the best settlements
                                    in Indiana. The country lately purchased is susceptible of
                                    forming from three to five counties, and in five years after it
                                    is sold by the <placeName TEIform="placeName">
                                        <country key="tgn_7012149" reg="United States" TEIform="country">United States</country>
                                    </placeName>
                             will have sufficient population to send an
                                    additional member to Congress.</p><byline TEIform="byline">A T<hi rend="sc" TEIform="hi">RAVELER</hi>.</byline></div></body></text>
                </p></div></body></text></TEI.2>