<?xml version="1.0" encoding="UTF-8"?><!DOCTYPE TEI.2 SYSTEM "http://purl.dlib.indiana.edu/iudl/imh/resource/xml/imh_issue.dtd"><TEI.2><teiHeader type="text" status="new" TEIform="teiHeader"><fileDesc TEIform="fileDesc"><titleStmt TEIform="titleStmt"><title TEIform="title">Indiana Magazine of History</title><respStmt TEIform="respStmt"><resp TEIform="resp">Encoded by</resp><name TEIform="name">Aptara Inc.</name></respStmt></titleStmt><publicationStmt TEIform="publicationStmt"><publisher TEIform="publisher">Digital Library Program, Indiana University</publisher><pubPlace TEIform="pubPlace">Bloomington, IN</pubPlace><date TEIform="date">2007</date><availability status="unknown" TEIform="availability"><p TEIform="p">Copyright 2007 Trustees of Indiana University</p><p TEIform="p">Indiana University provides the information contained in this file for non-commercial,
        personal, or research use only. All other use, including but not limited to commercial or
        scholarly reproductions, redistribution, publication or transmission, whether by electronic
        means or otherwise, without prior written permission of the copyright holder is strictly
        prohibited.</p></availability></publicationStmt><seriesStmt TEIform="seriesStmt"><title TEIform="title">Indiana Magazine of History</title></seriesStmt><notesStmt TEIform="notesStmt"><note type="review" place="unspecified" anchored="yes" TEIform="note">
                    <note type="titleReviewed" place="unspecified" anchored="yes" TEIform="note">Lincoln's Bodyguard</note>
                    <note type="authorReviewed" place="unspecified" anchored="yes" TEIform="note">Robert W. McBride</note>
                </note></notesStmt><sourceDesc default="NO" TEIform="sourceDesc"><biblStruct default="NO" TEIform="biblStruct"><analytic TEIform="analytic"><title TEIform="title">Book Review</title><author TEIform="author">C. B. C.</author></analytic><monogr TEIform="monogr"><title TEIform="title">Indiana Magazine of History</title><imprint TEIform="imprint"><pubPlace TEIform="pubPlace">Indianapolis, IN</pubPlace><publisher TEIform="publisher">Published Under the Direction of The Indiana Historical
                                Society</publisher><date TEIform="date">1911</date><biblScope type="issue" TEIform="biblScope">3</biblScope><biblScope type="volume" TEIform="biblScope">7</biblScope><biblScope type="pages" TEIform="biblScope">143-144</biblScope></imprint></monogr></biblStruct></sourceDesc></fileDesc><revisionDesc TEIform="revisionDesc"><change TEIform="change"><date TEIform="date">2007-06-22</date><respStmt TEIform="respStmt"><name TEIform="name">Annette D. Richmond</name></respStmt><item TEIform="item">Changed publication place and publisher</item></change></revisionDesc></teiHeader><text><body><pb n="143" id="VAA4025-007-3-055" TEIform="pb"/><div type="bookReview" id="VAA4025-007-3-a12" org="uniform" sample="complete" part="N" TEIform="div"><head TEIform="head">LINCOLN'S BODYGUARD.</head><p TEIform="p">[By Robert W. McBride. Paper covers. 39 pp. Indiana Historical Society Publications, Vol. V, No. 1. <placeName TEIform="placeName">
                        <settlement type="city" TEIform="settlement">Indianapolis</settlement>
                    </placeName>. 1911.]</p><p TEIform="p">Judge McBride served from December, 1863, to the end of the war in the "Union Light Guard,
                    otherwise known as the Seventh Independent Company of <placeName TEIform="placeName">
                        <region type="state" reg="ohu" TEIform="region">Ohio</region>
                    </placeName> Volunteer Cavalry," organized by Governor David Tod. This company served as
                    the bodyguard of President Lincoln. Its members had therefore an unusual opportunity of observing
                    the President in his public appearances and conditions in <placeName TEIform="placeName">
                        <region type="county" TEIform="region">Washington</region>
                    </placeName> during the war. Judge McBride was corporal and company clerk, so that he was the
                    logical man to prepare this memorial of the organization. His account. "with some personal
                    recollections of Abraham Lincoln," was privately printed for distribution among the members
                    of the company. It <pb n="144" id="VAA4025-007-3-056" TEIform="pb"/> now appears as one of the Indiana Historical
                    Society publications.</p><p TEIform="p">One of Judge NcBride's observations is of special interest. After showing the situation of
                    buildings and trees around the White House and the unguarded appearances of the President, he says:
                    "It can be seen how easy it n-ould have been for an assassin to have killed him while he
                    was on one of these solitary visits to the War Department, and how little actual protection was
                    given him by the guards as they were posted. The evidence on the trial of the conspirators showed
                    that they knew of his habit of visiting the War Department, and that they had at one time planned to
                    abduct him. by seizing him on a dark night, while in the shadows of the park, lifting him oyer the
                    brick wall that bordered the south side of the pathway, and hurrying him across the Treasury Park to
                    a vacant house belonging to a rebel sympathizer, where he could be kept concealed in the cellar
                    until he could be taken across the Potomac in a boat. The plan was practicable, and I have never
                    understood why it was abandoned."</p><p TEIform="p">While the pamphlet does not bear directly upon Indiana history, its value and interest are such that
                    it well deserves a place in our historical publications.</p><p TEIform="p">Members of the Indiana Historical Society may perhaps note that with Mr. Holliday's "<placeName TEIform="placeName">
                        <settlement type="city" TEIform="settlement">Indianapolis</settlement>
                    </placeName> and the Civil War," Vol. IV of the publications is closed and that Vol. V
                    begins with Judge McBride's sketch of Lincoln's Bodyguard.</p><byline rend="right" TEIform="byline">C. B. C.</byline></div></body></text></TEI.2>