<?xml version="1.0" encoding="UTF-8"?><!DOCTYPE TEI.2 SYSTEM "http://purl.dlib.indiana.edu/iudl/imh/resource/xml/imh_issue.dtd"><TEI.2><teiHeader type="text" status="new" TEIform="teiHeader"><fileDesc TEIform="fileDesc"><titleStmt TEIform="titleStmt"><title TEIform="title">Indiana Magazine of History</title><respStmt TEIform="respStmt"><resp TEIform="resp">Encoded by</resp><name TEIform="name">Aptara Inc.</name></respStmt></titleStmt><publicationStmt TEIform="publicationStmt"><publisher TEIform="publisher">Digital Library Program, Indiana University</publisher><pubPlace TEIform="pubPlace">Bloomington, IN</pubPlace><date TEIform="date">2007</date><availability status="unknown" TEIform="availability"><p TEIform="p">Copyright 2007 Trustees of Indiana University</p><p TEIform="p">Indiana University provides the information contained in this file for non-commercial,
        personal, or research use only. All other use, including but not limited to commercial or
        scholarly reproductions, redistribution, publication or transmission, whether by electronic
        means or otherwise, without prior written permission of the copyright holder is strictly
        prohibited.</p></availability></publicationStmt><seriesStmt TEIform="seriesStmt"><title TEIform="title">Indiana Magazine of History</title></seriesStmt><sourceDesc default="NO" TEIform="sourceDesc"><biblStruct default="NO" TEIform="biblStruct"><analytic TEIform="analytic"><title TEIform="title">The Central Canal</title><author TEIform="author">George S. Cottman</author></analytic><monogr TEIform="monogr"><title TEIform="title">Indiana Magazine of History</title><imprint TEIform="imprint"><pubPlace TEIform="pubPlace">Indianapolis, IN</pubPlace><publisher TEIform="publisher">George S. Cottman</publisher><date TEIform="date">1907</date><biblScope type="issue" TEIform="biblScope">3</biblScope><biblScope type="volume" TEIform="biblScope">3</biblScope><biblScope type="pages" TEIform="biblScope">115-116</biblScope></imprint></monogr></biblStruct></sourceDesc></fileDesc><revisionDesc TEIform="revisionDesc"><change TEIform="change"><date TEIform="date">2007-06-20</date><respStmt TEIform="respStmt"><name TEIform="name">Natalie E. Whitted</name></respStmt><item TEIform="item">Changed pubPlace and publisher. Added author.</item></change></revisionDesc></teiHeader><text><body><pb n="115" id="VAA4025-003-3-015" TEIform="pb"/><div type="scholarlyArticle" id="VAA4025-003-3-a03" org="uniform" sample="complete" part="N" TEIform="div"><head TEIform="head">THE CENTRAL CANAL.</head><p TEIform="p">[From an interview with Gen. T. A. Morris, engineer, in 1898.]</p><p TEIform="p">THE Central canal, of which the piece from <placeName TEIform="placeName">
                        <settlement type="city" key="tgn_7012924" reg="Indianapolis" TEIform="settlement">Indianapolis</settlement>
                    </placeName> to Broad Ripple was the only completed portion, was a part of the system adopted by the Indiana
                    Board of Internal Improvements in 1836. The Central canal was to run from <placeName TEIform="placeName">
                        <settlement type="city" key="tgn_2034008" reg="Wabash" TEIform="settlement">Wabash</settlement>
                    </placeName>, by way of <placeName TEIform="placeName">
                        <settlement type="city" key="tgn_7013300" reg="Anderson" TEIform="settlement">Anderson</settlement>
                    </placeName> and <placeName TEIform="placeName">
                        <settlement type="city" key="tgn_7012924" reg="Indianapolis" TEIform="settlement">Indianapolis</settlement>
                    </placeName>, to <placeName TEIform="placeName">
                        <settlement type="city" key="tgn_7014154" reg="Evansville" TEIform="settlement">Evansville</settlement>
                    </placeName>. Work on the canal was begun in 1837 and prosecuted up to 1838.</p><p TEIform="p">"During that time the part between Broad Ripple and <placeName TEIform="placeName">
                        <settlement type="city" key="tgn_7012924" reg="Indianapolis" TEIform="settlement">Indianapolis</settlement>
                    </placeName> was completed. A good deal of heavy work was also done on the canal between <placeName TEIform="placeName">
                        <settlement type="city" key="tgn_7012924" reg="Indianapolis" TEIform="settlement">Indianapolis</settlement>
                    </placeName> and <placeName TEIform="placeName">
                        <settlement type="city" key="tgn_2034008" reg="Wabash" TEIform="settlement">Wabashtown</settlement>
                    </placeName>, much of it about <placeName TEIform="placeName">
                        <settlement type="city" key="tgn_7013300" reg="Anderson" TEIform="settlement">Anderson</settlement>
                    </placeName>. The canal was almost completed from <placeName TEIform="placeName">
                        <settlement type="city" key="tgn_7012924" reg="Indianapolis" TEIform="settlement">Indianapolis</settlement>
                    </placeName> to the bluffs of <geogName key="tgn_1131742" reg="White" TEIform="geogName">White river</geogName>, and a small
                    amount of work was done between the bluffs and <placeName TEIform="placeName">
                        <settlement type="city" key="tgn_7014154" reg="Evansville" TEIform="settlement">Evansville</settlement>
                    </placeName>, when the Board of Internal Improvements failed, overwhelmed with debt. The board required the
                    unfinished work to be measured, and the contractors were allowed what was due them for the work already done.
                    As there was no money to make such payment, the Legislature had authorized the issue of scrip, and this was
                    paid to the contractors.</p><p TEIform="p">"Some time after that the Legislature authorized the sale of the Central canal to outside parties. Alexander
                    Morrison and myself were appointed commissioners to value the property, which was to be sold at our valuation.
                    It was sold to parties in <placeName TEIform="placeName">
                        <region type="state" key="tgn_7007568" reg="New York" TEIform="region">New York</region>
                    </placeName>. Those persons disposed of it to a company formed here. The present <placeName TEIform="placeName">
                        <settlement type="city" key="tgn_7012924" reg="Indianapolis" TEIform="settlement">Indianapolis</settlement>
                    </placeName> Water Company is a successor of that company, and now owns the canal, having bought it more than
                    twenty years ago.</p><pb n="116" id="VAA4025-003-3-016" TEIform="pb"/><p TEIform="p">"I located the line of this canal, laid it off and superintended the construction. I surveyed the line from <placeName TEIform="placeName">
                        <settlement type="city" key="tgn_2034008" reg="Wabash" TEIform="settlement">Wabashtown</settlement></placeName> to <placeName TEIform="placeName">
                        <settlement type="city" key="tgn_2032772" reg="Martsinsville" TEIform="settlement">Martinsville</settlement>
                    </placeName>. It went through a rather rough country. I camped out for six months, but came into town for
                    Christmas. Many a morning we had to shake the snow off ourselves when we got up.</p><p TEIform="p">"There were forests and thickets and a great deal of swampy ground. There was a big swamp a mile or so south of
                    Broad Ripple which contained water nearly all the year, and was a great feeding place for wild ducks. There
                    was another big swamp southeast of this, near Hiram Bacon's place on the <placeName TEIform="placeName">
                        <settlement type="city" key="tgn_2033098" reg="Noblesville" TEIform="settlement">Noblesville</settlement>
                    </placeName> road, west to the river. Remains of the former swamp still exist. I have had some good sport
                    shooting snipes and ducks there.</p><p TEIform="p">"North of <placeName TEIform="placeName">
                        <settlement type="city" key="tgn_7012924" reg="Indianapolis" TEIform="settlement">Indianapolis</settlement>
                    </placeName>, along <geogName key="tgn_1133174" reg="Fall Creek" TEIform="geogName">Fall creek</geogName>, was a swampy place
                    with a greater or less depth of water. It was at one time noted for its big pickerel. I have also shot snipes
                    there. The place is now built up, and is called Lincoln Park."</p><p TEIform="p">The General said that in <placeName TEIform="placeName"><region type="county" key="tgn_1002623" reg="Madison" TEIform="region">Madison</region></placeName> and <placeName TEIform="placeName">
                        <region type="county" key="tgn_1002416" reg="Grant" TEIform="region">Grant</region>
                    </placeName> counties the surveyor's work was especially hard because of the swampy nature of much of the
                    ground, and that the surveyor had to be an expert in jumping, as he made his way by springing from hummock to
                    hummock. There was one place in <placeName TEIform="placeName">
                        <region type="county" key="tgn_1002623" reg="Madison" TEIform="region">Madison county</region>
                    </placeName> where the engineers desired to unite two streams. They anticipated some difficulty in doing this,
                    but when they came to the spot agreed on for the dam, they found that the beavers had long before built a dam
                    at that very spot and accomplished the purpose the engineers had in view, so they simply laid their lines
                    across the dam made by the beavers.</p></div></body></text></TEI.2>