<?xml version="1.0" encoding="UTF-8"?><!DOCTYPE TEI.2 SYSTEM "http://purl.dlib.indiana.edu/iudl/imh/resource/xml/imh_issue.dtd"><TEI.2><teiHeader type="text" status="new" TEIform="teiHeader"><fileDesc TEIform="fileDesc"><titleStmt TEIform="titleStmt"><title TEIform="title">Indiana Magazine of History</title><respStmt TEIform="respStmt"><resp TEIform="resp">Encoded by</resp><name TEIform="name">Aptara Inc.</name></respStmt></titleStmt><publicationStmt TEIform="publicationStmt"><publisher TEIform="publisher">Digital Library Program, Indiana University</publisher><pubPlace TEIform="pubPlace">Bloomington, IN</pubPlace><date TEIform="date">2007</date><availability status="unknown" TEIform="availability"><p TEIform="p">Copyright 2007 Trustees of Indiana University</p><p TEIform="p">Indiana University provides the information contained in this file for non-commercial,
        personal, or research use only. All other use, including but not limited to commercial or
        scholarly reproductions, redistribution, publication or transmission, whether by electronic
        means or otherwise, without prior written permission of the copyright holder is strictly
        prohibited.</p></availability></publicationStmt><seriesStmt TEIform="seriesStmt"><title TEIform="title">Indiana Magazine of History</title></seriesStmt><sourceDesc default="NO" TEIform="sourceDesc"><biblStruct default="NO" TEIform="biblStruct"><analytic TEIform="analytic"><title TEIform="title">Reminiscences of the Burning of Columbia, South Carolina</title><author TEIform="author">Michael C. Garber, Jr.</author></analytic><monogr TEIform="monogr"><title TEIform="title">Indiana Magazine of History</title><imprint TEIform="imprint"><pubPlace TEIform="pubPlace">Bloomington, IN</pubPlace><publisher TEIform="publisher">Indiana University Department of History in cooperation with
                                the Indiana Historical Society and the Indiana State Library</publisher><date TEIform="date">1915</date><biblScope type="issue" TEIform="biblScope">4</biblScope><biblScope type="volume" TEIform="biblScope">11</biblScope><biblScope type="pages" TEIform="biblScope">285-300</biblScope></imprint></monogr></biblStruct></sourceDesc></fileDesc><revisionDesc TEIform="revisionDesc"><change TEIform="change"><date TEIform="date">2007-07-13</date><respStmt TEIform="respStmt"><name TEIform="name">Natalie E. Whitted</name></respStmt><item TEIform="item">Added State Library to publisher.</item></change></revisionDesc></teiHeader><text><body><pb n="[285]" id="VAA4025-011-4-001" TEIform="pb"/><div type="scholarlyArticle" id="VAA4025-011-4-a01" org="uniform" sample="complete" part="N" TEIform="div"><head TEIform="head">Reminiscences of the Burning of <placeName TEIform="placeName">
                        <settlement type="city" TEIform="settlement">Columbia</settlement>
                    </placeName>, <placeName TEIform="placeName">
                        <country reg="scu" TEIform="country">South Carolina </country>
                    </placeName>
            </head><byline TEIform="byline">By M<hi rend="sc" TEIform="hi">ICHAEL</hi> C. G<hi rend="sc" TEIform="hi">ARBER, JR.</hi>, <placeName TEIform="placeName">
                        <settlement type="city" TEIform="settlement">Madison</settlement>
                    </placeName>, Indiana</byline><p TEIform="p">The following letters and official reports will show something of the bitterness of the dispute over
                    the burning of <placeName TEIform="placeName">
                        <settlement type="city" TEIform="settlement">Columbia</settlement>
                    </placeName>: <quote rend="blockquote" TEIform="quote">
                        <p TEIform="p">"And without hesitation I charged General Wade Hampton with having burned his own
                            city of <placeName TEIform="placeName">
                                <settlement type="city" TEIform="settlement">Columbia</settlement>
                            </placeName>, not with a malicious intent, or as the manifestation of a silly
                            'Roman stoicism,' but from folly and want of sense, in filling it with
                            lint, cotton and tinder."—Report of M<hi rend="sc" TEIform="hi">AJOR GENERAL
                            WILLIAM</hi> T. S<hi rend="sc" TEIform="hi">HERMAN</hi>, dated Goldsborough, N. C, April 4, 1865.</p>
                        <p TEIform="p">"In my official report of this conflagration, I distinctly charged it to General
                            Wade Hampton, and confess I did so pointedly, to shake the faith of his people in him, for
                            in my opinion he was a braggart, and professed to be the special champion of <placeName TEIform="placeName">
                                <settlement type="city" TEIform="settlement">South Carolina</settlement>
                            </placeName>."—<hi rend="sc" TEIform="hi">GEN. WILLIAM</hi> T. S<hi rend="sc" TEIform="hi">HERMAN</hi>, in his <hi rend="i" TEIform="hi">Memoirs.</hi>
                  </p>
                        <p TEIform="p">
                            <text TEIform="text"><body TEIform="body"><div type="letter" org="uniform" sample="complete" part="N" TEIform="div"><p TEIform="p">"He (Sherman) shall be dealt with in the manner that all defamers
                                            deserve, and my language shall be so plain and the proofs so overwhelming
                                            that even he himself can understand, obtuse though he may be to the
                                            obligations due to or from a gentleman."—<hi rend="sc" TEIform="hi">LIEUTENANT GENERAL WADE HAMPTON</hi>, in Letter of June 24, 1873, with
                                            Appendix.</p></div></body></text>
                        </p>
                        <p TEIform="p">
                            <text TEIform="text"><body TEIform="body"><div type="letter" org="uniform" sample="complete" part="N" TEIform="div"><p TEIform="p">"I have proved that every assertion made by Sherman in his official
                                            report, so far as they have been quoted here are false, and I shall now
                                            prove, not only that his troops burned the city, but that the destruction of
                                            it was premeditated."—<hi rend="sc" TEIform="hi">LIEUTENANT GENERAL
                                                WADE HAMPTON</hi>, in Letter of June 24, 1873, with Appendix.</p></div></body></text>
                        </p>
                    </quote>
            </p><p TEIform="p">The burning of <placeName TEIform="placeName">
                        <settlement type="city" TEIform="settlement">Columbia</settlement>
                    </placeName>, <placeName TEIform="placeName">
                        <country reg="scu" TEIform="country"> South Carolina </country>
                    </placeName>, February 17, 1865, was one of the most deplorable events of the Civil War and one that
                    has left a deep and ineradicable scar. The event was so dreadful as <pb n="286" id="VAA4025-011-4-002" TEIform="pb"/> in itself to demand attention, and interest in the disaster is further
                    increased by the picturesque and choleric personalities of the two principals concerned in it.</p><p TEIform="p">Gen. William T. Sherman was the commander of the invading army, and Gen. Wade Hampton in immediate
                    command of the Confederates who resisted Sherman's entry into <placeName TEIform="placeName">
                        <settlement type="city" TEIform="settlement">Columbia</settlement>
                    </placeName>.</p><p TEIform="p">No two men better typified their causes, their people and civilizations than these. Each was a
                    gentleman of the noblest character, each a thorough soldier and distinguished citizen. Each is now
                    held in the highest esteem in his own section, but is not so well regarded in the other parts of the
                    country. Sherman and Hampton accuse each other of the destruction of <placeName TEIform="placeName">
                        <settlement type="city" TEIform="settlement">Columbia</settlement>
                    </placeName>.</p><p TEIform="p">To read the statement of either alone is to be convinced by its force and fierceness. To read both
                    impels one to pause and consider. To read all the other data obtainable, finally, is to reach a
                    conclusion, doubtless correct, and honorable to each of the exceedingly militant generals, whose
                    splendid characters, heroic careers, and lovable personalities will eventually win and hold the
                    admiration of the American people of all sections for all time to come.</p><p TEIform="p">The fact is the two men were much alike down to their cock fighting proclivities, and this explains
                    much of their vehemence in speech in relation to each other.</p><p TEIform="p">The writer believes that both Sherman and Hampton were thoroughly sincere in what they uttered; that
                    they had considerable foundation for their convictions, but that both failed to grasp the truth on
                    the other's side, and were in consequence, more or less in error.</p><p TEIform="p">The writer, when a boy of fourteen, accompanied his father, Col. Michael C. Garber, Chief
                    Quartermaster in the Field of the Army of the <placeName TEIform="placeName">
                        <region type="state" reg="msu" TEIform="region">Mississippi</region>
                    </placeName> (Sherman's army) during the March through the Carolinas. He is probably one of
                    the few now surviving who were close to General Sherman and an eye witness of the capture and
                    destruction of <placeName TEIform="placeName">
                        <settlement type="city" TEIform="settlement">Columbia</settlement>
                    </placeName>.</p><p TEIform="p">On the morning of February 17, 1865, we were in bivouac at Congaree Creek, where the fight had
                    occurred the afternoon before. It was the morning of the most eventful day of the great March
                    through the Carolinas. After breakfast we mounted our horses and rode into Camp Sorghum, which was
                    very near our camp. It was a prison for Union officers. Second growth small timber covered the
                    ground sparsely. Huts of the rudest description had been <pb n="287" id="VAA4025-011-4-003" TEIform="pb"/>
                    constructed of the forest trees by our men and daubed with mud. They were simply roofs to keep off
                    the rain. No floors, windows or doors. Like a tent fly they were open in front. The prisoners had
                    been removed the day before but a few had burrowed in the earth and been covered with dirt by their
                    comrades, and thus remained until the sound of Yankee voices served as Gabriel's horn to
                    resurrect them.</p><p TEIform="p">Seventeen hundred officers had been confined here and in <placeName TEIform="placeName">
                        <settlement type="city" TEIform="settlement">Columbia</settlement>
                    </placeName> immediately before our arrival. General Sherman's staff was scattered that
                    morning and did not ride out together with the cavalry escort. Moving alone along the State road,
                    which, with the river front opposite <placeName TEIform="placeName">
                        <settlement type="city" TEIform="settlement">Columbia</settlement>
                    </placeName>, was held by our troops, I saw the beautiful city, so full of interest to the
                    triumphant and magnificent army of 62,000 men—the army of which Gen. Joseph E. Johnston,
                    C. S. A., wrote:</p><p TEIform="p">"I made up my mind that there had been no such army since the days of Julius
                    Caesar."</p><p TEIform="p">The piers of the big bridge over the Congaree river were standing but no trace was left of the wood
                    work, which was burned the day before. Upon the level plain leading to the bridge a large number of
                    Union soldiers were standing, looking at the city, and the occasional Confederate soldiers to be
                    seen crossing the streets at right angles with the river. Amongst our soldiers I soon perceived
                    Uncle Billie on foot, walking amongst the boys. I overheard him talking familiarly to them. He asked
                    about their socks and shoes; if their feet were in good condition; if they had plenty to eat and
                    were well.</p><p TEIform="p">As was generally the case the General had an unlighted cigar in his mouth. One soldier remarked:
                    "That's the same cigar he had at <placeName TEIform="placeName">
                        <settlement type="city" TEIform="settlement">Atlanta</settlement>
                    </placeName>." Another, observing me, trailing after the General, jerked out, with a
                    significant nod: "There's too d—d much <hi rend="i" TEIform="hi">infantry</hi> in
                    this army."</p><p TEIform="p">Turning away from the laughs that greeted this sally of wit at my expense, I rode my horse to the
                    river to let him drink. He had no sooner buried his nose in the Congaree than Captain De
                    Gres's battery upon the bank above discharged a twenty-pound Parrott gun and the animal
                    leaped in the air. Fortunately I was able to hold my seat but I couldn't persuade the horse
                    to drink after that.</p><p TEIform="p">Occasional shells were directed at the trains running supplies needed by our army out of <placeName TEIform="placeName">
                        <settlement type="city" TEIform="settlement">Columbia</settlement>
                    </placeName> right under our eyes. While <pb n="288" id="VAA4025-011-4-004" TEIform="pb"/> no shots were fired
                    from <placeName TEIform="placeName">
                        <settlement type="city" TEIform="settlement">Columbia</settlement>
                    </placeName> at Sherman's army at this point, the Confederate batteries shelled our camps
                    and wagon trains on the night of the 16th—thereby making legitimate our return fire. It
                    was not indiscriminate, however, being confined to the railroad trains. No person was killed or
                    wounded by it.</p><p TEIform="p">I next rode along the river bank several miles to a cotton mill, in front of which a pontoon bridge
                    was being laid. Here I found the Generals Sherman and Howard and staffs.</p><p TEIform="p">General Sherman stood amongst his officers, and as we saw the Mayor of <placeName TEIform="placeName">
                        <settlement type="city" TEIform="settlement">Columbia</settlement>
                    </placeName> come out in a carriage and surrender the city to our skirmish line, said:</p><p TEIform="p">"It is no small thing to march into the heart of the enemy's country and take his
                    capital."</p><p TEIform="p">This was uttered without boastfulness but with deep and evident satisfaction.</p><p TEIform="p">Generals Sherman and Howard, accompanied by their respective staffs and escorts, immediately crossed
                    the two smaller rivers, the Saluda and Broad, which united form the Congaree river, and after a
                    short ride entered <placeName TEIform="placeName">
                        <settlement type="city" TEIform="settlement">Columbia</settlement>
                    </placeName>.</p><p TEIform="p">In the center of the principal business street bales of cotton had been placed by the Confederates.
                    When we passed them they were open and fire was burning deep down in their depths. One old fashioned
                    fire engine in which the water was pumped by hand power and forced through the hose, was visible,
                    which apparently had been operated by soldiers and negroes, who ceased their labor while the
                    procession passed by.</p><p TEIform="p">A high wind was blowing and the cotton was torn loose and scattered amongst the branches of trees,
                    where it hung in festoons and occasioned general comment as looking like big flakes in a snow storm.</p><p TEIform="p">The street was full of soldiers. Amongst them were many escaped Union prisoners, whose ragged clothes
                    exposed the bare skin in places, and rags and skin and the men all over were one hue—a
                    dirty dust color. I had never seen any human beings look so before, and I have never since, for that
                    matter. These men had not washed, it was evident, during their confinement. They had hidden in the
                    prison shacks or burrowed in the earth and been covered by comrades with dirt, when the exodus began
                    to escape our army. Some of our men, thus attempting to regain their liberty, perished when the
                    guards burned the prisons.</p><pb n="289" id="VAA4025-011-4-005" TEIform="pb"/><p TEIform="p">These survivors were frantic with joy over their escape and shouted plaudits to Sherman.
                    "Greater than Napoleon," I recollect one fellow kept saying, "Greater
                    than Caesar or Hannibal."</p><p TEIform="p">The negroes, too, were rapturous. Major George Ward Nichols, in his "Story of the Great
                    March," records one ejaculating: "Tank tie <hi rend="i" TEIform="hi">Almighty</hi> God, Mister
                    Sherman has come at fast. <hi rend="i" TEIform="hi">We knew it</hi>; we prayed for de day, and de Lord Jesus
                    heerd our prayers. Mr. Sherman has come wid his company."</p><p TEIform="p">One fat old mammy embarrassed me very much but afforded amusement to the staff officers by
                    exclaiming: "Bress Gawd, see the purty little Yankee."</p><p TEIform="p">I do not recollect seeing any of the white citizens of <placeName TEIform="placeName">
                        <settlement type="city" TEIform="settlement">Columbia</settlement>
                    </placeName> during Sherman's triumphal entry, although some of the colored people were so
                    white I could not tell to which race they belonged.</p><p TEIform="p">Colonel Garber, as Chief Quartermaster, had orders from the general commanding to hunt up and secure
                    valuable machinery, stores and supplies, and take charge of all captured property. He immediately
                    entered upon that duty and I being left foot-loose walked back to look at the new state house and
                    see what was going on.</p><p TEIform="p">This time I did see white citizens, for some stood at their front doors and offered liquor of various
                    kinds to passers-by. I took none, but the soldiers did, and also broke into saloons and liquor
                    houses to get it. There was wholesale looting of the stores going on. I entered but one, a hardware
                    store, thinking I could get a pocket knife, but they were all gone. This store was being robbed by
                    low whites and negroes of <placeName TEIform="placeName">
                        <settlement type="city" TEIform="settlement">Columbia</settlement>
                    </placeName>. They quarreled and as there were no soldiers in there at the time I was afraid and
                    left.</p><p TEIform="p">I saw drunken Union soldiers lying asleep in stores, overcome with liquors, and I have no doubt a
                    number of them were burned to death in the great conflagration of the night.</p><p TEIform="p">Major S. H. M. Byers, one of the Federal officers imprisoned in <placeName TEIform="placeName">
                        <settlement type="city" TEIform="settlement">Columbia</settlement>
                    </placeName>, and who concealed himself and escaped, in his army reminiscenses, records a report
                    "that an explosion occurred in one house and that twenty-four soldiers, carousing there,
                    were lost in the ruins."</p><p TEIform="p">My first recollection of the fire was of being awakened by my father and getting out of my
                    comfortable bed reluctantly. The entire city seemed to be burning and the flames appeared to reach
                    to the zenith. General Sherman and his entire staff, including my <pb n="290" id="VAA4025-011-4-006" TEIform="pb"/> father, were up and at work the rest of the night, protecting the citizens and giving them
                    assistance. Wood's division had first occupied the town and Hazen's was ordered
                    in. Troops traversed all the streets, company front, reaching from wall to wall or fence to fence,
                    and arrested every soldier not in a regular command under an officer. Many soldiers were drunk, some
                    were violent and a few criminal. Major <placeName TEIform="placeName">
                        <settlement type="city" TEIform="settlement">Dayton</settlement>
                    </placeName>, of General Sherman's Staff, and later of <placeName TEIform="placeName">
                        <settlement type="city" TEIform="settlement">Cincinnati</settlement>
                    </placeName>, shot one of our soldiers for attempting to assault a woman. Two men were killed,
                    thirty wounded and 370 arrested during the cleaning-up. Very few crimes were committed against
                    women.</p><p TEIform="p">Colonel Garber in his diary of the March says:</p><p TEIform="p">
                    <text TEIform="text"><body TEIform="body"><div type="diary" org="uniform" sample="complete" part="N" TEIform="div"><p TEIform="p">"The fire was terrible, the scenes too horrible to describe. Large
                                    quantities of whisky were found, which the men drank to an alarming extent. My
                                    estimate is that forty blocks were burned. So much for giving soldiers liquor.</p><p TEIform="p">"The large and valuable stores which I had secured were destroyed, to the
                                    great loss and detriment of the government."</p></div></body></text>
                </p><p TEIform="p">The sack of the stores and the burning of the best portion of the city of <placeName TEIform="placeName">
                        <settlement type="city" TEIform="settlement">Columbia</settlement>
                    </placeName> is not to the credit of the Federal arms. Doubtless most of those who justified it at
                    the time, when the passions of civil strife were raging, would condemn it now were they alive.</p><p TEIform="p">I have in my possession, through the courtesy of General Wade Hampton, a copy of his "Letter
                    of June 24, 1873, with Appendix," and the "Report of Committee of Citizens of <placeName TEIform="placeName">
                        <settlement type="city" TEIform="settlement">Columbia</settlement>
                    </placeName>, May, 1866," upon the subject.</p><p TEIform="p">The pamphlet is a terrible indictment of General Sherman and his army. If read alone, or by those not
                    witnesses of the occurrences, it would appear convincing—irrefutable.</p><p TEIform="p">But this pamphlet, and similar charges wherever and by whomsoever made, are not true and just.
                    General Sherman did not intend to destroy <placeName TEIform="placeName">
                        <settlement type="city" TEIform="settlement">Columbia</settlement>
                    </placeName>. Had he felt it was a military necessity he would have burned the city in broad
                    daylight, as he did <placeName TEIform="placeName">
                        <settlement type="city" TEIform="settlement">Atlanta</settlement>
                    </placeName>, and acknowledged it. The General's orders for the government of the troops
                    while occupying <placeName TEIform="placeName">
                        <settlement type="city" TEIform="settlement">Columbia</settlement>
                    </placeName>, dated February 16, 1865, were in these words; page 277, General Order No. 26: <quote rend="blockquote" TEIform="quote">
                        <p TEIform="p">"General Howard will cross the Saluda and Broad rivers as near their mouths as
                            possible, occupy <placeName TEIform="placeName">
                                <settlement type="city" TEIform="settlement">Columbia</settlement>
                            </placeName>, destroying the public buildings, railroad property, manufacturing and machine
                            shops; but will spare libraries, <pb n="291" id="VAA4025-011-4-007" TEIform="pb"/> asylums and private
                            dwellings. He will then move to Winnsboro, destroying, en route, utterly that section of the
                            railroad. He will also cause all bridges, trestles, water tanks and depots on the railroad
                            back to the Wateree to be burned, switches broken, and such other destruction as he can find
                            time to accomplish consistent with proper celerity."</p>
                    </quote>
            </p><p TEIform="p">If any Federal officer is responsible for the loot and burning of <placeName TEIform="placeName">
                        <settlement type="city" TEIform="settlement">Columbia</settlement>
                    </placeName>, then, it is Gen. O. O. Howard, who was in immediate command, and whose orders forbade
                    such destruction.</p><p TEIform="p">General Howard, above all the Federal generals, was distinguished for humanitarian impulses and
                    religious convictions. It is impossible to believe he burned <placeName TEIform="placeName">
                        <settlement type="city" TEIform="settlement">Columbia</settlement>
                    </placeName> or connived at it. How then was <placeName TEIform="placeName">
                        <settlement type="city" TEIform="settlement">Columbia</settlement>
                    </placeName> burned? As a result of several unfortunate, coincident conditions, with an attendant
                    division of responsibility. The high wind, the street full of cotton and its ignition, the absence
                    of any fire department worthy of the name, the predominance of framed houses, the failure of the
                    Confederate and also the Federal authorities to seize intoxicants, the hatred of <placeName TEIform="placeName">
                        <settlement type="city" TEIform="settlement">South Carolina</settlement>
                    </placeName> by all the Union soldiers as the author of secession, and last, but not least, the
                    thirst of the escaped Union prisoners and local convicts for revenge.</p><p TEIform="p">Could you have seen those Union prisoners and heard their stories of needless cruelty and humiliation
                    you could comprehend their frenzy, to avenge themselves and their comrades.</p><p TEIform="p">
               <placeName TEIform="placeName">
                        <settlement type="city" TEIform="settlement">Columbia</settlement>
                    </placeName> was the victim of the mistakes of the Confederates, the insufficient precautions of
                    Mayor Goodwin and Generals Hampton and Howard, the rage and passion for plunder of soldiers of both
                    armies, convicts, the lowest of the populace, and the vengeance of the Union soldiers. It was a
                    deplorable and frightful crime but General William T. Sherman is not guilty as charged.</p><p TEIform="p">Col. G. A. Stone's brigade, which first occupied the city, was composed of <placeName TEIform="placeName">
                        <region type="state" reg="iau" TEIform="region">Iowa</region>
                    </placeName> regiments.</p><p TEIform="p">The Fifteenth Corps, commanded by Gen. John A. Logan, to which this brigade belonged, were as fine
                    troops as ever lived. The Fifteenth and Seventeenth corps constituted the Army of the <placeName TEIform="placeName">
                        <region type="state" reg="tnu" TEIform="region">Tennessee</region>
                    </placeName>, of which General Grant said: <quote rend="blockquote" TEIform="quote">
                        <p TEIform="p">"As an army it never sustained a single defeat during four years of war; every
                            fortification which it assailed surrendered; every force arrayed against it was either
                            defeated, captured or destroyed. No officer was ever assigned to the command of that army
                            who had afterward to be relieved from duty or reduced to a lesser command. Such a history is
                            not by accident"</p>
                    </quote>
            </p><pb n="292" id="VAA4025-011-4-008" TEIform="pb"/><p TEIform="p">Another writer has said: <quote rend="blockquote" TEIform="quote">
                        <p TEIform="p">"It numbers among its distinguished dead, Grant, Sherman, McPherson, Logan, McCook,
                            Blair, Pope, Gresham, Hazen, and a host of others, whose names during the war were as
                            familiar as household words.</p>
                        <p TEIform="p">"Marching over six thousand miles, it hewed its way through the very heart of the
                            Confederacy, unfurled its victorious banners in the capitals of six Confederate states; and
                            finally waved them in triumph over the birthplace of secession.</p>
                        <p TEIform="p">"It was the only Northern army whose commander was killed in battle, and the only
                            one that never sustained a defeat."</p>
                    </quote>
            </p><p TEIform="p">It is inconceivable that a body of men with such a record should be deficient in morale and
                    discipline. The army as a mass was not guilty. The crimes were committed by individuals, and
                    compared to the thousands with whom they were mingled, but few in number.</p><p TEIform="p">During General Sherman's stay in <placeName TEIform="placeName">
                        <settlement type="city" TEIform="settlement">Columbia</settlement>
                    </placeName> he was constantly engaged in errands of courtesy and labors of mercy. He vacated the
                    headquarters (the Blanton Duncan House) of his staff to admit women refugees from the disaster.</p><p TEIform="p">After the fire the local mills were occupied by the Union troops and flour and corn meal ground for
                    the destitute citizens. When the army left the city these mills were spared and turned over, with
                    quantities of grain, and 500 beeves to the municipal authorities; also 100 muskets and ammunition
                    for their protection.</p><p TEIform="p">That General Sherman was opposed to plundering and burning private residences is evident from Special
                    Field Orders number 119 and 120, dated respectively November 8 and 9, 1864. Foraging is restricted
                    to parties under commissioned officers. "Soldiers must not enter the dwellings of the
                    inhabitants, or commit any trespass," etc. "To corps commanders alone is intrusted
                    the power to destroy mills, houses, cotton-gins," etc.</p><p TEIform="p">A few days out from <placeName TEIform="placeName">
                        <settlement type="city" TEIform="settlement">Atlanta</settlement>
                    </placeName> on the March to the Sea, General Sherman interpreted these orders, as he narrates in
                    his <hi rend="i" TEIform="hi">Memoirs</hi>, as follows: <quote rend="blockquote" TEIform="quote">
                        <p TEIform="p">"It was at this very plantation that a soldier passed me with a ham on his musket, a
                            jug of sorghum molasses under his arm, and a big piece of honey in his hand, from which he
                            was eating, and, catching my eye, he remarked sotto voice and carelessly to a comrade,
                            'Forage liberally on the country,' quoting from my general orders. On this
                            occasion, as on many others that fell under my personal observation, I reproved the man,
                            explained that foraging must be limited to the regular parties properly detailed, and that
                            all provisions thus obtained must be delivered to the <pb n="293" id="VAA4025-011-4-009" TEIform="pb"/>
                            regular commissaries, to be fairly distributed to the men who kept their
                        ranks."</p>
                    </quote>
            </p><p TEIform="p">General Sherman always held General Hampton and the civil <hi rend="i" TEIform="hi">authorities of</hi>
                    <placeName TEIform="placeName">
                        <settlement type="city" TEIform="settlement">Columbia</settlement>
                    </placeName> responsible for the city's destruction. He censured General Hampton for
                    ordering the cotton taken out of the warehouses and piled in the street. Why was this done if it was
                    not preparatory to burning it?</p><p TEIform="p">General Hampton, in the pamphlet mentioned, "Burning of <placeName TEIform="placeName">
                        <settlement type="city" TEIform="settlement">Columbia</settlement>
                    </placeName>," admits that the cotton was by him, under direction from General Beauregard,
                    ordered placed in vacant fields or lots to be burned, and that transportation being insufficient, it
                    was placed in the street by the Confederate post commander, Major Allen J. Green. Subsequently,
                    under direction of General Beauregard, Gen. Hampton had Capt. Rawlin Lowndes, A. A. G. issue an
                    order that no cotton be burned.</p><p TEIform="p">General Sherman attributed the burning of the city also to the failure of the civil and military
                    authorities of the Confederacy to destroy the large supplies of liquor before his army entered it.</p><p TEIform="p">General Sherman utters something by way of explanation, if not apology, for the destructiveness of
                    his army on page 254 of his <hi rend="i" TEIform="hi">Memoirs</hi>, as follows: <quote rend="blockquote" TEIform="quote">
                        <p TEIform="p">"Somehow, our men had gotten the idea that <placeName TEIform="placeName">
                                <settlement type="city" TEIform="settlement">South Carolina</settlement>
                            </placeName> was the cause of all our troubles; her people were the first to fire on Fort
                            Sumter, had been in a great hurry to precipitate our country into civil war; and therefore
                            on them should fall the scourge of the war in its worst form. Taunting messages had also
                            come to us, when in <placeName TEIform="placeName">
                                <country reg="gau" TEIform="country"> Georgia </country>
                            </placeName>, to the effect that, when we should reach <placeName TEIform="placeName">
                                <settlement type="city" TEIform="settlement">South Carolina</settlement>
                            </placeName>, we would find a people less passive, who would fight us to the bitter end,
                            daring us to come over, etc.; so that I saw and felt that we would be unable longer to
                            restrain our men as we had done in <placeName TEIform="placeName">
                                <country reg="gau" TEIform="country"> Georgia </country>
                            </placeName>.</p>
                        <p TEIform="p">"Personally I had many friends in <placeName TEIform="placeName">
                                <settlement type="city" TEIform="settlement">Charleston</settlement>
                            </placeName>, to whom I would gladly have extended protection and mercy, but they were
                            beyond my personal reach, and I would not restrain the army lest its vigor and energy should
                            be impaired; and I had every reason to expect bold and strong resistance at the many broad
                            and deep rivers that lay across our path."</p>
                    </quote>
            </p><p TEIform="p">The first <placeName TEIform="placeName">
                        <country reg="-us" TEIform="country">United States</country>
                    </placeName> troops to enter <placeName TEIform="placeName">
                        <settlement type="city" TEIform="settlement">Columbia</settlement>
                    </placeName> were Colonel Stone's brigade, first division, 15th army corps, composed of <placeName TEIform="placeName">
                        <region type="state" reg="iau" TEIform="region">Iowa</region>
                    </placeName> regiments. Colonel Stone is therefore the best witness available as to conditions in
                    the city when surrendered, and what occurred during the domination of the lawless elements.</p><pb n="294" id="VAA4025-011-4-010" TEIform="pb"/><p TEIform="p">In his report dated February 19, 1865, Colonel Stone says: <quote rend="blockquote" TEIform="quote">
                        <p TEIform="p">"We had arrived within about a mile of the city, when a carriage displaying a flag
                            of truce approached containing Mr. Goodwin, mayor of <placeName TEIform="placeName">
                                <settlement type="city" TEIform="settlement">Columbia</settlement>
                            </placeName>, and the city aldermen, who came to offer terms of capitulation. I refused
                            anything but an unconditional surrender, which, after a few words, he consented to and
                            unconditionally surrendered the city of <placeName TEIform="placeName">
                                <settlement type="city" TEIform="settlement">Columbia</settlement>
                            </placeName>. I joined the party in the carriage, accompanied by Major Anderson, of the
                            Fourth <placeName TEIform="placeName">
                                <region type="state" reg="iau" TEIform="region">Iowa</region>
                            </placeName>, and Captain Pratt, of General Logan's staff, and left the brigade
                            under the temporary charge of Lieutenant-Colonel Jenkins, Thirty-first <placeName TEIform="placeName">
                                <region type="state" reg="iau" TEIform="region">Iowa</region>
                            </placeName>, and preceded the column about half a mile. When near the suburbs of the city I
                            noticed some of the advanced skirmishers, say about fifteen in number, being driven back by
                            apparently a battalion of rebel cavalry. I at once called a corporal and three men, who
                            happened to be near me, and put the major and aldermen in the corporal's charge,
                            and with Major Anderson took about forty of my flankers and advanced on the cavalry. The
                            corporal was instructed that in case one man was killed or wounded, he should at once shoot
                            the mayor and his party. Joining the retreating skirmishers with the forty flankers we
                            speedily dispersed the rebel cavalry, having no more trouble in gaining the city. I
                            proceeded to the state house with Captain Pratt and planted the first U. S. flag on that
                            building.</p>
                        <p TEIform="p">"I was absent from the brigade about an hour in placing the flag on the state house,
                            and when I rejoined my command found a great number of the men drunk. It was discovered that
                            this was caused by hundreds of negroes who swarmed the streets on the approach of the troops
                            and gave them all kinds of liquors from buckets, bottles, demijohns, etc. The men had slept
                            none the night before, and but little the night before that, and many of them had no supper
                            the night before, and none of them breakfast that morning, hence the speedy effect of the
                            liquor. I forthwith ordered all the liquor destroyed, and saw fifteen barrels destroyed
                            within five minutes after the order had been given.</p>
                        <p TEIform="p">"Brevet Major-General Woods now sent me word to guard the private property of the
                            citizens and take possession of all the public buildings. I did so immediately upon receipt
                            of the order, distributing my five regiments throughout the city and appointing
                            Lieutenant-Colonel Jenkins, Thirty-first <placeName TEIform="placeName">
                                <region type="state" reg="iau" TEIform="region">Iowa</region>
                            </placeName>, provost-marshal. A number of buildings were fired during the early part of the
                            evening, but the fire was promptly put out before it had gained much headway. A great many
                            drunken men were now showing themselves in the streets from, I should think, every regiment
                            of our corps, the Seventeenth Corps, and some even from General Kilpatrick's
                            cavalry. My command was so scattered throughout the city that I found it necessary to have a
                            stronger guard, and therefore applied through my acting assistant adjutant-general to Brevet
                            Major-General Woods twice, once in writing, for one or two more regiments for patrolling the
                            city, but received no reinforcements. About eight o'clock the city was fired in a
                            number of places by some of our escaped prisoners and citizens (I am satisfied I can prove
                            this), and some of the fire having originated in basements stored <pb n="295" id="VAA4025-011-4-011" TEIform="pb"/> full of cotton, it was impossible to extinguish it. The fire
                            engines were ordered out, but the flames could not be stopped; the buildings were old,
                            nearly all wooden ones, and the wind blowing almost a gale. At 8 p. m. I received orders
                            that I was to be relieved by Brevet Brigadier-General Woods and I sent the brigade to camp
                            about one mile out of town, but remained in the city myself, working all night to assist in
                            extinguishing the fire."</p>
                    </quote>
            </p><p TEIform="p">The troops which relieved Colonel Stone were the First Brigade, First Division, 15th Army Corps,
                    commanded by Brevet Brigadier General William B. Woods. The Twelfth Indiana, Colonel Reuben
                    Williams, was one of the regiments. The Second Brigade of the same division was also summoned. It
                    was commanded by an Indiana man, Col. Robert F. Catterson. In this force were the 97th and 100th
                    Indiana Infantry, under the commands of Lt. Col. Aden G. Cavins and Major Ruel M. Johnson
                    respectively.</p><p TEIform="p">The Second Division of the same corps was also ordered into the city. In its Second Brigade was the
                    83rd Indiana commanded by Captain Charles W. White. In the Third Brigade was the 99th Indiana,
                    Captain Josiah Farrar. All these regiments were infantry. Indiana thus furnished five of the
                    regiments which maintained discipline and restored order.</p><p TEIform="p">The official reports made at the time by Generals William B. Woods, Charles R. Woods, William B.
                    Hazen, John A. Logan, Oliver O. Howard and William T. Sherman, all of whom were in the city, confirm
                    Colonel Stone in his observations and conclusions, and all agree in mentioning liquor as the primary
                    cause of the conflagration.</p><p TEIform="p">Brevet Major-General C. R. Woods also attributes the origin of the fire to "Villains freed
                    from the town prison."</p><p TEIform="p">Brevet Brigadier General W. B. Woods declares: "I am satisfied by the statements made to me
                    by respectable citizens of the town that the fire was first set by the negro inhabitants."</p><p TEIform="p">Major General O. O. Howard reported the fire was caused by liquor "given escaped prisoners,
                    convicts from the penitentiary just broken open, army followers and drunken soldiers."</p><p TEIform="p">Major General Logan, in his report, said, "the citizens had received our soldiers with
                    bucketfuls of liquor * * * and for awhile all control was lost over
                    the disorganized mass."</p><p TEIform="p">Major General Henry W. Slocum, in his article on "Sherman's March from Savannah to
                    Bentonville," in <hi rend="i" TEIform="hi">Battles and Leaders of the Civil War</hi>, written in 1884,
                    remarks:</p><pb n="296" id="VAA4025-011-4-012" TEIform="pb"/><quote rend="blockquote" TEIform="quote">
                    <p TEIform="p">"I do not believe General Sherman countenanced or was In any degree responsible for It.
                        I believe the immediate cause of the disaster was a free use of whisky, which was supplied to
                        the soldiers by the citizens with great liberality."</p>
                </quote><p TEIform="p">The officers of the army of the <placeName TEIform="placeName">
                        <country reg="-us" TEIform="country">United States</country>
                    </placeName>, if betrayed upon this one occasion, had no disposition to suffer a repetition of the
                    calamity, and upon the next day, February 13th, Maj.-Gen. O. O. Howard, issued Special Field Order
                    Number 42, from which the annexed paragraph is quoted: <quote rend="blockquote" TEIform="quote">
                        <p TEIform="p">"It having been brought to the attention of the commanding general that certain
                            lawless and evil-disposed soldiers of this command have threatened to destroy the remainder
                            of this city with Are, it is ordered that all commanding officers and provost-marshals use
                            the utmost vigilance by establishing sufficient guards and patrols to prevent at all cost,
                            even to the taking the life of any refractory soldier, a recurrence of the horrors of last
                            night. Maj. Gen. F. P. Blair, commanding the Seventeenth Army Corps, will assign an officer
                            to command of that part of the city northeast of Taylor street. To Brevet Brigadier-General
                            W. B. Woods is assigned the command of that portion of the city southeast of Taylor street.
                            They will appoint provost-marshals, who will be authorized to call upon the corps commander
                            for sufficient force to prevent burning, pillaging, and all other acts subversive of good
                            order and military discipline."</p>
                    </quote>
            </p><p TEIform="p">Before dismissing the question of the guilt for the burning of <placeName TEIform="placeName">
                        <settlement type="city" TEIform="settlement">Columbia</settlement>
                    </placeName> it should be recalled that enormous and devastating conflagrations occurred in
                            <placeName TEIform="placeName">
                  <settlement type="city" TEIform="settlement">Charleston</settlement>, <settlement type="city" TEIform="settlement">South
                            Carolina</settlement>
               </placeName>, and <placeName TEIform="placeName">
                  <settlement type="city" TEIform="settlement">Richmond</settlement>, <region type="state" reg="vau" TEIform="region">Virginia</region>
               </placeName>, during
                    their evacuation by Confederate troops and before a hated Yankee had entered their corporation
                    lines. If the Confederate troops or citizens thus burned two of their own principal cities why not a
                    third?</p><p TEIform="p">Moreover, it is well known the Confederate people were often robbed and burned out by their own
                    lawless troops. The identical cavalry under Hampton, which were the last Confederates to leave the
                    unfortunate city of <placeName TEIform="placeName">
                        <settlement type="city" TEIform="settlement">Columbia</settlement>
                    </placeName>, were under charges of misconduct preferred by Southern citizens.</p><p TEIform="p">The following document from <hi rend="i" TEIform="hi">Official Records</hi>, Series I, Volume XLVII, page 1203, is
                    to the point: <quote rend="blockquote" TEIform="quote">
                        <p TEIform="p">"Adjutant and Inspector General's Office, "<placeName TEIform="placeName">
                        <settlement type="city" TEIform="settlement">Richmond</settlement>, <region type="state" reg="vau" TEIform="region">Virginia</region>
                     </placeName>, February 16, 1865.</p>
                        <p TEIform="p">"Col. E. E. Portlock, Assistant Inspector-General:</p>
                        <p TEIform="p">"Colonel—Representations have been made from so many quarters prejudicial
                            to the character of Wheeler's cavalry as to make it desirable <pb n="297" id="VAA4025-011-4-013" TEIform="pb"/> that an examination should be made respecting their foundation,
                            as, if true, they are calculated (as they have been said to have done) to produce
                            disaffection amongst the people and to bring reproach upon our arms. Of course the remarks
                            and instructions are confidential, your order for the inspection being sufficient to secure
                            you the necessary facilities. "I am, colonel, respectfully, your obedient
                        servant,</p>
                    </quote>
            </p><p rend="right" TEIform="p">"E. H. CHILTON, "Assistant Adjutant and Inspector General."</p><p TEIform="p">In a pamphlet entitled <hi rend="i" TEIform="hi">The Sack and Destruction of <placeName TEIform="placeName">
                            <settlement type="city" TEIform="settlement">Columbia</settlement>
                        </placeName>
               </hi>, William Gilmore Simms, a citizen of <placeName TEIform="placeName">
                        <settlement type="city" TEIform="settlement">Columbia</settlement>
                    </placeName>, and in the city at the time of the fire, states on the night of February 15 (before
                    Sherman's army reached the city) there was riotous conduct, a number of highway robberies,
                    and stores were broken open and robbed.</p><quote rend="blockquote" TEIform="quote">
                    <p TEIform="p">"The stores of merchants and planters, trunks of treasure, wares and goods of fugitives
                        were so recklessly plundered that a fire broke out at the <placeName TEIform="placeName">
                            <settlement type="city" TEIform="settlement">South Carolina</settlement>
                        </placeName> railroad depot." (Simms.)</p>
                </quote><p TEIform="p">Major Chamblis, of the Confederate army, wrote: <quote rend="blockquote" TEIform="quote">
                        <p TEIform="p">"The straggling cavalry and rabble were stripping the warehouses and railroad
                            depots. The city was in the wildest terror."</p>
                    </quote>
            </p><p TEIform="p">The <placeName TEIform="placeName">
                        <settlement type="city" TEIform="settlement">Richmond</settlement>
                    </placeName> (Va.) <hi rend="i" TEIform="hi">Whig</hi> of March 7, 1865, printed a letter from a correspondent
                    saying: <quote rend="blockquote" TEIform="quote">
                        <p TEIform="p">
                            <text TEIform="text"><body TEIform="body"><div type="letter" org="uniform" sample="complete" part="N" TEIform="div"><p TEIform="p">"A party of Wheeler's cavalry, accompanied by their
                                            officers, dashed into town (February 16), tied their horses and as
                                            systematically as if they had been bred to the business, proceeded to break
                                            into stores along Main street and rob them of their contents."</p></div></body></text>
                        </p>
                    </quote>
            </p><p TEIform="p">All these outrages, pillagings and fires, mark you, were perpetrated by Confederate soldiers and
                    citizens before a single Yankee had entered the city.</p><p TEIform="p">Returning now to <placeName TEIform="placeName">
                        <settlement type="city" TEIform="settlement">Columbia</settlement>
                    </placeName> when the Union soldiers entered it.</p><p TEIform="p">Inasmuch as the cotton bales were placed in the streets to be burned by order of General Beauregard,
                    and considering the character of General Wheeler's cavalry as above portrayed, why is not
                    the testimony of the Union generals and officials credible, to the effect that the cotton was
                    burning when they entered the city, and doubtless set afire by the retreating Confederates? It will
                    also be recalled these troops violated the rules of civilized warfare by resisting the advance of
                    Colonel Stone, after, the surrender of the city by the Mayor.</p><p TEIform="p">Finally, James Ford Rhodes, in his <hi rend="i" TEIform="hi">History of the <placeName TEIform="placeName">
                            <country reg="-us" TEIform="country">United States</country>
                        </placeName>
               </hi>, 1850 <hi rend="i" TEIform="hi">to</hi> 1877, remarks:</p><pb n="298" id="VAA4025-011-4-014" TEIform="pb"/><quote rend="blockquote" TEIform="quote">
                    <p TEIform="p">"The members of the British and American Mixed Commission (an Englishman, an American
                        and the Italian minister at <placeName TEIform="placeName">
                            <settlement type="city" TEIform="settlement">Washington</settlement>
                        </placeName>) having to adjudicate on claims for 'property alleged to have been
                        destroyed by the burning of <placeName TEIform="placeName">
                            <settlement type="city" TEIform="settlement">Columbia</settlement>
                        </placeName>, on the allegation that that city was wantonly fired by the army of General Sherman
                        either under his orders or with his consent and permission,' disallowed all the claims,
                        'all the commissioners agreeing.' While they were not called upon to deliver a
                        formal opinion in the case, the American agent was advised 'that the commissioners were
                        unanimous in the conclusion that the conflagration which destroyed <placeName TEIform="placeName">
                            <settlement type="city" TEIform="settlement">Columbia</settlement>
                        </placeName> was not to be ascribed to either the intention or default of either the Federal or
                        Confederate officers.'"</p>
                </quote><p TEIform="p">
               <placeName TEIform="placeName">
                        <settlement type="city" TEIform="settlement">Columbia</settlement>
                    </placeName> had a population of 8,000 people, the majority of whom were negroes. But the town was
                    rich, full of refugees and their choicest possessions.</p><p TEIform="p">Eighty-four of the 124 blocks of the city, containing over 500 buildings and embracing the entire
                    business quarter, were burned. The old state house, containing the legislative library of 25,000
                    volumes, five churches, the Ursuline convent, and the railroad depots were consumed.</p><p TEIform="p">The library and collection of paintings, engravings, Southern fossils, sharks' teeth, relics
                    of aboriginal <placeName TEIform="placeName">
                        <country reg="mx" TEIform="country">Mexico</country>
                    </placeName> and the <placeName TEIform="placeName">
                        <country reg="-us" TEIform="country">United States</country>
                    </placeName>, historical documents of the Revolution, of the antiquarian and naturalist, Dr. Gibbes,
                    were also destroyed.</p><p TEIform="p">Amongst the property destroyed by order of General Sherman after the fire were: quartermaster stores,
                    printing and engraving departments, 25 powder mills, machine shops, and armory of the Confederate
                    government. Nineteen locomotives—box cars, 1,000 bales of cotton, and all railroad
                    buildings. Smoke stacks of factories were thrown over.</p><p TEIform="p">I learn from Hon. L. A. Griffith, Mayor of <placeName TEIform="placeName">
                        <settlement type="city" TEIform="settlement">Columbia</settlement>
                    </placeName>, that he is unable to find that any estimate was ever made of the aggregate losses. I
                    should think five million dollars a fair estimate of the losses, public and private.</p><p TEIform="p">It is highly gratifying to me, a witness of <placeName TEIform="placeName">
                        <settlement type="city" TEIform="settlement">Columbia</settlement>
                    </placeName>'s destruction, to know that a modern, growing and prosperous city has risen
                    from the ashes of the burned town.</p><p TEIform="p">The <placeName TEIform="placeName">
                        <settlement type="city" TEIform="settlement">Columbia</settlement>
                    </placeName> of 1915 is unsurpassed in location, advantages of every description, and
                    progressiveness by any municipality in the country. Its population is seven times greater than in
                    1865. I am sure every surviving member of Sherman's army wishes it and its people every
                    blessing and happiness.</p><pb n="299" id="VAA4025-011-4-015" TEIform="pb"/><p rend="center" TEIform="p">A<hi rend="sc" TEIform="hi">DDENDA</hi>
            </p><p TEIform="p">From the General Sherman wrongfully described as a ruthless destroyer let us turn to an unconscious
                    revelation of his heart of sympathy and kindness, shown in orders he need not have written, and in
                    care of men of heroic mould who knew him affectionately as Uncle Billie.</p><quote rend="blockquote" TEIform="quote">
                    <p TEIform="p">
                        <text TEIform="text"><body TEIform="body"><div type="letter" org="uniform" sample="complete" part="N" TEIform="div"><p TEIform="p">"Headquarters Military Division of the <placeName TEIform="placeName">
                                            <region type="state" reg="msu" TEIform="region">Mississippi</region>
                                        </placeName>, "In the Field, on the Raleigh Road, March 15, 1865, 12 M.
                                        (Received at 7 P. M.)</p><p TEIform="p">"Captain Keyser, V. S. Steamer Eolus, Fayetteville:</p><p TEIform="p">"Captain—I have no doubt, also, that a good many of our sick
                                        and footsore men will hang about the landing; they must not be allowed to
                                        suffer, though their officers should not have provided for them. If you find any
                                        such clinging about the landing, have them camp near your boat on this bank, and
                                        send word to General Dodge, chief quartermaster, to send a boat for them. If
                                        Colonel Garber, my chief quartermaster, is there. show him this letter, and he
                                        will attend to the details referred to in the last part of this letter, but if
                                        Colonel Garber is not there, I have no other alternative but to ask your kind
                                        assistance.</p><p rend="right" TEIform="p">"Yours truly, "W. T. SHERMAN,
                                        Major-General."</p></div></body></text>
                    </p>
                </quote><p TEIform="p">Wade Hampton was the idol of the slave holding aristocracy of the South. His grandfather was a
                    soldier of the Revolution under Sumter and <placeName TEIform="placeName">
                        <region type="county" TEIform="region">Marion</region>
                    </placeName> and rose to the rank of major-general in the war of 1&amp;12. He became immensely
                    wealthy in land speculations and owned 3,000 slaves. The estate thus inherited by Wade Hampton of
                    the Civil War period and his social status rendered him one of the acknowledged leaders of the
                    Southern people. He was a brave soldier and was wounded three times in battle. He was a politician
                    and led the white people of <placeName TEIform="placeName">
                        <settlement type="city" TEIform="settlement">South Carolina</settlement>
                    </placeName> in overthrowing the State government instituted in the process of reconstruction. Later
                    he was a <placeName TEIform="placeName">
                        <country reg="-us" TEIform="country">United States</country>
                    </placeName> Senator from <placeName TEIform="placeName">
                        <settlement type="city" TEIform="settlement">South Carolina</settlement>
                    </placeName>. Senator Hampton was an orator also and always greatly admired <hi rend="i" TEIform="hi">and beloved
                        in the South.</hi>
            </p><p TEIform="p">Colonel Michael C. Garber, Chief Quartermaster in the Field of the Military District of the <placeName TEIform="placeName">
                        <region type="state" reg="msu" TEIform="region">Mississippi</region>
                    </placeName>, as will be noted, was in charge of all property seized for the <placeName TEIform="placeName">
                        <country reg="-us" TEIform="country">United States</country>
                    </placeName> government in <placeName TEIform="placeName">
                        <settlement type="city" TEIform="settlement">Columbia</settlement>
                    </placeName>. Colonel Garber went into the <placeName TEIform="placeName">
                        <country reg="-us" TEIform="country">United States</country>
                    </placeName> army from Indiana but was a native of <placeName TEIform="placeName">
                        <region type="state" reg="vau" TEIform="region">Virginia</region>
                    </placeName>. He participated in the campaigns of Mill Spring, <placeName TEIform="placeName">
                        <settlement type="city" TEIform="settlement">Cumberland</settlement>
                    </placeName> Gap, Vicksburg, <placeName TEIform="placeName">
                        <region type="state" reg="txu" TEIform="region">Texas</region>
                    </placeName>, Red River, <placeName TEIform="placeName">
                        <settlement type="city" TEIform="settlement">Atlanta</settlement>
                    </placeName> and Sherman's March. He was continued in the <pb n="300" id="VAA4025-011-4-016" TEIform="pb"/> service after the war as Chief Quartermaster of the Department of <placeName TEIform="placeName">
                        <region type="state" reg="ncu" TEIform="region">North Carolina</region>
                    </placeName>, and was tendered the position of Assistant Quartermaster in the Regular Army but
                    preferred civil life.</p><quote rend="blockquote" TEIform="quote">
                    <p TEIform="p">"This responsible labor is under the charge of Colonel Garber, a gentleman of large
                        heart and fertile brain, who has acted as chief quartermaster for the army during this
                            campaign."—<hi rend="sc" TEIform="hi">MAJOR GEOBGE WARD NICHOLS</hi>, in <hi rend="i" TEIform="hi">The Story of the Great March.</hi>
               </p>
                    <p TEIform="p">"I at once appointed General Reuben Williams, Twelfth Indiana Infantry, provost-marshal
                        of the post (<placeName TEIform="placeName">
                            <settlement type="city" TEIform="settlement">Columbia</settlement>
                        </placeName>) and by means of his efficiency and energy, and that of the officers and men under
                        my command, was enabled to preserve comparative quiet and good order in the city while occupied
                        by our army."—<hi rend="sc" TEIform="hi">BREVET BRIGADIER-GENERAL WILLIAM</hi> B. W<hi rend="sc" TEIform="hi">OODS</hi>, in official report dated Near Goldsborough, N. C, March 26, 1865.</p>
                </quote><p TEIform="p">General Williams was an Indiana newspaper man, founder and editor of the <hi rend="i" TEIform="hi">Northern
                        Indianian</hi>, published at <placeName TEIform="placeName">
                        <settlement type="city" TEIform="settlement">Warsaw</settlement>
                    </placeName>. He was trusted by Sherman and Howard and was sent on a raid with mounted infantry to
                    release, if possible, 20,000 Union prisoners held at Florence, near <placeName TEIform="placeName">
                        <settlement type="city" TEIform="settlement">Columbia</settlement>
                    </placeName>.</p></div></body></text></TEI.2>