<?xml version="1.0" encoding="UTF-8"?><!DOCTYPE TEI.2 SYSTEM "http://purl.dlib.indiana.edu/iudl/imh/resource/xml/imh_issue.dtd"><TEI.2><teiHeader type="text" status="new" TEIform="teiHeader"><fileDesc TEIform="fileDesc"><titleStmt TEIform="titleStmt"><title TEIform="title">Indiana Magazine of History</title><respStmt TEIform="respStmt"><resp TEIform="resp">Encoded by</resp><name TEIform="name">Aptara Inc.</name></respStmt></titleStmt><publicationStmt TEIform="publicationStmt"><publisher TEIform="publisher">Digital Library Program, Indiana University</publisher><pubPlace TEIform="pubPlace">Bloomington, IN</pubPlace><date TEIform="date">2007</date><availability status="unknown" TEIform="availability"><p TEIform="p">Copyright 2007 Trustees of Indiana University</p><p TEIform="p">Indiana University provides the information contained in this file for non-commercial,
        personal, or research use only. All other use, including but not limited to commercial or
        scholarly reproductions, redistribution, publication or transmission, whether by electronic
        means or otherwise, without prior written permission of the copyright holder is strictly
        prohibited.</p></availability></publicationStmt><seriesStmt TEIform="seriesStmt"><title TEIform="title">Indiana Magazine of History</title></seriesStmt><sourceDesc default="NO" TEIform="sourceDesc"><biblStruct default="NO" TEIform="biblStruct"><analytic TEIform="analytic"><title TEIform="title">Political Letters of the Post-Bellum Days</title><author TEIform="author">Duane Mowry</author><author TEIform="author">Thomas A. Hendricks</author><author TEIform="author">Winf'd S. Hancock</author><author TEIform="author">James R. Doolittle</author><author TEIform="author">John Bigelow</author></analytic><monogr TEIform="monogr"><title TEIform="title">Indiana Magazine of History</title><imprint TEIform="imprint"><pubPlace TEIform="pubPlace">Indianapolis, IN</pubPlace><publisher TEIform="publisher">Published Under the Direction of The Indiana Historical
                                Society</publisher><date TEIform="date">1909</date><biblScope type="issue" TEIform="biblScope">4</biblScope><biblScope type="volume" TEIform="biblScope">5</biblScope><biblScope type="pages" TEIform="biblScope">171-180</biblScope></imprint></monogr></biblStruct></sourceDesc></fileDesc><revisionDesc TEIform="revisionDesc"><change TEIform="change"><date TEIform="date">2007-06-21</date><respStmt TEIform="respStmt"><name TEIform="name">Annette D. Richmond</name></respStmt><item TEIform="item">Changed publication place and publisher, added authors</item></change></revisionDesc></teiHeader><text><body><pb n="171" id="VAA4025-005-4-035" TEIform="pb"/><div type="scholarlyArticle" id="VAA4025-005-4-a03" org="uniform" sample="complete" part="N" TEIform="div"><head TEIform="head">POLITICAL LETTERS OF THE POST-BELLUM DAYS.</head><head TEIform="head">F<hi rend="sc" TEIform="hi">ROM</hi> THE D<hi rend="sc" TEIform="hi">OOUTTIE</hi> C<hi rend="sc" TEIform="hi">ORRESPONDENCE WITH</hi> T<hi rend="sc" TEIform="hi">HOMAS</hi> A. H<hi rend="sc" TEIform="hi">ENDRICKS</hi>.</head><byline TEIform="byline">
               <hi rend="i" TEIform="hi">CONTRIBUTED BY MR. DUANE MOWRY, MILWAUKEE</hi>.</byline><p TEIform="p">IN the letters which follow will be found a touch of the political feeling which
                    existed shortly after the war between the States. The authors of the letters and
                    Mr. Doolittle, to whom they were addressed, played an important part in the
                    political drama of the time. They were all prominent public characters, and
                    their patriotism was always beyond 'question.</p><p TEIform="p">The originals of the letters are in the possession of the contributor, and they
                    have never appeared in print. The student of Indiana history will, it is
                    believed, be glad to know of these letters and to peruse them.</p><p TEIform="p">
                    <text TEIform="text"><body TEIform="body"><div type="letter" org="uniform" sample="complete" part="N" TEIform="div"><dateline rend="right" TEIform="dateline">
                           <address TEIform="address"><addrLine TEIform="addrLine">
                                 <placeName TEIform="placeName">
                                    <settlement type="city" TEIform="settlement">Indianapolis</settlement>
                                 </placeName>
                              </addrLine></address>,
                                        <date TEIform="date">Aug. 31, 1871</date>.</dateline><salute TEIform="salute">Hon. James R. Doolittle</salute><salute TEIform="salute">My Dear Sir:</salute><p TEIform="p">Your kind note of the 29th is rec'd. I was gratified at
                                    your flattering nomination, &amp; that you promptly
                                    accepted. Our paper publishes your speech this morning,
                                    &amp; I will have the pleasure of reading it this-evening.</p><p TEIform="p">How far we will be able, from this State, to help in your
                                    canvass, I can not now say. <placeName TEIform="placeName">
                                        <region type="state" reg="ohu" TEIform="region">Ohio</region>
                                    </placeName> has made demands upon us, which must be respected,
                                    too. I will advise you. Indiana owes you all the help she can
                                    give.</p><p TEIform="p">I fear you will feel an adverse wind from the charges made by the
                                        <hi rend="i" TEIform="hi">
                              <placeName TEIform="placeName">
                                            <region type="state" reg="nyu" TEIform="region">New York</region>
                                        </placeName> Times</hi> against the City &amp; County
                                    officers, but I feel sure you will achieve much in this contest.
                                    You will have the heart of the Indiana democracy with you.</p><closer TEIform="closer">
                                    <salute rend="right" TEIform="salute">With warmest wishes,</salute>
                                    <salute rend="right" TEIform="salute">Truly yours,</salute>
                                    <signed rend="right" TEIform="signed">T. A. H<hi rend="sc" TEIform="hi">ENDRICKS</hi>.</signed>
                                </closer></div></body></text>
                </p><pb n="172" id="VAA4025-005-4-036" TEIform="pb"/><p TEIform="p">[N<hi rend="sc" TEIform="hi">OTE</hi>.–This letter refers to the nomination of
                    Judge Doolittle by the Democratic party of <placeName TEIform="placeName">
                        <region type="state" reg="wiu" TEIform="region">Wisconsin</region>
                    </placeName> as its candidate for governor. And the speech mentioned was Mr.
                    Doolittle's acceptance of the nomination. The reputation of ex-Senator
                    Doolittle as a campaign orator was well known throughout the country, and was
                    essentially national in its scope and character. It was recognition of this fact
                    that induced Mr. Hendricks to say that the democracy of Indiana owed Mr.
                    Doolittle all the help it could give him. Reciprocal political assistance was
                    due him.]</p><p TEIform="p">
                    <text TEIform="text"><body TEIform="body"><div type="letter" org="uniform" sample="complete" part="N" TEIform="div"><head TEIform="head">
                                    <hi rend="i" TEIform="hi">Private.</hi>
                                </head><dateline rend="right" TEIform="dateline">
                           <address TEIform="address"><addrLine TEIform="addrLine">
                                 <placeName TEIform="placeName">
                                    <settlement type="city" TEIform="settlement">Indianapolis</settlement>
                                 </placeName>
                              </addrLine></address>,<date TEIform="date">January
                                        27, 1877.</date>
                        </dateline><salute TEIform="salute">Hon. James R. Doolittle</salute><salute TEIform="salute">My Dear Sir:</salute><p TEIform="p">Your favor of the 25th is rec'd. I take it for granted
                                    that Judge Davis will not resign before the 4th March. I think
                                    he will favor Drummond as his successor–but do not
                                    know. He is a good judge but an ultra opponent of the Democrats.
                                    Mr. Senator McDonald will have a good deal of influence in the
                                    opposition. You had better write to him at once. Should Gov.
                                    Tilden &amp; myself be declared elected I cannot yet say
                                    what will be my position towards the administration touching
                                    appointments. It has heretofore been held that the V. President
                                    can have nothing to say. I do not see any reason for that, and I
                                    am sure no such rule ought to apply to myself, nominated as I
                                    was. I will be very glad to see you appointed. I will drop a
                                    note to Senator McDonald, that he may not commit himself. In ten
                                    or twelve days we will know who is to control the appointment.
                                    Should Judge Swayne be the 5th man of the Court, I will feel
                                    that the result is very doubtful. He is an intensely bitter
                                    partisan.</p><closer TEIform="closer">
                                    <salute rend="right" TEIform="salute">Truly yrs,</salute>
                                    <signed rend="right" TEIform="signed">T. A. H<hi rend="sc" TEIform="hi">ENDRICKS</hi>.</signed>
                                </closer></div></body></text>
                </p><p TEIform="p">[N<hi rend="sc" TEIform="hi">OTE</hi>.–This letter deals with questions growing out
                    of the campaign when it was claimed that Samuel J. Tilden and Thomas A.
                    Hendricks were elected President and Vice-President, respectively, of the <placeName TEIform="placeName">
                        <country reg="-us" TEIform="country">United States</country>
                    </placeName>. Judge David Davis had recently been elected <placeName TEIform="placeName">
                        <country reg="-us" TEIform="country">United States</country>
                    </placeName> Senator from <placeName TEIform="placeName">
                        <region type="state" reg="ilu" TEIform="region">Illinois</region>
                    </placeName>. This would cause a vacancy on the <placeName TEIform="placeName">
                        <country reg="-us" TEIform="country">United States</country>
                    </placeName> circuit court bench. <pb n="173" id="VAA4025-005-4-037" TEIform="pb"/>
                    Evidently, Mr. Doolittle was seeking to have this appointment go to him. And he
                    was interesting Mr. Hendricks in his behalf, in case the Democratic candidates
                    for President and Vice-President were given the certificates of election.
                    Subsequent events, however, established the success of the Republican
                    candidates, Hayes and Wheeler, and with it went the hopes and ambitions of Judge
                    Doolittle. This letter has some interest as giving some estimate of officers in
                    the public eye at the time of its writing. It shows, too, a warm place in Mr.
                    Hendricks's bosom for his political friend and associate, ex-Senator
                    Doolittle, of <placeName TEIform="placeName">
                        <region type="state" reg="wiu" TEIform="region">Wisconsin</region>
                    </placeName>.]</p><p TEIform="p">
                    <text TEIform="text"><body TEIform="body"><div type="letter" org="uniform" sample="complete" part="N" TEIform="div"><dateline rend="right" TEIform="dateline">
                           <address TEIform="address"><addrLine TEIform="addrLine">Governor's Island, N. Y.</addrLine></address>,
                                        <date TEIform="date">September 14, 1880</date>.</dateline><salute TEIform="salute">Hon. James R. Doolittle</salute><salute TEIform="salute">
                           <placeName TEIform="placeName">
                                        <settlement type="city" TEIform="settlement">Chicago</settlement>
                                    </placeName>, Ill.,</salute><salute TEIform="salute">My Dear Sir:</salute><p TEIform="p">This morning brings in the good news from <placeName TEIform="placeName">
                                        <region type="state" reg="meu" TEIform="region">Maine</region>
                                    </placeName> where you have rendered such valuable service.</p><p TEIform="p">I have requested that your <placeName TEIform="placeName">
                                        <settlement type="city" TEIform="settlement">Indianapolis</settlement>
                                    </placeName> speech be distributed throughout the country: I
                                    believe it treats nearly all the leading questions; but if on
                                    revision you find that you did not cover all the vital issues, I
                                    take the liberty of suggesting that you seize an opportunity to
                                    do so, in order that the record of this campaign may be valuable
                                    in history. I am aware of the extent and thoroughness of your
                                    labors: I intend in the foregoing remark not to depreciate them,
                                    but to indicate the obligations you are under by your ability
                                    and your relation to parties, to treat the great governmental
                                    questions at issue, for the benefit of our countrymen now and
                                    hereafter.</p><closer TEIform="closer">
                                    <salute rend="right" TEIform="salute">I am,</salute>
                                    <salute rend="right" TEIform="salute">Very truly yours,</salute>
                                    <signed rend="right" TEIform="signed">W<hi rend="sc" TEIform="hi">INF'D</hi> S. H<hi rend="sc" TEIform="hi">ANCOCK</hi>.</signed>
                                </closer></div></body></text>
                </p><p TEIform="p">[N<hi rend="sc" TEIform="hi">OTE</hi>.–General Hancock's reference to a
                    speech which Judge Doolittle delivered in <placeName TEIform="placeName">
                        <settlement type="city" TEIform="settlement">Indianapolis</settlement>
                    </placeName> during the presidential campaign makes this letter a bit of
                    interesting political history. It also emphasizes the great influence and power
                    of Mr. Doolittle as an effective campaigner. The speech, of course, was
                    delivered some time during the fall of 1880, and prior to the date of the letter
                    of General Hancock.]</p><pb n="174" id="VAA4025-005-4-038" TEIform="pb"/><p TEIform="p">The subjoined letter from Judge Doolittle to Mr. Hendricks is valuable from
                    several points of view. It deals with interesting data connected with President
                    Johnson's administration, with which, of course, Judge Doolittle was
                    very familiar. What he says about that administration may be regarded as
                    authoritative, because his confidential relations with it are matters of
                    history. He was a confidential adviser of Mr. Johnson, and he had been
                    previously of Mr. Lincoln. Mr. Doolittle's discussion of the political
                    outlook with his political friend is interesting, if not altogether convincing.
                    He was right in predicting the nomination of Mr. Cleveland for President. But it
                    seems that Mr. Hendricks was to be his running mate. However, those of us who
                    knew Judge Doolittle, believe his letter was entirely honest and sincere. He
                    thought here was the opportunity to win a State and a national victory at the
                    same time.</p><p TEIform="p">It is difficult to find many letters prepared by Judge Doolittle in his private
                    correspondence. It was not his practice to keep copies of his letters, but this
                    seems to be an exception to the rule. A diligent search has been made to find,
                    if possible, Mr. Hendricks's reply, but it has not been discovered. It
                    would be interesting to know what was his answer to Mr. Doolittle's
                    suggestion to stand for governor.</p><p TEIform="p">The readers of your quarterly are to be congratulated to have the opportunity to
                    read this interesting letter. It has never been offered for publication before.</p><p rend="right" TEIform="p">D<hi rend="sc" TEIform="hi">UANE</hi> M<hi rend="sc" TEIform="hi">OWRY</hi>.</p><p TEIform="p">
                    <text TEIform="text"><body TEIform="body"><div type="letter" org="uniform" sample="complete" part="N" TEIform="div"><dateline TEIform="dateline">
                           <address TEIform="address"><addrLine TEIform="addrLine">Milwaukee, Wis.</addrLine></address>,
                                        <date TEIform="date">October 18, 1909</date>.</dateline><dateline rend="right" TEIform="dateline">
                           <address TEIform="address"><addrLine TEIform="addrLine">Racine, Wis.</addrLine></address>,
                                        <date TEIform="date">June 19, 1884</date>.</dateline><salute TEIform="salute">Hon. Thos. A. Hendricks.</salute><salute TEIform="salute">My Dear Sir–</salute><p TEIform="p">Upon conference with Mr. Kimball, one of my intimate friends, I
                                    have determined to write you upon a matter of great personal
                                    interest to you, and to our cause.</p><p TEIform="p">After I saw Mr. Tilden, at his home, at Graystone, last November,
                                    I knew his candidacy was simply impossible. Your name was so
                                    associated with his upon the "old ticket," in
                                    the memories, affections, and, if you please, in the patriotic
                                    indignation of the whole Democratic party of the country, that a
                                    separation of the <pb n="175" id="VAA4025-005-4-039" TEIform="pb"/> two
                                    names, and a breach of the "old ticket" was
                                    also impossible, as it seemed to me.</p><p TEIform="p">I was also led to think, that in the existing state of things,
                                    neither your name with Mr. Tilden's, nor separate from
                                    it, would this year, be likely to be placed in nomination upon
                                    the "Ticket," for President, or, for Vice
                                    President.</p><p TEIform="p">The action of the convention in <placeName TEIform="placeName">
                                        <region type="state" reg="nyu" TEIform="region">New York</region>
                                    </placeName>, yesterday, makes it almost morally certain, that
                                    Gov. Cleveland will be our candidate for President; and, from
                                    all that has been said by other conventions, and by the press,
                                    as well as from private correspondence, it seems likely that
                                    Col. McDonald will be placed in nomination for Vice President,
                                    if our friends outside of Indiana are satisfied that it meets
                                    with your approval.</p><p TEIform="p">And now my dear sir, allow me as one of your sincere friends to
                                    say, in all frankness, I hope it will accord with your best
                                    judgment, and the good of our cause, to allow our friends in
                                    Indiana, to place your name, in nomination for Governor. Not
                                    that it will add any honor to those already conferred upon you,
                                    by your great state; but that it can give the whole country the
                                    assurance, that <hi rend="i" TEIform="hi">
                              <placeName TEIform="placeName">
                                            <region type="state" reg="nyu" TEIform="region">New York</region>
                                        </placeName> and Indiana</hi> will give their votes for <placeName TEIform="placeName">
                                        <settlement type="city" TEIform="settlement">Cleveland</settlement>
                                    </placeName> and McDonald, for President and Vice. President, in
                                    the coming election.</p><p TEIform="p">For myself, I have no aspirations for any place, whatever. I look
                                    for my reward, not in official position, but in my vindication.
                                    I have fought the good fight of faith. I have fought for <hi rend="i" TEIform="hi">principle</hi>; whether that led me to act <hi rend="i" TEIform="hi">with, or against, the Democratic party,</hi> or,
                                        <hi rend="i" TEIform="hi">with, or against, the Republican party</hi>,</p><p TEIform="p">In 1847, when, by treaty, we had acquired the Free Territories
                                    from Mexico, and Gen'l Cass proposed by
                                    "diffusion of slavery" to spread it out so
                                    thin in the Territories that it would die out of itself, I was
                                    severed from the Democratic party, under his lead, and helped to
                                    organize the Free Soil party.</p><p TEIform="p">Then a young man, from Western <placeName TEIform="placeName">
                                        <region type="state" reg="nyu" TEIform="region">New York</region>
                                    </placeName>, I offered in the Democratic Convention, A
                                    Resolution "declaring the uncompromising hostility of
                                    the Democracy of <placeName TEIform="placeName">
                                        <region type="state" reg="nyu" TEIform="region">New York</region>
                                    </placeName> against the extension of slavery into the Free
                                    Territories recently acquired of Mexico by any act of the
                                    General Government."</p><p TEIform="p">That resolution was rejected, or laid on the table "by
                                    one majority. <pb n="176" id="VAA4025-005-4-040" TEIform="pb"/> Upon that
                                    vote, Robert Morris, of <placeName TEIform="placeName">
                                        <settlement type="city" TEIform="settlement">New York city</settlement>
                                    </placeName>, the president of the Convention of <placeName TEIform="placeName">
                                        <settlement type="city" TEIform="settlement">Syracuse</settlement>
                                    </placeName>, of February, 1847, angrily <hi rend="i" TEIform="hi">tore the
                                        resolution in pieces,</hi> and threw them on the floor. The
                                    idea was not destroyed. A copy of the resolution was preserved.
                                    On that rejected resolution, called the "Corner Stone
                                    Resolution," the Free Soil party was organized. It sent
                                    a Delegation to.<placeName TEIform="placeName">
                                        <settlement type="city" TEIform="settlement">Baltimore</settlement>
                                    </placeName>, was refused admission except they come in with
                                    their votes neutralized by a hostile Delegation. They withdrew
                                    from the Convention, (I among them). We nominated Martin Van
                                    Buren. Then followed the Buffalo convention; which also
                                    nominated Van Buren, and Chas. Francis Adams. The result was,
                                    that <hi rend="i" TEIform="hi">Corner Stone Resolution, wrecked
                                        Gen'l Cass with his diffusion of slavery
                                    theory.</hi> Taylor was elected, and <placeName TEIform="placeName">
                                        <region type="state" reg="cau" TEIform="region">California</region>
                                    </placeName> came in as a Free State.</p><p TEIform="p">Then came a truce. Both parties pledged themselves anew, not to
                                    agitate the slavery question, and that the <hi rend="i" TEIform="hi">statu
                                        quo</hi> in the Territories, including the Mexican law of
                                    Freedom in the new ones, and the <placeName TEIform="placeName">
                                        <region type="state" reg="mou" TEIform="region">Missouri</region>
                                    </placeName> Compromise in the old ones, should remain.</p><p TEIform="p">My war against the Democratic party then ceased; and I supported
                                    Pierce, in 1852.</p><p TEIform="p">But as if the Devil had control of things, in 1853-4, Dixon, a
                                    whig senator from <placeName TEIform="placeName">
                                        <region type="state" reg="kyu" TEIform="region">Kentucky</region>
                                    </placeName>, introduced a bill to repeal the <placeName TEIform="placeName">
                                        <region type="state" reg="mou" TEIform="region">Missouri</region>
                                    </placeName> Compromise. In vain <placeName TEIform="placeName">
                                        <settlement type="city" TEIform="settlement">Houston</settlement>
                                    </placeName> and <placeName TEIform="placeName">
                                        <region type="county" TEIform="region">Benton</region>
                                    </placeName> raised their warning voices against it. In vain
                                    Douglas first reported against it. In vain President Pierce and
                                    the <placeName TEIform="placeName">
                                        <settlement type="city" TEIform="settlement">Washington</settlement>
                                    </placeName> Union opposed it. The <hi rend="i" TEIform="hi">infernal</hi>
                                    measure once before the Senate, began its work of mischief; till
                                    at last, Douglas gave way,–hoping that with the
                                    Squatter Sovereignty <hi rend="i" TEIform="hi">panacea,</hi> he could get rid
                                    of the question. The result was, it only opened wide the
                                    Territory of <placeName TEIform="placeName">
                                        <region type="state" reg="ksu" TEIform="region">Kansas</region>
                                    </placeName> for the extremes to challenge each other to mortal
                                    combat. It, in fact, began, right then and there, the Civil War,
                                    which,-afterwards, led hundreds of thousands of brothers, with
                                    hands stained in brother's blood, to battle and to
                                    death.</p><p TEIform="p">The establishment of the Slave Code of <placeName TEIform="placeName">
                                        <region type="state" reg="ksu" TEIform="region">Kansas</region>
                                    </placeName>, as the result of the Border Ruffian invasion and
                                    subjugation of that territory, and the vote of the Democrats in
                                    Congress to sustain that Code by the Federal Army, again severed
                                    me from that party; and I <pb n="177" id="VAA4025-005-4-041" TEIform="pb"/>
                                    joined to help organize the Republican party of 1856. In 1857 I
                                    entered the Senate. You know all the rest. I will not repeat
                                    what is so familiar to you.</p><p TEIform="p">The Republican party was organized as a <hi rend="i" TEIform="hi">states
                                        rights party.</hi> While it opposed slavery extension into
                                    the Free Territories, it denounced any invasion of the rights of
                                    the states as among the gravest of crimes. It was born of a
                                    protest against Federal usurpation; a protest against the
                                    Fugitive Slave Law; a protest against the Slave Code of <placeName TEIform="placeName">
                                        <region type="state" reg="ksu" TEIform="region">Kansas</region>
                                    </placeName>; and, especially, a protest against using the
                                    Federal Army to enforce that Code; and to force upon a people, a
                                    Constitution which they had rejected, but which was declared
                                    adopted upon a false return of more than 5,000 votes of men,
                                    whose names were never found in <placeName TEIform="placeName">
                                        <region type="state" reg="ksu" TEIform="region">Kansas</region>
                                    </placeName>, but found in an old <placeName TEIform="placeName">
                                        <settlement type="city" TEIform="settlement">Cincinnati</settlement>
                                    </placeName> Directory.</p><p TEIform="p">In saying that the Republican party was organized as a states
                                    rights party, I speak only of what I know, for I drew the very
                                    call upon which the Republican party, the People's
                                    party of <placeName TEIform="placeName">
                                        <region type="state" reg="pau" TEIform="region">Pennsylvania</region>
                                    </placeName>, and the Union party of <placeName TEIform="placeName">
                                        <region type="state" reg="nju" TEIform="region">New Jersey</region>
                                    </placeName>, were brought together in the convention at <placeName TEIform="placeName">
                                        <settlement type="city" TEIform="settlement">Chicago</settlement>
                                    </placeName>, in 1860, which nominated Mr. Lincoln.</p><p TEIform="p">The rights of the states were recognized in the strongest terms,
                                    not only in the platform on which Mr. Lincoln was elected, but
                                    especially, in that resolution of July, 1861, after the war had
                                    begun, passed unanimously by Congress, two days after the
                                    disaster at Bull Run,–the most solemn declaration a
                                    nation could make, before God and the civilized world.</p><p TEIform="p">But after Lincoln's assassination, the control of the
                                    Republican party passed into the hands of Thad. Stevens; who
                                    really had more power than ever Robespierre had in the French
                                    Convention, and in all its ideas it was revolutionized, and
                                    carried right over and entirely outside of the Constitution.</p><p TEIform="p">His great genius, indomitable will, and his great passions,
                                    inflamed into an intensity of hate, by the destruction of his
                                    Iron Works by the rebel forces at <placeName TEIform="placeName">
                                        <settlement type="city" TEIform="settlement">Gettysburg</settlement>
                                    </placeName>, made him burn and flame like an electric light, so
                                    intense and fierce that lesser lights were dim; and the Blaines
                                    and Logans were boys under him.</p><p TEIform="p">Unfortunately, President Johnson, as true a patriot as ever
                                    lived, by his want of tact and by his mistakes in <hi rend="i" TEIform="hi">extemporeé</hi>
                                    <pb n="178" id="VAA4025-005-4-042" TEIform="pb"/>
                                    <hi rend="i" TEIform="hi">speeches</hi> in which he would indulge, in spite
                                    of the advice and counsel of his best friends, lost control, and
                                    the power to hold on to the policy of Lincoln. Johnson refused
                                    to appoint Morton in his Cabinet, which place Morton was ready
                                    to accept, after his <placeName TEIform="placeName">
                                        <settlement type="city" TEIform="settlement">Richmond</settlement>
                                    </placeName> speech. Had Johnson done so, Morton had sufficient
                                    organizing power, with Johnson's aid, to resist Stevens
                                    and his followers in their radical revolution. But he did not
                                    appoint him Secretary of War. He kept Stanton to betray and to
                                    ruin him; to betray and to ruin Lincoln's policy, of
                                    Reconstruction under the Constitution. Though Stanton himself
                                    drew the very Reconstruction Proclamation, and though it was
                                    unanimously approved by all Lincoln's Cabinet, twice
                                    read over in presence of Gen'l Grant himself, yet
                                    Stanton betrayed it under Stevens' lead.</p><p TEIform="p">Then came the rejection of Sherman's terms of
                                    Capitulation by Johnson's army, because it seemed to
                                        <hi rend="i" TEIform="hi">recognize the States of the South as being
                                        still states in the Union</hi>.</p><p TEIform="p">To cut this letter short, Stevens and his followers got complete
                                    control of the Republican party, and revolutionized it. He
                                    boldly declared that we were <hi rend="i" TEIform="hi">"outside"</hi> the Constitution, in
                                    dealing with all the States South of the Potomac.</p><p TEIform="p">Then, under Stevens, the Republican party did, what the Rebellion
                                    could not do; it broke the Union. It expelled ten States. It
                                    reduced them to Five Military Provinces. It subjugated
                                    10,000,000, of people to military law. It abolished all civil
                                    law from the Potomac to the Rio Grande; and, (to quote
                                    Garfield), "with a steel pen made of a
                                    bayonet," two years after the war was over and peace
                                    proclaimed, erased from the Constitution the sacred words,
                                    "Habeas Corpus," and "Right of Trial
                                    by Jury," and wrote in their places "Martial
                                    Law," and "Drum Head Courts Martial."</p><p TEIform="p">Time fails me to tell you of all its great crimes; of the
                                    degradation and corruption of the South; of Disfranchising by
                                    Test Oaths the intelligence and character of the South; of
                                    filling their Legislatures with ignorance and stupidity; of the
                                    robbery by carpet-bag thieves of those states by the fraudulent
                                    issue of bonds, to $126,000,000; of the degradation
                                    of the suffrage of the South, instead of qualifying and
                                    elevating it, and with it elevating the enfranchised race; of
                                    all these things, which make the <pb n="179" id="VAA4025-005-4-043" TEIform="pb"/> heart sick to recall. Add to all
                                    this the <hi rend="i" TEIform="hi">nepotism, corruption, whiskey thief
                                        jobbing</hi> of Grant's administrations, and both
                                    of them, which show that great as he was as.a soldier, he never
                                    had any more fitness for the civil duties of President, than he
                                    has lately shown himself fit to be the head of a great Banking
                                    House in Wall Street.</p><p TEIform="p">Add to that, the great unpunished fraud and outrage of 1876. The
                                    bribery, by which half a million stolen from the Treasury by
                                    Star Route thieves under Dorsey, was spent to buy votes in
                                    Indiana in 1880; and more humiliating, even, than Bribery
                                    itself, the fact that Arthur, the present President of the <placeName TEIform="placeName">
                                        <country reg="-us" TEIform="country">United States</country>
                                    </placeName>, without blushing, at a public dinner, when an
                                    ex-president sat by his side, openly, as if honors were being
                                    given to some great, conquering hero, boasted of the achievement
                                    of Carrying Indiana by wholesale Bribery, as if it were a great
                                    victory.</p><p TEIform="p">O, my friend! when I think of this party in power, having thus
                                    proved faithless to the Idea upon which it was elected, upon
                                    which I helped to form and organize it, how, instead of being a
                                    states rights party, maintaining the Union to be sovereign in
                                    all national affairs, and that the States are still sovereign in
                                    all their domestic affairs, it has now become the party of
                                    Centralization;–substantially denying the obligations
                                    and limitations of a Written Constitution, and maintaining that
                                    Congress can do any thing and every thing which it is not
                                    expressly forbidden to do;–and, that it is all
                                    honey-combed through and through with corruption; when I call
                                    all these things to mind, words fail to express the necessity to
                                    overthrow that party; and to place the administration in the
                                    hands of the true Democratic Republican party, regenerated as it
                                    now seems to be, and to bring true and genuine reform with it,
                                    into every branch of the government.</p><p TEIform="p">Let me therefore, knowing as I do your devoted love for the
                                    country for which you have labored and sacrificed so much,
                                    notwithstanding your personal disinclination to do so, ask you
                                    once more, to consent to put on your armor; once more, to become
                                    the candidate for Governor of Indiana. By that act, close up the
                                    ranks in <placeName TEIform="placeName">
                                        <region type="state" reg="nyu" TEIform="region">New York</region>
                                    </placeName> and Indiana, unite all our forces, divide our
                                    adversaries, everywhere, and make victory sure.</p><pb n="180" id="VAA4025-005-4-044" TEIform="pb"/><p TEIform="p">Excuse this long and hastily written letter, for which the
                                    deepest solicitude is my only apology.</p><closer TEIform="closer">
                                    <salute rend="right" TEIform="salute">As ever,</salute>
                                    <salute rend="right" TEIform="salute">Sincerely yours,</salute>
                                    <signed rend="right" TEIform="signed">J. R. D<hi rend="sc" TEIform="hi">OOLITTLE</hi>
                           </signed>
                                </closer></div></body></text>
                </p><p TEIform="p">The following letter from Mr. John Bigelow confirms what Judge Doolittle had
                    written about the availability of Mr. Samuel J. Tilden as a presidential
                    candidate:</p><p TEIform="p">
                    <text TEIform="text"><body TEIform="body"><div type="letter" org="uniform" sample="complete" part="N" TEIform="div"><dateline rend="right" TEIform="dateline">
                           <date TEIform="date">July 6, 1884</date>.</dateline><salute TEIform="salute">Hon. J. R. Doolittle:</salute><salute TEIform="salute">My Dear Sir–</salute><p TEIform="p">Though Governor Tilden has never been sick in bed a day since I
                                    have known him, now more than forty years, nor ever so ill as
                                    not to attend to current affairs, he is not strong and has no
                                    expectation of being ever any stronger. He does not feel that if
                                    elected to the Presidency he could realise the reasonable
                                    expectations of his friends or of the country. It was this
                                    apprehension which led him to decline the nomination in 1880 and
                                    there is no reason operating now, except the greater apparent
                                    unanimity of the party and the deduction of four years from the
                                    working balance of his life, that was not operative then.</p><p TEIform="p">I take no responsibility in saying, not only that the Governor
                                    does not wish the office but he does wish not to assume the
                                    burdens which it would impose upon him.</p><p TEIform="p">From a conviction that the anxieties of a canvass and the labor
                                    incident to a regeneration of our administrative system would
                                    interfere with the regularity of life and the repose which are
                                    indispensable to his health and comfort, I approved entirely of
                                    his course in 1880 and I am very reluctantly constrained to
                                    approve of the course which he now seems determined to pursue.</p><p TEIform="p">I regret that from the very nature of the situation I can not
                                    give a more explicit answer to your favor of the 2d inst., nor
                                    one more in harmony with what I suppose to be your feelings.</p><closer TEIform="closer">
                                    <salute rend="right" TEIform="salute">Yours very truly,</salute>
                                    <signed rend="right" TEIform="signed">J<hi rend="sc" TEIform="hi">OHN</hi> B<hi rend="sc" TEIform="hi">IGELOW</hi>.</signed>
                                </closer></div></body></text>
                </p><p TEIform="p">As a contribution to the discussion mentioned in Judge Doo-little's
                    letter, Mr. Bigelow's statement is valuable.</p><p rend="right" TEIform="p">D. M.</p></div></body></text></TEI.2>