<?xml version="1.0" encoding="UTF-8"?><!DOCTYPE TEI.2 SYSTEM "http://purl.dlib.indiana.edu/iudl/imh/resource/xml/imh_issue.dtd"><TEI.2><teiHeader type="text" status="new" TEIform="teiHeader"><fileDesc TEIform="fileDesc"><titleStmt TEIform="titleStmt"><title TEIform="title">Indiana Magazine of History</title><respStmt TEIform="respStmt"><resp TEIform="resp">Generated by</resp><name TEIform="name">Digital Library Program, Indiana University</name></respStmt></titleStmt><publicationStmt TEIform="publicationStmt"><publisher TEIform="publisher">Digital Library Program, Indiana University</publisher><pubPlace TEIform="pubPlace">Bloomington, IN</pubPlace><date TEIform="date">2007</date><availability status="unknown" TEIform="availability"><p TEIform="p">Copyright 2007 Trustees of Indiana University</p><p TEIform="p">Indiana University provides the information contained in this file for non-commercial,
        personal, or research use only. All other use, including but not limited to commercial or
        scholarly reproductions, redistribution, publication or transmission, whether by electronic
        means or otherwise, without prior written permission of the copyright holder is strictly
        prohibited.</p></availability></publicationStmt><seriesStmt TEIform="seriesStmt"><title TEIform="title">Indiana Magazine of History</title></seriesStmt><sourceDesc default="NO" TEIform="sourceDesc"><biblStruct default="NO" TEIform="biblStruct"><analytic TEIform="analytic"><title TEIform="title">Notes</title></analytic><monogr TEIform="monogr"><title TEIform="title">Indiana Magazine of History</title><imprint TEIform="imprint"><pubPlace TEIform="pubPlace">Bloomington, IN</pubPlace><publisher TEIform="publisher">Indiana University Department of History in cooperation with the Indiana
                                Historical Society</publisher><date TEIform="date">1910</date><biblScope type="issue" TEIform="biblScope">4</biblScope><biblScope type="volume" TEIform="biblScope">6</biblScope><biblScope type="pages" TEIform="biblScope">186-186</biblScope></imprint></monogr></biblStruct></sourceDesc></fileDesc></teiHeader><text><body><pb n="186" id="VAA4025-006-4-050" TEIform="pb"/><div type="editorialMaterial" id="VAA4025-006-4-a07" org="uniform" sample="complete" part="N" TEIform="div"><head TEIform="head">NOTES.</head><p TEIform="p">Plans are being made at <placeName TEIform="placeName">
                        <settlement type="city" TEIform="settlement">Lafayette</settlement>
                    </placeName> for the celebration in 1911 of the centennial of the battle of <placeName TEIform="placeName">
                        <settlement type="city" TEIform="settlement">Tippecanoe</settlement>
                    </placeName>. Professor Thomas F. Moran, of Purdue University, is chairman of
                    the committee in charge.</p><p TEIform="p">At a special meeting of the Indiana Historical Society on Thursday, December 1,
                    an appropriation of fifty dollars was made by the society toward defraying the
                    expenses connected with the meeting of the American Historical Association and
                    allied societies at <placeName TEIform="placeName">
                        <settlement type="city" TEIform="settlement">Indianapolis</settlement>
                    </placeName>. A resolution was also passed urging upon the Legislature the
                    necessity of a new State Library and Museum building.</p><p TEIform="p">At an informal dinner given by the Commercial Club, of <placeName TEIform="placeName">
                        <settlement type="city" TEIform="settlement">Indianapolis</settlement>
                    </placeName>, to the members of the Indiana Historical Society on the evening of
                    December 9, there was an attendance of thirty-four. Short talks were made by Dr.
                    Wynn, of the Civic Iniprovement Commission of the Commercial Club, D. C. Brown,
                    Harlow Lindley, James A. Woodburn, C. B. Coleman and others. A paper was read by
                    J. P. Dunn which is printed in this number of the quarterly.</p><p TEIform="p">The organization of a local historical society is being agitated at
                            <placeName TEIform="placeName">
                  <settlement type="city" TEIform="settlement">Crawfordsville</settlement>. <region type="county" TEIform="region">Montgomery county</region>
               </placeName> should maintain an
                    active organization. Those interested should address Professor Charles A.
                    Tuttle, <placeName TEIform="placeName">
                        <settlement type="city" TEIform="settlement">Wabash</settlement>
                    </placeName> College.</p></div></body></text></TEI.2>