<?xml version="1.0" encoding="UTF-8"?><!DOCTYPE TEI.2 SYSTEM "http://purl.dlib.indiana.edu/iudl/imh/resource/xml/imh_issue.dtd"><TEI.2><teiHeader type="text" status="new" TEIform="teiHeader"><fileDesc TEIform="fileDesc"><titleStmt TEIform="titleStmt"><title TEIform="title">Indiana Magazine of History</title><respStmt TEIform="respStmt"><resp TEIform="resp">Encoded by</resp><name TEIform="name">Aptara Inc.</name></respStmt></titleStmt><publicationStmt TEIform="publicationStmt"><publisher TEIform="publisher">Digital Library Program, Indiana University</publisher><pubPlace TEIform="pubPlace">Bloomington, IN</pubPlace><date TEIform="date">2007</date><availability status="unknown" TEIform="availability"><p TEIform="p">Copyright 2007 Trustees of Indiana University</p><p TEIform="p">Indiana University provides the information contained in this file for non-commercial,
        personal, or research use only. All other use, including but not limited to commercial or
        scholarly reproductions, redistribution, publication or transmission, whether by electronic
        means or otherwise, without prior written permission of the copyright holder is strictly
        prohibited.</p></availability></publicationStmt><seriesStmt TEIform="seriesStmt"><title TEIform="title">Indiana Magazine of History</title></seriesStmt><sourceDesc default="NO" TEIform="sourceDesc"><biblStruct default="NO" TEIform="biblStruct"><analytic TEIform="analytic"><title TEIform="title">The Early Schools of Indiana: From the Papers of D. D. Banta</title><author TEIform="author">D. D. Banta</author></analytic><monogr TEIform="monogr"><title TEIform="title">Indiana Magazine of History</title><imprint TEIform="imprint"><pubPlace TEIform="pubPlace">Indianapolis, IN</pubPlace><publisher TEIform="publisher">George S. Cottman</publisher><date TEIform="date">1906</date><biblScope type="issue" TEIform="biblScope">1</biblScope><biblScope type="volume" TEIform="biblScope">2</biblScope><biblScope type="pages" TEIform="biblScope">41-48</biblScope></imprint></monogr></biblStruct></sourceDesc></fileDesc><revisionDesc TEIform="revisionDesc"><change TEIform="change"><date TEIform="date">2007-06-15</date><respStmt TEIform="respStmt"><name TEIform="name">Annette D. Richmond</name></respStmt><item TEIform="item">Changed  publication place and publisher, added author</item></change></revisionDesc></teiHeader><text><body><pb n="41" id="VAA4025-002-1-045" TEIform="pb"/><div type="scholarlyArticle" id="VAA4025-002-1-a09" org="uniform" sample="complete" part="N" TEIform="div"><head TEIform="head">THE EARLY SCHOOLS OF <placeName TEIform="placeName">
                        <region type="state" key="tgn_7007252" reg="Indiana" TEIform="region">INDIANA</region>
                    </placeName>.</head><head TEIform="head">FROM THE PAPERS OF D. D. BANTA.</head><p TEIform="p">[The most ambitious and best known work on education in <placeName TEIform="placeName">
                        <region type="state" key="tgn_7007252" reg="Indiana" TEIform="region">Indiana</region>
                    </placeName> is that by Prof. Richard G. Boone, which appeared in 1892. The same year, but prior to
                    the printing of Mr. Boone's book, Judge D. D. Banta, then of the Indiana University Law School, an
                    old-time resident of <placeName TEIform="placeName">
                        <region type="county" key="tgn_1002525" reg="Johnson" TEIform="region">Johnson county</region>
                    </placeName>, and author of a history of that county, published in <hi rend="i" TEIform="hi">The <placeName TEIform="placeName">
                            <settlement type="city" key="tgn_7012924" reg="Indianapolis" TEIform="settlement">Indianapolis</settlement>
                        </placeName> News</hi> a series of papers on this important subject. Judge Banta's style of
                    treatment and the ground he covers are so widely different from those of Professor Boone that it is
                    so much new matter to one familiar with Boone. The articles, largely anecdotal and revealing an
                    intimate knowledge of pioneer life and early happenings, give a graphic view of conditions not to be
                    gleaned from a more formal work based wholly upon scholarship. They have a value all their own, and
                    should be of interest to all educators. The series contains too much matter to be reprinted entire
                    in this magazine, but I have taken the liberty to preserve the substance of them and those parts
                    that seem to me most valuable as real contributions to our school history. By the references given
                    the reader who wishes can consult the original, to be found in files in either the State Library or
                    the City Library in <placeName TEIform="placeName">
                        <settlement type="city" key="tgn_7012924" reg="Indianapolis" TEIform="settlement">Indianapolis</settlement>
                    </placeName>. There are ten of the articles, which appear in <hi rend="i" TEIform="hi">The News</hi> of 1892,
                    under date of January 6, 13, 20, 27; February 3, 10, 17, 24; March 16, 23. The articles will run in
                    these pages throughout the year.—<hi rend="i" TEIform="hi">Editor.</hi>]</p><p TEIform="p">
                    <hi rend="i" TEIform="hi">Educational Status of the Pioneers—First Schools in the State—Distances to the
                        School—Private Houses, Barns, Mills, etc., as School-houses—Rudeness of the First Houses
                        Built—Curious Styles of Building.</hi>
                </p><p TEIform="p">THERE is a class which entertains the belief that the early settlers of Indiana were not as well
                    educated as were the early settlers of her sister States. I think this belief was quite generally
                    entertained a half century ago, and, perhaps, even later by the people of these sister States. I do
                    not know why this belief should be held by any one to-day. I know of no reason why the Indiana
                    pioneers should not be considered as the equals in every respect of the pioneer settlers of any of
                    the other States at that period.</p><pb n="42" id="VAA4025-002-1-046" TEIform="pb"/><p TEIform="p">It is stated by Gilmore, in "The Advance Guard of Western Civilization," that of the 256 settlers who
                    moved in 1779-'80 to the after site of <placeName TEIform="placeName">
                        <settlement type="city" TEIform="settlement">Nashville</settlement>
                    </placeName>, all but one could write his name. Of thirty-six settlers on the north side of the <placeName TEIform="placeName">
                        <region type="state" key="tgn_7007706" reg="Ohio" TEIform="region">Ohio</region>
                    </placeName>, within the present boundaries of the State of <placeName TEIform="placeName">
                        <region type="state" key="tgn_7007706" reg="Ohio" TEIform="region">Ohio</region>
                    </placeName>, who signed the petition directed to Lieutenant-Colonel Harmer, in 1765, one only
                    signed by his mark. Mr. Roosevelt, in writing "The Winning of the West," had occasion to examine a
                    great many documents written and signed by the pioneer Tennesseeans and Kentuckians, and he gives
                    testimony as following:</p><p TEIform="p">"In examining original drafts of petitions and the like, signed by the hundreds of original settlers
                    of <placeName TEIform="placeName">
                        <region type="state" key="tgn_7007825" reg="Tennessee" TEIform="region">Tennessee</region>
                    </placeName> and <placeName TEIform="placeName">
                        <region type="state" key="tgn_7007255" reg="Kentucky" TEIform="region">Kentucky</region>
                    </placeName>, I have been struck by the small proportion—not much over three or four per cent, at
                    the outside—of men who made their mark instead of signing."</p><p TEIform="p">I have no doubt that the same fact would appear from an examination on as large a scale of original
                    documents signed by the Indiana pioneers. I have done a little of that kind of work myself and have
                    found the same result that Mr. Roosevelt did.</p><p TEIform="p">Of course, all the schools of the pioneering period were inferior to the schools of to-day. In
                    methods and appliances the schools of the two periods were as wide asunder as the poles, but in
                    results, take it school for school and month for month, I am inclined to think the difference was
                    not so very marked. Dr. Boone, in his "History of Education in Indiana,"<hi rend="sup" TEIform="hi">*</hi> does
                    not, as I remember, discuss this question, but if he did he would hardly agree with me.
                    Nevertheless, the evidence is abundant that the pioneer schoolmasters were, in general, fairly
                    efficient workers in the schoolroom.</p><p TEIform="p">However much or little of school training the Indiana pioneers had, of two facts, I think, we may be
                    assured: 1. They differed, as a class, in no respect as to their education, from the pioneer
                    settlers of any other State of that period. 2. The sentiment quite generally prevailed among them,
                    as it did with the people of all other States, of an earnest desire that their children should enjoy
                    far more excellent educational privileges than <list type="footnotes" TEIform="list"><item TEIform="item">
                            <hi rend="sup" TEIform="hi">*</hi>This allusion is to Dr. Boone's MS.</item></list>
                    <pb n="43" id="VAA4025-002-1-047" TEIform="pb"/> had fallen to their own lot. Or, in other words, they
                    entertained, in common with all the <placeName TEIform="placeName">
                        <country key="tgn_7012149" reg="United States" TEIform="country">United States</country>
                    </placeName> people of their day, the American idea of the great value of school training. Of the
                    truth of these two propositions I think there can be no doubt. Dr. Boone, in his history, makes it
                    quite plain that later on in Indiana there came a time when there was a seeming indifference in
                    educational affairs that was not at all creditable to the people of the State, but that charge can
                    not in justice be laid to the door of the first comers. The truth is, that long before any steps had
                    been taken in <placeName TEIform="placeName">
                        <region type="state" key="tgn_7007517" reg="Massachusetts" TEIform="region">Massachusetts</region>
                    </placeName> or <placeName TEIform="placeName">
                        <region type="state" key="tgn_7007568" reg="New York" TEIform="region">New York</region>
                    </placeName>, or anywhere else in the western world, looking to a free-school system to be supported
                    by the State, Indiana, in her organic law, had made provision for a system of free education,
                    commencing in the township schools and ending in the State University, and but for the great poverty
                    of the people, which rendered the scheme absolutely impracticable, there can be no doubt that there
                    would have been a free-school system in active operation in this State twenty years or more before
                    the first blundering steps were taken toward it in any other State.</p><p TEIform="p">If one would take the time for it he might secure quite a varied and extensive assortment of "first
                    schools" in the State. Mr. Randall Yarbro, who came to <placeName TEIform="placeName">
                        <region type="county" key="tgn_1002273" reg="Clark" TEIform="region">Clark county</region>
                    </placeName> in 1810, said: "What was probably the first school in Indiana was opened in 1811 in <placeName TEIform="placeName">
                        <settlement type="city" key="tgn_2032394" reg="Jefforsonville" TEIform="settlement">Jeffersonville</settlement>
                    </placeName>, near the river bank." From a work entitled "Indiana Methodism" I quote: "The first
                    school of any kind in the territory of Indiana was taught one and a half miles south of <placeName TEIform="placeName">
                        <settlement type="city" key="tgn_2031350" reg="Charlestown" TEIform="settlement">Charlestown</settlement>
                    </placeName>, in 1803." In the summer of 1796 Volney visited <placeName TEIform="placeName">
                        <settlement type="city" key="tgn_7018808" reg="Vincennes" TEIform="settlement">Vincennes</settlement>
                    </placeName>, and declared that nobody ever opened a school among the French there till it was done
                    by the Abbe R. [Rivet], a missionary banished hither by the French Revolution; and he adds the
                    further statement that "out of nine of the French scarcely six could read or write, whereas
                    nine-tenths of the American emigrants from the east could do both." From the testimony of John
                    Tipton, a capital-site commissioner, we are warranted in believing that a Frenchman taught school in
                    an Indian village, situated on what is now the northwest corner of <placeName TEIform="placeName">
                        <region type="county" key="tgn_1002525" reg="Johnson" TEIform="region">Johnson county</region>
                    </placeName>, before M. Rivet's day.<hi rend="sup" TEIform="hi">*</hi>
                </p><list type="footnotes" TEIform="list"><item TEIform="item">
                        <hi rend="sup" TEIform="hi">*</hi>For what Tipton says, see Vol. 1, No. 1, p. 13, of this magazine.</item></list><pb n="44" id="VAA4025-002-1-048" TEIform="pb"/><p TEIform="p">The first school within the present borders of the State was a French school, probably at <placeName TEIform="placeName">
                        <settlement type="city" key="tgn_7018808" reg="Vincennes" TEIform="settlement">Vincennes</settlement>
                    </placeName>, and the first Anglo-American school was taught in <placeName TEIform="placeName">
                        <region type="county" key="tgn_2031382" reg="Clarksville" TEIform="region">Clarksville</region>
                    </placeName>, whose settlement was begun not later than 1785, and probably two or three years before
                    that. At any rate, the place was a "small town" in 1789, and although it was never a place of more
                    than a few log houses, we might safely assume that schools of some sort were provided for the
                    children of the settlement, for this would accord with what I believe to have been the unvarying
                    American practice. After the peace of Greenville, in 1795, the Clark's Grant settlement naturally
                    grew faster than it did before, and in 1800 its population numbered 929. Surely there must have been
                    schools maintained by this time. But we are not left to conjecture merely. From the old records of <placeName TEIform="placeName">
                        <region type="county" key="tgn_2031382" reg="Clarksville" TEIform="region">Clarksville</region>
                    </placeName>, kept from the first, there are frequent entries relating to the schoolhouses and
                    schoolmasters almost from the very first.</p><p TEIform="p">The presumption is next to conclusive that a school was opened in <placeName TEIform="placeName">
                        <region type="county" key="tgn_1002324" reg="Dearborn" TEIform="region">Dearborn county</region>
                    </placeName> prior to 1802. In the spring of 1796 sixteen families moved across the Big Miami and
                    became the first settlers of <placeName TEIform="placeName">
                        <region type="county" key="tgn_1002324" reg="Dearborn" TEIform="region">Dearborn county</region>
                    </placeName>. They had settled on the <placeName TEIform="placeName">
                        <region type="state" key="tgn_7007706" reg="Ohio" TEIform="region">Ohio</region>
                    </placeName> side of the Miami three years before, and during their three years' sojourn there they
                    organized a school and brought in the first schoolmaster known to that part of the country, one
                    Isaac Polk, who "was known far and near as Master Polk." What these sixteen families who moved on
                    southeastern Indiana soil in the spring of 1796, and who were joined by four or five of the families
                    of the <placeName TEIform="placeName">
                        <region type="state" key="tgn_7007706" reg="Ohio" TEIform="region">Ohio</region>
                    </placeName> neighborhood the same year, did in the matter of schools, the muse of history,
                    unfortunately, has not seen fit to say. We are left to conjecture, but with the record made during
                    the three years of their residence in <placeName TEIform="placeName">
                        <region type="state" key="tgn_7007706" reg="Ohio" TEIform="region">Ohio</region>
                    </placeName>, we may feel very confident that the year of their moving, or at farthest the following
                    one, marked the advent of the schoolhouse in southern <placeName TEIform="placeName">
                        <region type="state" key="tgn_7007252" reg="Indiana" TEIform="region">Indiana</region>
                    </placeName>.</p><p TEIform="p">
                    <hi rend="i" TEIform="hi">From The News of January 20, 1892.</hi>
                </p><p TEIform="p">Without further discussion, we may accept that in general, whenever and wherever a neighborhood
                    contained enough children to warrant the enterprise, a schoolmaster was secured and a school was
                    opened. But it must be remembered that neighborhoods <pb n="45" id="VAA4025-002-1-049" TEIform="pb"/> in the
                    early days covered far wider reaches of country than is generally the case now. To that schoolhouse
                    south of <placeName TEIform="placeName">
                        <settlement type="city" key="tgn_2031350" reg="Charlestown" TEIform="settlement">Charlestown</settlement>
                    </placeName> referred to in the "History of Methodism in Indiana," D. W. Daily, of <placeName TEIform="placeName">
                        <region type="county" key="tgn_1002273" reg="Clark" TEIform="region">Clark county</region>
                    </placeName>, went when a small boy, walking a distance of three miles through the woods. Young
                    Daily's school path, like thousands of others, was not very plain, and was sometimes crossed by wild
                    and savage beasts. His devoted mother, realizing the dangers that beset her boy, went with him part
                    of the way every morning, carrying her youngest born in her arms, and every evening she met him on
                    the way as he returned to his home. One of the first schools taught in <placeName TEIform="placeName">
                        <region type="county" key="tgn_2000555" reg="Spencer" TEIform="region">Spencer county</region>
                    </placeName> drew children to it from a distance of four miles in every direction; and it was by no
                    means uncommon for school children to trudge, morning and evening, three and four and even more
                    miles to attend their schools.</p><p TEIform="p">In the beginning, houses were not built exclusively for school uses, if an unoccupied cabin or other
                    place was found available for the purpose. The first school taught in <placeName TEIform="placeName">
                        <settlement type="city" key="tgn_2032772" reg="Martinsville" TEIform="settlement">Martinsville</settlement>
                    </placeName>, certain chroniclers say, was a summer school on a gentleman's porch, by Dr. John
                    Morrison. There are others, however, who insist that the first school was taught in a barn by James
                    Conway. Barns were not infrequently turned into summer schoolhouses during the pioneer educational
                    period. The first school taught in Newburg, <placeName TEIform="placeName">
                        <region type="county" key="tgn_2000560" reg="Warrick" TEIform="region">Warrick county</region>
                    </placeName>, was in John Sprinkle's barn, and many other barns were given up during part of the
                    temperate season to the pedagogue and his pupils. Mills were also utilized on occasions. The first
                    school ever taught in the English language in the town of <placeName TEIform="placeName">
                        <settlement type="city" key="tgn_2033996" reg="Vevay" TEIform="settlement">Vevay</settlement>
                    </placeName> was by John Wilson, a Baptist minister, in a horse mill. An early school in <placeName TEIform="placeName">
                        <settlement type="city" key="tgn_2034064" reg="Waynesville" TEIform="settlement">Waynesville</settlement>
                    </placeName>, <placeName TEIform="placeName">
                        <region type="county" key="tgn_1002167" reg="Bartholomew" TEIform="region">Bartholomew county</region>
                    </placeName>, was taught by a retired distiller in a blacksmith shop, which school, for reasons not
                    stated, was attended by young men and boys only. In <placeName TEIform="placeName">
                        <region type="county" key="tgn_2000555" reg="Spencer" TEIform="region">Spencer county</region>
                    </placeName> a deserted tannery was utilized. In <placeName TEIform="placeName">
                        <region type="county" key="tgn_2000545" reg="Knox" TEIform="region">Knox</region>
                    </placeName>, in <placeName TEIform="placeName">
                        <region type="county" key="tgn_1002508" reg="Jackson" TEIform="region">Jackson</region>
                    </placeName>, and perhaps elsewhere, the old forts, after the close of the Indian wars, were turned
                    into schoolhouses. In the towns of <placeName TEIform="placeName">
                        <settlement type="city" key="tgn_2031887" reg="Franklin" TEIform="settlement">Franklin</settlement>
                    </placeName>, <placeName TEIform="placeName">
                        <settlement type="city" key="tgn_2031212" reg="Brownstown" TEIform="settlement">Brownstown</settlement>
                    </placeName>, and some others, the log court-houses were occupied between courts. In <placeName TEIform="placeName">
                        <region type="county" key="tgn_7013619" reg="Dubois" TEIform="region">Dubois county</region>
                    </placeName> Simon Morgan, the county recorder, kept school for many years in the recorder's office.
                    John Godlove, <pb n="46" id="VAA4025-002-1-050" TEIform="pb"/> of <placeName TEIform="placeName">
                        <region type="county" key="tgn_1002327" reg="Delaware" TEIform="region">Delaware county</region>
                    </placeName>, taught one of the first schools in the precincts of his own kitchen, while in every
                    county south of the <geogName key="tgn_2746502" reg="Wabash River" TEIform="geogName">Wabash</geogName>, and,
                    doubtless, north of it also, abandoned cabins of one kind or another, were quite frequently used for
                    school purposes.<hi rend="sup" TEIform="hi">*</hi>
                </p><p TEIform="p">The appropriating of the mills and the forts, of the barns and old cabins for schools was, however,
                    the exception and not the rule. The rule was that if a house of some kind was not found ready-made
                    when the time for organizing a school came around, those expecting to be its patrons usually made
                    short work of building one. The first were the plainest and cheapest form of log cabin. The
                    neighbors of the Stotts settlement on <geogName key="tgn_1131742" reg="White" TEIform="geogName">White
                    river</geogName>, in <placeName TEIform="placeName">
                        <region type="county" key="tgn_1002694" reg="Morgan" TEIform="region">Morgan county</region>
                    </placeName>, began and finished ready for occupancy their schoolhouse in one day. Of course, it was
                    the rudest of log cabins, but it may well be supposed that there were hundreds of not much if any
                    better in Indiana from first to last. I have been told of one such that was built and occupied in
                    White River township, in <placeName TEIform="placeName">
                        <region type="county" key="tgn_1002508" reg="Jackson" TEIform="region">Jackson county</region>
                    </placeName>, at a very early day. It was a pole cabin without window, floor or chimney. The fire
                    was kindled on a raised clay platform or hearth in the center, and the sparks and smoke escaped
                    through a large opening in the roof. The children sat on benches next the walls, facing the center,
                    and studied their lessons by the light that came whence the smoke escaped. The house was modeled,
                    evidently, after a hunters' camp. In another part of the same county, a first temple of learning was
                    erected and finished without windows or openings for the light to come in save at the door and the
                    wide throat of the enormous chimney. A similar one was a schoolhouse in <placeName TEIform="placeName">
                        <settlement type="city" key="tgn_7013959" reg="Nashville-Davidson" TEIform="settlement">Nashville</settlement>
                    </placeName>, this State. We usually associate with the primitive schoolhouses the "greased paper
                    windows," but the truth is, "paper glass" marked a step in the process of the evolution of these
                    structures. In the history of <placeName TEIform="placeName">
                        <region type="county" key="tgn_2000555" reg="Spencer" TEIform="region">Spencer county</region>
                    </placeName> the statement is made that the first schoolhouses had uncovered openings through which
                    the light entered. There were first schoolhouses elsewhere in the State that were without windows.
                    The paper covering, made translucent by a free use of hog's lard or bear's <list type="footnotes" TEIform="list"><item TEIform="item">
                            <hi rend="sup" TEIform="hi">∗</hi>Apropos, it may be mentioned that Hanover College had its beginning in
                            the little three-room residence of Dr. John Finley Crowe. When Mrs. Crowe's domestic duties
                            made it necessary, the class of six boys repaired to the loom-house, a log structure of one
                            room devoted to the family weaving.—<hi rend="i" TEIform="hi">Editor.</hi>
                        </item></list>
                    <pb n="47" id="VAA4025-002-1-051" TEIform="pb"/> oil, had not yet been thought of, but was to come as an
                    improvement and mark an era in the improvement of schoolhouse architecture. The settlement of <placeName TEIform="placeName">
                        <region type="county" key="tgn_2000555" reg="Spencer" TEIform="region">Spencer county</region>
                    </placeName> was begun as early as about 1812, and the statement may well be true, for its
                    earliest-built schoolhouse belonged to the first of the Territory. In Blue River township, <placeName TEIform="placeName">
                        <region type="county" key="tgn_1002447" reg="Hancock" TEIform="region">Hancock county</region>
                    </placeName>, the first one was built of logs and had five corners. It was not chinked and daubed,
                    had no windows, and but one door. This must have been as late as 1830. The uncovered openings of the <placeName TEIform="placeName">
                        <region type="county" key="tgn_2000555" reg="Spencer" TEIform="region">Spencer county</region>
                    </placeName> houses are suggestive of the portholes in the blockhouses built during the early days
                    as a protection against the Indians. It is a well-known fact that after the final cessation of
                    Indian hostilities the old forts were in some instances converted into schoolhouses, and I find it
                    recorded that a school was taught in 1808 in the dwelling house of John Widner, "which house was
                    almost a fort," having been constructed with special reference to making resistance against attacks
                    of Indians. Indeed, there is direct authority for the statement that schoolhouses were constructed
                    in <placeName TEIform="placeName">
                        <region type="county" key="tgn_1002992" reg="Washington" TEIform="region">Washington county</region>
                    </placeName> with portholes for shooting at the Indians, and if in <placeName TEIform="placeName">
                        <region type="county" key="tgn_1002992" reg="Washington" TEIform="region">Washington county</region>
                    </placeName>, we have good reason to suppose that they were likewise so constructed elsewhere at the
                    same time. I have not come across any record or tradition to show that a cabin full of school
                    children was ever beleaguered in Indiana, or even that the schoolmasters of the State ever at any
                    time carried rifles to their schools with which to defend their scholars in case of attack; but when
                    we remember how very few of the specific acts of a man or of men, which belong to every-day life and
                    are not required by some law to be entered of record, find their way into history books, we can see
                    that schoolmasters may have gone armed to their schools here in Indiana, and the fact remain
                    unknown; and I have no doubt they did.</p><p TEIform="p">While the old schoolhouses were, whatever their dimensions, generally rectangular in shape, this was
                    not always true. I find an account of two in <placeName TEIform="placeName">
                        <region type="county" key="tgn_1002750" reg="Orange" TEIform="region">Orange county</region>
                    </placeName>, in Northwest and Southeast townships respectively, that seem to have been five-sided,
                    one end being built "in the shape of a fence corner for a fireplace." This unique style of
                    architecture may have been practiced elsewhere. In fact, a five-cornered schoolhouse was erected in <placeName TEIform="placeName">
                        <region type="county" key="tgn_1002447" reg="Hancock" TEIform="region">Hancock county</region>
                    </placeName> as late as 1830.</p><pb n="48" id="VAA4025-002-1-052" TEIform="pb"/><p TEIform="p">Can those who attended the old cabin schoolhouses ever forget the total want of everything connected
                    with them that was calculated to cheer and comfort the youngster in his ascent of the hill of
                    knowledge? No attempt, whatever, was ever made by the men who constructed these houses toward
                    beautifying them in any degree, and, judged by the standards of to-day, not much was done with a
                    view to securing the comfort of the children.</p><p TEIform="p">The following description of an old time schoolhouse and its furnishings is taken from "Recollections
                    of the Early Settlement of the <geogName key="tgn_2746502" reg="Wabash River" TEIform="geogName">Wabash</geogName>
                    Valley," by Sanford C. Cox:</p><p TEIform="p">"The schoolhouse was generally a log cabin with puncheon floor, ‘cat and clay’ chimney, and a part of
                    two logs chopped away on each side of the house for windows, over which greased newspapers or
                    foolscap was pasted to admit the light and keep out the cold. The house was generally furnished with
                    a split [splint] bottom chair for the teacher, and rude benches made out of slabs or puncheons for
                    the children to sit upon, so arranged as to get the benefit of the huge log fire in the winter time,
                    and the light from the windows. To these add a broom, a water-bucket, and a tin cup or gourd, and
                    the furniture list will be complete."</p><p TEIform="p">The writer omits one important adjunct, viz., the writing-table or bench, as it was in some
                    schoolhouses not inappropriately called. This usually consisted of a broad board, sawed or sometimes
                    rived, nailed to stout pins driven into holes bored in the logs at a proper slant upward beneath the
                    long window. In the absence of a suitable board, a puncheon hewn to a smooth face, or even a
                    half-log so hewn and mounted upon pins driven into the wall or upon stakes driven into the earth,
                    was made to serve the purpose of a lighter writing table.</p><p TEIform="p">It would be a waste of words to point out the squalor and discomfort of the old cabin schoolhouses.
                    Most of us, however, who caught glimpses of learning within their portals in our younger days, think
                    we treasure very tender recollections of them, but I suspect the tender recollections are of the
                    youthful friendships we then formed, and of the surrounding woods and streams that witnessed
                    indulgence in all manner of lawful sports, without a shadow of fear of trespassing on the rights of
                    others.</p><p rend="center" TEIform="p">[To be continued.]</p></div></body></text></TEI.2>