<?xml version="1.0" encoding="UTF-8"?><!DOCTYPE TEI.2 SYSTEM "http://purl.dlib.indiana.edu/iudl/imh/resource/xml/imh_issue.dtd"><TEI.2><teiHeader type="text" status="new" TEIform="teiHeader"><fileDesc TEIform="fileDesc"><titleStmt TEIform="titleStmt"><title TEIform="title">Indiana Magazine of History</title><respStmt TEIform="respStmt"><resp TEIform="resp">Encoded by</resp><name TEIform="name">Aptara Inc.</name></respStmt></titleStmt><publicationStmt TEIform="publicationStmt"><publisher TEIform="publisher">Digital Library Program, Indiana University</publisher><pubPlace TEIform="pubPlace">Bloomington, IN</pubPlace><date TEIform="date">2007</date><availability status="unknown" TEIform="availability"><p TEIform="p">Copyright 2007 Trustees of Indiana University</p><p TEIform="p">Indiana University provides the information contained in this file for non-commercial,
        personal, or research use only. All other use, including but not limited to commercial or
        scholarly reproductions, redistribution, publication or transmission, whether by electronic
        means or otherwise, without prior written permission of the copyright holder is strictly
        prohibited.</p></availability></publicationStmt><seriesStmt TEIform="seriesStmt"><title TEIform="title">Indiana Magazine of History</title></seriesStmt><sourceDesc default="NO" TEIform="sourceDesc"><biblStruct default="NO" TEIform="biblStruct"><analytic TEIform="analytic"><title TEIform="title">Newspaper Index: Indiana Journal–Third Instalment.</title></analytic><monogr TEIform="monogr"><title TEIform="title">Indiana Magazine of History</title><imprint TEIform="imprint"><pubPlace TEIform="pubPlace">Indianapolis, IN</pubPlace><publisher TEIform="publisher">George S. Cottman</publisher><date TEIform="date">1907</date><biblScope type="issue" TEIform="biblScope">1</biblScope><biblScope type="volume" TEIform="biblScope">3</biblScope><biblScope type="pages" TEIform="biblScope">39-41</biblScope></imprint></monogr></biblStruct></sourceDesc></fileDesc><revisionDesc TEIform="revisionDesc"><change TEIform="change"><date TEIform="date">2007-07-11</date><respStmt TEIform="respStmt"><name TEIform="name">Natalie E. Whitted</name></respStmt><item TEIform="item">Created independent header after changing article type from editorialMaterial to scholarlyArticle.</item></change></revisionDesc></teiHeader><text><body><pb n="39" id="VAA4025-003-1-039" TEIform="pb"/><div type="scholarlyArticle" id="VAA4025-003-1-a10" org="uniform" sample="complete" part="N" TEIform="div"><head TEIform="head">NEWSPAPER INDEX.</head><p rend="center" TEIform="p">INDIANA JOURNAL-–THIRD INSTALMENT.</p><p TEIform="p">
                    <hi rend="b" TEIform="hi">1834</hi>–-<list type="simple" TEIform="list"><item TEIform="item">
                            <placeName TEIform="placeName">
                                <settlement type="city" key="tgn_7012924" reg="Indianapolis" TEIform="settlement">Indianapolis</settlement>
                            </placeName> legislature.–-Jan. 8.</item><item TEIform="item">David Crockett (letter).–-Jan. 25.</item><item TEIform="item">Railroad, <placeName TEIform="placeName">
                                <settlement type="city" key="tgn_7012924" reg="Indianapolis" TEIform="settlement">Indianapolis</settlement>
                            </placeName> and <placeName TEIform="placeName">
                                <settlement type="city" key="tgn_2032579" reg="Lawrenceburg" TEIform="settlement">Lawrenceburgh</settlement>
                            </placeName>, movement toward.</item><item TEIform="item">-–Feb. 22.</item><item TEIform="item">Allisonville, sale of lots (ad.)-–Feb. 22.</item><item TEIform="item">Barber, first negro (ad.)-–Feb. 22.</item><item TEIform="item">Public land sales.-–March 15.</item><item TEIform="item">New Bethel, sale of lots.-–March 15.</item><item TEIform="item">
                            <placeName TEIform="placeName">
                                <settlement type="city" key="tgn_2348036" reg="Germantown" TEIform="settlement">Germantown</settlement>
                            </placeName>, on <geogName key="tgn_1133174" reg="Fall Creek" TEIform="geogName">Fall creek</geogName>.-–March 15.</item><item TEIform="item">Railroad meeting.–-March 29.</item><item TEIform="item">
                            <placeName TEIform="placeName">
                                <settlement type="city" key="tgn_7012924" reg="Indianapolis" TEIform="settlement">Indianapolis</settlement>
                            </placeName> Library (ad.)--April 5.</item><item TEIform="item">Julia A. Dumont (story).-–April 5, May 24.</item><item TEIform="item">Gambling, meeting to suppress.-–June 1.</item><item TEIform="item">Railroad, <placeName TEIform="placeName">
                                <settlement type="city" key="tgn_7012924" reg="Indianapolis" TEIform="settlement">Indianapolis</settlement>
                            </placeName> and <placeName TEIform="placeName">
                                <settlement type="city" key="tgn_7013848" reg="Lafayette" TEIform="settlement">Lafayette</settlement>
                            </placeName> .-–June 14.</item><item TEIform="item">Canal Improvement.-–June 14.</item><item TEIform="item">Ginseng (ad.)-–June 28.</item><item TEIform="item">Noah Noble, circular to the public.–-July 19.</item><item TEIform="item">Railroad celebration at <placeName TEIform="placeName">
                                <settlement type="city" key="tgn_2033652" reg="Shelbyville" TEIform="settlement">Shelbyville</settlement>
                            </placeName>.–-July 19.</item><item TEIform="item">Whitewater canal proposed.-–Aug. 16.</item><item TEIform="item">State House, progress of.-–Oct. 3.</item><item TEIform="item">
                            <placeName TEIform="placeName">
                                <settlement type="city" key="tgn_7012924" reg="Indianapolis" TEIform="settlement">Indianapolis</settlement>
                            </placeName>, growth of.-–Oct. 10.</item><item TEIform="item">Canals, etc. (communication).-–Sept. 12.</item><item TEIform="item">Mails, complaints of.–-Dec. 5. </item><item TEIform="item">Railroads.–-Dec. 30.</item></list>
                </p><p TEIform="p">
                    <hi rend="b" TEIform="hi">1835</hi>– <list type="simple" TEIform="list"><item TEIform="item">Ten-mile strip adjoining <placeName TEIform="placeName">
                                <region type="state" key="tgn_7007520" reg="Michigan" TEIform="region">Michigan</region>
                            </placeName> .–-Jan. 13.</item><item TEIform="item">"Track roads."–-Jan. 13.</item><item TEIform="item">Whitewater survey (two communications).–-Jan. 16.</item><item TEIform="item">
                            <placeName TEIform="placeName">
                                <settlement type="city" key="tgn_7012924" reg="Indianapolis" TEIform="settlement">Indianapolis</settlement>
                            </placeName> Athenaaum.–-Feb. 3.</item><item TEIform="item">Davy Crockett and the presidency.-–Feb. 20.</item><item TEIform="item">Town library.-–April 24.</item><item TEIform="item">Railroad surveys.–May 15.</item><item TEIform="item">
                            <placeName TEIform="placeName">
                                <settlement type="city" key="tgn_2033564" reg="Salem" TEIform="settlement">Salem</settlement>
                            </placeName> seminary.-–May 15.</item><pb n="40" id="VAA4025-003-1-040" TEIform="pb"/><item TEIform="item">Athenaeum.–-April 24, May 22.</item><item TEIform="item">Internal improvement.–-June 12.</item><item TEIform="item">Harrison, invitation to.–-June 19.</item><item TEIform="item">Agricultural Society, <placeName TEIform="placeName">
                                <region type="county" key="tgn_1002633" reg="Marion" TEIform="region">Marion County</region>
                            </placeName>, formed.–-July 3.</item><item TEIform="item">Railroad at <placeName TEIform="placeName">
                                <settlement type="city" key="tgn_2033652" reg="Shelbyville" TEIform="settlement">Shelbyville</settlement>
                            </placeName>.-–July 17.</item><item TEIform="item">Irish canal fights.-–July 31.</item><item TEIform="item">Canal celebration.-–July 31.</item><item TEIform="item">Gambling, to check.–-Aug. 16.</item><item TEIform="item">Canals and railroads.–-Aug. 14.</item><item TEIform="item">Railroad surveys.-–Aug. 21.</item><item TEIform="item">County fair, first (ad., and ed.)-–Sept. 11.</item><item TEIform="item">About Indiana.–-Sept. 25.</item><item TEIform="item">County fair.–-Oct. 9 and 16.</item><item TEIform="item">Internal improvement.–-Oct. 16.</item><item TEIform="item">Railroad survey.-–Oct. 16.</item><item TEIform="item">Internal improvements.–-Oct. 23.</item><item TEIform="item">
                            <geogName key="tgn_1130883" reg="Tippecanoe" TEIform="geogName">Tippecanoe</geogName> battle, celebration of.–-Nov. 3 and
                            Dec. 8.</item><item TEIform="item">Internal improvement.–-Nov. 27.</item></list>
                </p><p TEIform="p">
                    <hi rend="b" TEIform="hi">1836</hi>–-<list type="simple" TEIform="list"><item TEIform="item">Canals, central and others.-–Jan. 8.</item><item TEIform="item">Internal improvement bill; passage of.-–Jan. 19.</item><item TEIform="item">Colonization society (long address).-–Feb. 27.</item><item TEIform="item">
                            <placeName TEIform="placeName">
                                <settlement type="city" key="tgn_7012924" reg="Indianapolis" TEIform="settlement">Indianapolis</settlement>
                            </placeName>, law incorporating.-–March 19.</item><item TEIform="item">
                            <placeName TEIform="placeName">
                                <settlement type="city" key="tgn_7012924" reg="Indianapolis" TEIform="settlement">Indianapolis</settlement>
                            </placeName>, peace and safety meeting.-–March 26.</item><item TEIform="item">"Battle of <geogName key="tgn_1130883" reg="Tippecanoe" TEIform="geogName">Tippecanoe</geogName>," poem by Wm.
                            Wallace.-–March 26.</item><item TEIform="item">Tipton, John, speech on Cumberland road bill.–-April 23.</item><item TEIform="item">Temperance society.-–April 30.</item><item TEIform="item">Alexandria, William Conner a proprietor of (ad. of sale).–-May 14.</item><item TEIform="item">Internal improvement bill, great celebration at <placeName TEIform="placeName">
                                <settlement type="city" key="tgn_7014154" reg="Evansville" TEIform="settlement">Evansville</settlement>
                            </placeName> .-–May 21.</item><item TEIform="item">Davy Crockett, sketch of.–-May 28.</item><item TEIform="item">Cumberland road.-–May 28.</item><item TEIform="item">Ratliff Boone.–-June 4.</item><item TEIform="item">Railroad meeting at <placeName TEIform="placeName">
                                <settlement type="city" key="tgn_7012924" reg="Indianapolis" TEIform="settlement">Indianapolis</settlement>
                            </placeName>.–-June 18.</item><item TEIform="item">Internal improvement.-–June 25.</item><item TEIform="item">Agricultural society.–-July 9.</item><item TEIform="item">Public works (canals) ad. for.–-July 16.</item><item TEIform="item">Horse racing, an ordinance against in <placeName TEIform="placeName">
                                <settlement type="city" key="tgn_7012924" reg="Indianapolis" TEIform="settlement">Indianapolis</settlement>
                            </placeName>.-–July 16.</item><pb n="41" id="VAA4025-003-1-041" TEIform="pb"/><item TEIform="item">Internal improvement, series of papers beginning.–-July 23.</item><item TEIform="item">Sales of lots in various towns (ads.)–-Aug. 27.</item><item TEIform="item">
                            <placeName TEIform="placeName">
                                <settlement type="city" key="tgn_2034216" reg="Yorktown" TEIform="settlement">Yorktown</settlement>
                            </placeName> and old Indian town (ad.)–-Sept. 3.</item><item TEIform="item">Port Royal.–-Sept 10.</item><item TEIform="item">Cumberland road, address from an <placeName TEIform="placeName">
                                <settlement type="city" key="tgn_7012924" reg="Indianapolis" TEIform="settlement">Indianapolis</settlement>
                            </placeName> committee.–-Sept. 17.</item><item TEIform="item">Internal improvement, discussion of.–-Sept. 24.</item><item TEIform="item">Davy Crockett, journal of.–-Oct. 8.</item><item TEIform="item">J. B. Dillon, letter from.–-Oct. 8.</item><item TEIform="item">Agricultural fair, addresses before by Calvin Fletcher.-– Oct. 22.</item><item TEIform="item">Specimen of invective: an open letter "to the Lying Hireling Scoundrels who do the dirty work as
                            Editors of the Democrat."–-Nov. 3.</item></list>
                </p><p TEIform="p">
                    <hi rend="b" TEIform="hi">1837</hi>–-<list type="simple" TEIform="list"><item TEIform="item">Colonization society.–-Feb. 11.</item><item TEIform="item">Anti-internal improvement convention.–-April 22.</item><item TEIform="item">Internal improvement (discussion).–-May 6 and May 13.</item><item TEIform="item">Editorial convention.-–June 3.</item><item TEIform="item">Lorenzo Dow (story of).–-July 1.</item><item TEIform="item">Internal improvement fund.–-July 1.</item><item TEIform="item">
                            <placeName TEIform="placeName">
                                <settlement type="city" key="tgn_7012924" reg="Indianapolis" TEIform="settlement">Indianapolis</settlement>
                            </placeName>, bad streets of.–-July 1.</item><item TEIform="item">Asbury University, cornerstone of.-–July 1.</item><item TEIform="item">Story of traveller who planned to make stops at towns on his map, and his quandaries. A stick of
                            hewn timber and a blazed tree constituted "<placeName TEIform="placeName">
                                <settlement type="city" key="tgn_2034000" reg="Vienna" TEIform="settlement">Vienna</settlement>
                            </placeName>."–-July 1.</item><item TEIform="item">
                            <placeName TEIform="placeName">
                                <settlement type="city" key="tgn_7012924" reg="Indianapolis" TEIform="settlement">Indianapolis</settlement>
                            </placeName> library (ad. to return books).–-July 1.</item><item TEIform="item">Ginseng.–-July 1.</item><item TEIform="item">Cooking stoves (ad.)-–July 1.</item><item TEIform="item">Internal improvement funds.–-July 8.</item><item TEIform="item">Lands ceded by Indians.–-July 8.</item><item TEIform="item">Irish riot on <placeName TEIform="placeName">
                                <settlement type="city" key="tgn_2032714" reg="Madison" TEIform="settlement">Madison</settlement>
                            </placeName> railroad (1700 laborers).-–Sept. 9.</item><item TEIform="item">Cumberland Road.–-Sept. 9.</item><item TEIform="item">James B. Ray (letter).-–Sept. 30.</item><item TEIform="item">
                            <placeName TEIform="placeName">
                                <settlement type="city" key="tgn_2032963" reg="Mount Pleasant" TEIform="settlement">Mt. Pleasant</settlement>
                            </placeName>, <placeName TEIform="placeName">
                                <region type="county" key="tgn_1002633" reg="Marion" TEIform="region">Marion county</region>
                            </placeName> (lot sale).–-Oct. 14.</item><item TEIform="item">Premiums awarded at county fair.–-Oct. 28.</item></list>
                </p></div></body></text></TEI.2>