<?xml version="1.0" encoding="UTF-8"?><!DOCTYPE TEI.2 SYSTEM "http://purl.dlib.indiana.edu/iudl/imh/resource/xml/imh_issue.dtd"><TEI.2><teiHeader type="text" status="new" TEIform="teiHeader"><fileDesc TEIform="fileDesc"><titleStmt TEIform="titleStmt"><title TEIform="title">Indiana Magazine of History</title><respStmt TEIform="respStmt"><resp TEIform="resp">Generated by</resp><name TEIform="name">Digital Library Program, Indiana University</name></respStmt></titleStmt><publicationStmt TEIform="publicationStmt"><publisher TEIform="publisher">Digital Library Program, Indiana University</publisher><pubPlace TEIform="pubPlace">Bloomington, IN</pubPlace><date TEIform="date">2007</date><availability status="unknown" TEIform="availability"><p TEIform="p">Copyright 2007 Trustees of Indiana University</p><p TEIform="p">Indiana University provides the information contained in this file for non-commercial,
        personal, or research use only. All other use, including but not limited to commercial or
        scholarly reproductions, redistribution, publication or transmission, whether by electronic
        means or otherwise, without prior written permission of the copyright holder is strictly
        prohibited.</p></availability></publicationStmt><seriesStmt TEIform="seriesStmt"><title TEIform="title">Indiana Magazine of History</title></seriesStmt><sourceDesc default="NO" TEIform="sourceDesc"><biblStruct default="NO" TEIform="biblStruct"><analytic TEIform="analytic"><title TEIform="title">Notes</title></analytic><monogr TEIform="monogr"><title TEIform="title">Indiana Magazine of History</title><imprint TEIform="imprint"><pubPlace TEIform="pubPlace">Bloomington, IN</pubPlace><publisher TEIform="publisher">Indiana University Department of History in cooperation with the Indiana
                                Historical Society</publisher><date TEIform="date">1909</date><biblScope type="issue" TEIform="biblScope">4</biblScope><biblScope type="volume" TEIform="biblScope">5</biblScope><biblScope type="pages" TEIform="biblScope">192-192</biblScope></imprint></monogr></biblStruct></sourceDesc></fileDesc></teiHeader><text><body><pb n="192" id="VAA4025-005-4-056" TEIform="pb"/><div type="editorialMaterial" id="VAA4025-005-4-a08" org="uniform" sample="complete" part="N" TEIform="div"><head TEIform="head">NOTES.</head><p TEIform="p">The <placeName TEIform="placeName">
                        <region type="county" TEIform="region">Henry County</region>
                    </placeName> Historical Society held its semi-annual meeting on Thursday,
                    October 28, at the building of the society in <placeName TEIform="placeName">
                        <settlement type="city" TEIform="settlement">Newcastle</settlement>
                    </placeName>. The program embraced among other things addresses by the
                    president, Adolph Rogers, and by Frank J. Hall, Lieutenant-Governor of Indiana.
                    The officers are Adolph Rogers, president; John Thornburg, secretary; Loring A.
                    Williams, financial secretary; Dr. Thomas M. Gronendyke, treasurer; E. H. Bundy,
                    Henry Charles, B. F. Koons, trustees.</p><p TEIform="p">We have received Publication Number Six of the Old Settler and Historical
                    Association of <placeName TEIform="placeName">
                        <region type="county" TEIform="region">Lake County</region>
                    </placeName>, a pamphlet of twenty-nine pages, selling for 25 cents. It contains
                    papers and addresses of the meeting of the Association at <placeName TEIform="placeName">
                        <settlement type="city" TEIform="settlement">Crown Point</settlement>
                    </placeName>, August 24-25, 1909, and a very interesting account of a trip made
                    to <placeName TEIform="placeName">
                        <settlement type="city" TEIform="settlement">Chicago</settlement>
                    </placeName> from Eagle Creek, <placeName TEIform="placeName">
                        <region type="county" TEIform="region">Lake county</region>
                    </placeName>, in 1838 by Judge David Turner and two companions. The officers of
                    the Association are as follows: President, Sam B. Woods; vice-president, John
                    Hack; recording secretary, Mrs. H. Groman; curator, Mrs. Pattee; treasurer, Miss
                    Edith Dinwiddie; historical secretary, T. H. Ball.</p><p TEIform="p">The <geogName TEIform="geogName">Ohio Valley</geogName> Historical Association held its third annual
                    meeting at <placeName TEIform="placeName">
                  <settlement type="city" TEIform="settlement">Frankfort</settlement>, <region type="state" reg="kyu" TEIform="region">Kentucky</region>
               </placeName>, October 14-16,
                    inclusive. The meeting is reported to have been successful in every respect. The
                    program was an exceptionally good one, both in the character of the subjects
                    discussed and in the selection of speakers.</p></div></body></text></TEI.2>