<?xml version="1.0" encoding="UTF-8"?><!DOCTYPE TEI.2 SYSTEM "http://purl.dlib.indiana.edu/iudl/imh/resource/xml/imh_issue.dtd"><TEI.2><teiHeader type="text" status="new" TEIform="teiHeader"><fileDesc TEIform="fileDesc"><titleStmt TEIform="titleStmt"><title TEIform="title">Indiana Magazine of History</title><respStmt TEIform="respStmt"><resp TEIform="resp">Encoded by</resp><name TEIform="name">Aptara Inc.</name></respStmt></titleStmt><publicationStmt TEIform="publicationStmt"><publisher TEIform="publisher">Digital Library Program, Indiana University</publisher><pubPlace TEIform="pubPlace">Bloomington, IN</pubPlace><date TEIform="date">2007</date><availability status="unknown" TEIform="availability"><p TEIform="p">Copyright 2007 Trustees of Indiana University</p><p TEIform="p">Indiana University provides the information contained in this file for non-commercial,
        personal, or research use only. All other use, including but not limited to commercial or
        scholarly reproductions, redistribution, publication or transmission, whether by electronic
        means or otherwise, without prior written permission of the copyright holder is strictly
        prohibited.</p></availability></publicationStmt><seriesStmt TEIform="seriesStmt"><title TEIform="title">Indiana Magazine of History</title></seriesStmt><notesStmt TEIform="notesStmt"><note type="review" place="unspecified" anchored="yes" TEIform="note">
                    <note type="titleReviewed" place="unspecified" anchored="yes" TEIform="note">A Medical History of Indiana</note>
                    <note type="authorReviewed" place="unspecified" anchored="yes" TEIform="note">G. W. H. Kemper</note>
                </note></notesStmt><sourceDesc default="NO" TEIform="sourceDesc"><biblStruct default="NO" TEIform="biblStruct"><analytic TEIform="analytic"><title TEIform="title">Book Review</title><author TEIform="author">C. B. Coleman</author></analytic><monogr TEIform="monogr"><title TEIform="title">Indiana Magazine of History</title><imprint TEIform="imprint"><pubPlace TEIform="pubPlace">Indianapolis, IN</pubPlace><publisher TEIform="publisher">Published Under the Direction of The Indiana Historical
                                Society</publisher><date TEIform="date">1911</date><biblScope type="issue" TEIform="biblScope">3</biblScope><biblScope type="volume" TEIform="biblScope">7</biblScope><biblScope type="pages" TEIform="biblScope">136-138</biblScope></imprint></monogr></biblStruct></sourceDesc></fileDesc><revisionDesc TEIform="revisionDesc"><change TEIform="change"><date TEIform="date">2007-06-22</date><respStmt TEIform="respStmt"><name TEIform="name">Annette D. Richmond</name></respStmt><item TEIform="item">Changed publication place and publisher</item></change></revisionDesc></teiHeader><text><body><pb n="[136]" id="VAA4025-007-3-048" TEIform="pb"/><div type="bookReview" id="VAA4025-007-3-a08" org="uniform" sample="complete" part="N" TEIform="div"><head TEIform="head">REVIEWS OF BOOKS.</head><head TEIform="head">A MEDICAL HISTORY OF INDIANA.</head><p TEIform="p">[By G. W. H. Kemper, M. D. Illustrated. pp. xxi. 393. American Medical Association Press, <placeName TEIform="placeName">
                        <settlement type="city" TEIform="settlement">Chicago</settlement>
                    </placeName>. Copyright by the Author, <placeName TEIform="placeName">
                        <settlement type="city" TEIform="settlement">Muncie</settlement>
                    </placeName>, Ind., 1911. $2.50.]</p><p TEIform="p">This book contains more reliable biographical information than any book published in recent years
                    relating to Indiana. The author is also entitled to the highest praise for confining his
                    biographical sketches to physicians not now living, thus avoiding the curse of most local histories,
                    the profitable laudatory autobiographical accounts of the men whose vanity makes the history pay the
                    publisher. The title of the work, however, does not indicate precisely its nature. It is rather a
                    history of the medical profession of the State, limited largely to personal sketches. A
                    reviewer's first feeling is one of disappointment that a broader <pb n="137" id="VAA4025-007-3-049" TEIform="pb"/> field was not covered by Dr. Kemper. A medical history of Indiana, to
                    fully justify its name, should deal with the sickness and the health of the people of Indiana. To a
                    layman it seems that there is room and material for an interesting work of this character. The
                    conditions of life in the State have varied greatly during the nearly two centuries of its history;
                    the health of the people, the diseases most prevalent and the generally accepted treatment of them,
                    must also have varied. Facilities for taking care of the sick, statistics of health and disease,
                    sanitary conditions, the presuppositions of the practice of medicine,—these and many
                    other things would form valuable parts of a scientific medical history of the State. But Dr. Kemper
                    is evidently more interested in the doctor than in the patients, and passes them by, For this he may
                    be excused inasmuch as he has chosen to write a history of the doctors of the State rather than the
                    book which the title would seem to call for. But even from his own point of view he is to be
                    criticised for omitting a discussion of hospitals and medical colleges. If the reviewer is not
                    mistaken, some of the most interesting medical history of the State is to be found in the
                    development of these institutions. Only a couple of hospitals and a couple of medical schools seem,
                    in a cursory reading, to be mentioned, and to them altogether only two or three pages are given.</p><p TEIform="p">Dr. Kemper's book, in fact, is practically limited to notes about doctors in Indiana and the
                    practice of medicine as developed in the Indiana State Medical Society (or Association, as it is now
                    styled). The author has been a member of the State Medical Society since 1867, was president in
                    1887, and since 1900 has been chairman of the committee on necrology. To the Transactions of the
                    Indiana State Medical Society for 1901 he contributed a complete index of all the transactions from
                    the beginning of the society in 1849 to 1900. The present volume is a collection of the several
                    articles published in the Journal of the Indiana State Medical Association during the years 1909 and
                    1910 and the earlier months of 1911, and entitled "Sketches of the Medical History of
                    Indiana." It is accordingly more or less fragmentary and unsystematic, and based too
                    exclusively upon notes from <pb n="138" id="VAA4025-007-3-050" TEIform="pb"/> the State Transactions, the Medical
                    Journal and the Journal of the Medical Association.</p><p TEIform="p">Within the boundaries of the field which he chooses to cover Dr. Kemper has done accurate historical
                    work, and a great deal of it. Every page bears evidence of patient efforts to secure information and
                    a careful sifting of evidence to get at the exact truth. A great deal of biographical material and
                    many interesting points in the medical history of the State have thus been brought to light and will
                    be preserved in accurate form. Too great praise can scarcely be given to Dr. Kemper in this respect.
                    His work is so far superior to that of the average local historian that we must not only recognize
                    his reputation as a physician of prominence and skill, but must accord him a high place in the ranks
                    of the historians. He has preserved in permanent form a good history of the medical societies of the
                    State, and has given within one cover and in compact, convenient shape, the titles of the
                    publications of and the most important biographical facts about most of the physicians, not now
                    living, who have practiced their profession within the State of Indiana. There are some interesting
                    collections of cases given, and full information about the achievement which, in the minds of many
                    doctors, stands highest in the medical annals of the State, an operation for gall-stones, the first
                    of its kind in the world, performed in 1867 by Dr. John S. Bobbs, of <placeName TEIform="placeName">
                        <settlement type="city" TEIform="settlement">Indianapolis</settlement>
                    </placeName>, which fairly gave him the title of the founder of cholecystotomy. The respect of the
                    non-professional reader for Dr. Bobbs is increased by the fact that the patient made a complete
                    recovery and is still living at the age of seventy-four. The enthusiastic appreciation of Dr.
                    Kemper's work with which Dr. A. W. Brayton introduces it will be confirmed by any one who
                    reads it or has occasion to use it for reference. We have heard a great deal about the literary men
                    and statesmen of Indiana, and we are all glad to know more about the medical men of Indiana, and to
                    find that they have been an able and a worthy set of men.</p><byline rend="right" TEIform="byline">C. B. C<hi rend="sc" TEIform="hi">OLEMAN</hi>.</byline></div></body></text></TEI.2>