<?xml version="1.0" encoding="UTF-8"?><!DOCTYPE TEI.2 SYSTEM "http://purl.dlib.indiana.edu/iudl/imh/resource/xml/imh_issue.dtd"><TEI.2><teiHeader type="text" status="new" TEIform="teiHeader"><fileDesc TEIform="fileDesc"><titleStmt TEIform="titleStmt"><title TEIform="title">Indiana Magazine of History</title><respStmt TEIform="respStmt"><resp TEIform="resp">Encoded by</resp><name TEIform="name">Aptara Inc.</name></respStmt></titleStmt><publicationStmt TEIform="publicationStmt"><publisher TEIform="publisher">Digital Library Program, Indiana University</publisher><pubPlace TEIform="pubPlace">Bloomington, IN</pubPlace><date TEIform="date">2007</date><availability status="unknown" TEIform="availability"><p TEIform="p">Copyright 2007 Trustees of Indiana University</p><p TEIform="p">Indiana University provides the information contained in this file for non-commercial,
        personal, or research use only. All other use, including but not limited to commercial or
        scholarly reproductions, redistribution, publication or transmission, whether by electronic
        means or otherwise, without prior written permission of the copyright holder is strictly
        prohibited.</p></availability></publicationStmt><seriesStmt TEIform="seriesStmt"><title TEIform="title">Indiana Magazine of History</title></seriesStmt><notesStmt TEIform="notesStmt"><note type="review" place="unspecified" anchored="yes" TEIform="note">
                    <note type="titleReviewed" place="unspecified" anchored="yes" TEIform="note">Political Parties in Oregon, 1843-1868</note>
                    <note type="authorReviewed" place="unspecified" anchored="yes" TEIform="note">Walter C. Woodward</note>
                </note></notesStmt><sourceDesc default="NO" TEIform="sourceDesc"><biblStruct default="NO" TEIform="biblStruct"><analytic TEIform="analytic"><title TEIform="title">Book Review</title><author TEIform="author">J. A. Woodburn</author></analytic><monogr TEIform="monogr"><title TEIform="title">Indiana Magazine of History</title><imprint TEIform="imprint"><pubPlace TEIform="pubPlace">Bloomington, IN</pubPlace><publisher TEIform="publisher">Indiana University Department of History in cooperation with
                                the Indiana Historical Society and the Indiana State Library</publisher><date TEIform="date">1913</date><biblScope type="issue" TEIform="biblScope">3</biblScope><biblScope type="volume" TEIform="biblScope">9</biblScope><biblScope type="pages" TEIform="biblScope">201-202</biblScope></imprint></monogr></biblStruct></sourceDesc></fileDesc><revisionDesc TEIform="revisionDesc"><change TEIform="change"><date TEIform="date">2007-06-26</date><respStmt TEIform="respStmt"><name TEIform="name">Annette D. Richmond</name></respStmt><item TEIform="item">Added additional publisher</item></change></revisionDesc></teiHeader><text><body><pb n="[201]" id="VAA4025-009-3-081" TEIform="pb"/><div type="bookReview" id="VAA4025-009-3-a06" org="uniform" sample="complete" part="N" TEIform="div"><head TEIform="head">REVIEWS AND NOTES</head><head TEIform="head">
               <hi rend="i" TEIform="hi">Political Parties in <placeName TEIform="placeName">
                            <region type="state" reg="oru" TEIform="region">Oregon</region>
                        </placeName>, 1843-1868.</hi> By W<hi rend="sc" TEIform="hi">ALTER</hi> C. W<hi rend="sc" TEIform="hi">OODWARD</hi>. Illustrated. <placeName TEIform="placeName">
                  <settlement type="city" TEIform="settlement">Portland</settlement>, <region type="state" reg="oru" TEIform="region">Oregon</region>
               </placeName>. The J. K. Gill Co. 1913. Pp. xii, 277.</head><p TEIform="p">Mr. Woodward, the author of this volume, is teaching in the Department, of
                    History and Political Science in Earlham College. He had his graduate historical
                    training in the University of <placeName TEIform="placeName">
                        <region type="state" reg="cau" TEIform="region">California</region>
                    </placeName> under Professor H. Morse Stephens and Dr. E. I. McCormac. He was an
                    Oregonian, but he is now an Indianian, and the historical students of Indiana
                    welcome him heartily for the historical Work he has done and gives promise of
                    doing.</p><p TEIform="p">In the early days of our national life it was readily recognized that the sources
                    of our nation's history were to be found chiefly in the States, in the
                    life of the several distinct political bodies that had united to form the Union.
                    Only by a knowledge of the men, deeds, and institutions of each local political
                    community could be understood the life and spirit of the whole. Students of our
                    national politics to-day are coming again to understand more and more fully the
                    value to our national history of good local studies in the political life of the
                    several States. Each State or section has its special interest, its special
                    influence on the life of all, and each makes its special contribution to the
                    story of our common growth. Qualified students of our history are devoting
                    themselves to special studies in State history and are thus presenting valuable
                    contributions to national history. As illustrations of this we may mention the
                    three extensive volumes recently published on the <hi rend="i" TEIform="hi">Political History
                        of the State of <placeName TEIform="placeName">
                            <region type="state" reg="nyu" TEIform="region">New York</region>
                        </placeName>,</hi> by Mr. De Alva S. Alexander, and the more recent <hi rend="i" TEIform="hi">Political History of the State of <placeName TEIform="placeName">
                            <region type="state" reg="nyu" TEIform="region">New York</region>
                        </placeName>,</hi> by Homer A. Stebbins. The history of State politics is
                    replete with subjects for monographic studies. Professor Woodward, of Earlham,
                    brings us one on the political history of <placeName TEIform="placeName">
                        <region type="state" reg="oru" TEIform="region">Oregon</region>
                    </placeName> from the beginning of the final diplomatic struggle for the
                    possession of the <placeName TEIform="placeName">
                        <region type="state" reg="oru" TEIform="region">Oregon</region>
                    </placeName> Country <hi rend="i" TEIform="hi">to</hi> the close of Reconstruction. He
                    relates the local story forcibly, connecting it up pertinently with our national
                    history. He discusses the principle and basis of local self-government; the
                    organization of the new Territory; its control under the Democratic regime; the
                    influence of the sectional discussions over slavery in con- <pb n="202" id="VAA4025-009-3-082" TEIform="pb"/> nection with the <placeName TEIform="placeName">
                        <region type="state" reg="ksu" TEIform="region">Kansas</region>
                    </placeName>-<placeName TEIform="placeName">
                        <region type="state" reg="nbu" TEIform="region">Nebraska</region>
                    </placeName> excitement and the other controversies preceding the Civil War; the
                    effect of the political change of 1860; and the issues of the Civil War and the
                    struggle for the Union. "Old Joe Lane," of Indiana, the first
                    Territorial Governor of <placeName TEIform="placeName">
                        <region type="state" reg="oru" TEIform="region">Oregon</region>
                    </placeName>, was a prominent character in this story. Lane became a pronounced
                    pro-slavery man in active sympathy with aggressive Southern leaders who were
                    urging on the extension of slavery. The general reader will be surprised to
                    learn, as he may from Mr. Woodward's pages, that the Federal official
                    class were exerting their whole influence in favor of the introduction of
                    slavery into <placeName TEIform="placeName">
                        <region type="state" reg="oru" TEIform="region">Oregon</region>
                    </placeName>, in the days of James Buchanan. Lane, elected to the Unites States
                    Senate upon the admission of <placeName TEIform="placeName">
                        <region type="state" reg="oru" TEIform="region">Oregon</region>
                    </placeName> into the Union, was aiding and abetting these efforts, and it was
                    this record that led to Lane's nomination for the Vice-Presidency on
                    the Southern Democratic ticket with Breckinridge in 1860. Lane was popular in <placeName TEIform="placeName">
                        <region type="state" reg="oru" TEIform="region">Oregon</region>
                    </placeName> and the Breckinridge-Lane electors came within less than 300 votes
                    of carrying the State against Lincoln. Lane was an avowed Secessionist. He
                    commended the South for its disunion policy and he hoped that <placeName TEIform="placeName">
                        <region type="state" reg="oru" TEIform="region">Oregon</region>
                    </placeName> would leave a Union that denied "equality and
                    protection" to the States, and help to set up a "Pacific
                    Republic." This policy ended Lane's popularity in <placeName TEIform="placeName">
                        <region type="state" reg="oru" TEIform="region">Oregon</region>
                    </placeName> as the majority there were for the Union and against slavery, and
                    the "Copperhead" speeches of Lane could not turn the tide.
                    Union Democrats and Republicans combined in 1861 to place Col. Edward D. Baker,
                    another prominent national character from <placeName TEIform="placeName">
                        <region type="state" reg="oru" TEIform="region">Oregon</region>
                    </placeName>, in the <placeName TEIform="placeName">
                        <country reg="-us" TEIform="country">United States</country>
                    </placeName> Senate to counteract the influence of Lane, and <placeName TEIform="placeName">
                        <region type="state" reg="oru" TEIform="region">Oregon</region>
                    </placeName> became a pronounced Union State</p><p TEIform="p">Professor Woodward presents many other interesting connections between <placeName TEIform="placeName">
                        <region type="state" reg="oru" TEIform="region">Oregon</region>
                    </placeName> and national politics in his valuable book. The volume will bring
                    him credit and, as has been intimated, it will serve well to illustrate the rich
                    field that is open to students of our national politics. Many good subjects
                    corresponding to this worthy work on <placeName TEIform="placeName">
                        <region type="state" reg="oru" TEIform="region">Oregon</region>
                    </placeName> politics and many inviting periods are awaiting the willing and
                    capable workers in Indiana history. The field will be entered more and more in
                    the near future. Young men and women in our college and university historical
                    seminaries are turning their attention in this direction for new themes for
                    their doctoral dissertations. It will be found to be a profitable field and the
                    result will be the production of much good material, which will prove of value
                    to the future historian of the State as well as of the country at large</p><byline TEIform="byline">J. A. W<hi rend="sc" TEIform="hi">OODBURN</hi>
            </byline></div></body></text></TEI.2>