<?xml version="1.0" encoding="UTF-8"?><!DOCTYPE TEI.2 SYSTEM "http://purl.dlib.indiana.edu/iudl/imh/resource/xml/imh_issue.dtd"><TEI.2><teiHeader type="text" status="new" TEIform="teiHeader"><fileDesc TEIform="fileDesc"><titleStmt TEIform="titleStmt"><title TEIform="title">Indiana Magazine of History</title><respStmt TEIform="respStmt"><resp TEIform="resp">Generated by</resp><name TEIform="name">Digital Library Program, Indiana University</name></respStmt></titleStmt><publicationStmt TEIform="publicationStmt"><publisher TEIform="publisher">Digital Library Program, Indiana University</publisher><pubPlace TEIform="pubPlace">Bloomington, IN</pubPlace><date TEIform="date">2007</date><availability status="unknown" TEIform="availability"><p TEIform="p">Copyright 2007 Trustees of Indiana University</p><p TEIform="p">Indiana University provides the information contained in this file for non-commercial,
        personal, or research use only. All other use, including but not limited to commercial or
        scholarly reproductions, redistribution, publication or transmission, whether by electronic
        means or otherwise, without prior written permission of the copyright holder is strictly
        prohibited.</p></availability></publicationStmt><seriesStmt TEIform="seriesStmt"><title TEIform="title">Indiana Magazine of History</title></seriesStmt><sourceDesc default="NO" TEIform="sourceDesc"><biblStruct default="NO" TEIform="biblStruct"><analytic TEIform="analytic"><title TEIform="title">Indiana Pageants</title></analytic><monogr TEIform="monogr"><title TEIform="title">Indiana Magazine of History</title><imprint TEIform="imprint"><pubPlace TEIform="pubPlace">Bloomington, IN</pubPlace><publisher TEIform="publisher">Indiana University Department of History in cooperation with the Indiana
                                Historical Society</publisher><date TEIform="date">1916</date><biblScope type="issue" TEIform="biblScope">3</biblScope><biblScope type="volume" TEIform="biblScope">12</biblScope><biblScope type="pages" TEIform="biblScope">281-281</biblScope></imprint></monogr></biblStruct></sourceDesc></fileDesc></teiHeader><text><body><pb n="[281]" id="VAA4025-012-3-089" TEIform="pb"/><div type="editorialMaterial" id="VAA4025-012-3-a05" org="uniform" sample="complete" part="N" TEIform="div"><head TEIform="head">Reviews and Notes</head><p rend="center" TEIform="p">I<hi rend="sc" TEIform="hi">NDIANA</hi> P<hi rend="sc" TEIform="hi">AGEANTS</hi>
            </p><p TEIform="p">T<hi rend="sc" TEIform="hi">HE</hi> distinguishing feature of the Centennial Celebration in Indiana is the
                    pageant. The State Historical Commission employed a pageant master, William Chauncey Langdon, to
                    lead in this work. This pageant master has already written and directed the performance of pageants
                    at <placeName TEIform="placeName">
                        <settlement type="city" TEIform="settlement">Bloomingtton</settlement>
                    </placeName> and Corydon. In the first instance the history of the town was joined with the
                    development of the State University to form the theme of the pageant. At Corydon most of the
                    episodes were based on the history of the town while it was the capital of the territory and State.
                    Dr. Charles D. Campbell, professor of Music in the State University, wrote the music for both these
                    pageants and directed the orchestra during its performance. Mr. Langdon and Dr. Campbell are now
                    preparing for the State pageant to be given at <placeName TEIform="placeName">
                        <settlement type="city" TEIform="settlement">Indianapolis</settlement>
                    </placeName>.</p><p TEIform="p">The <placeName TEIform="placeName">
                        <settlement type="city" TEIform="settlement">Fort Wayne</settlement>
                    </placeName> Pageant was given June 6, 7 and 8. Donald Robertson was the pageant master, John L.
                    Verwire prepared the music and David Fuller was stage manager. The six episodes dealt with the
                    Indians, French, English, <placeName TEIform="placeName">
                        <region type="county" TEIform="region">Wayne</region>
                    </placeName>'s Campaign, War of 1812, the Indian Agency, and the Civil War.</p><p TEIform="p">The <placeName TEIform="placeName">
                        <settlement type="city" TEIform="settlement">Vincennes</settlement>
                    </placeName> pageant was presented May 19. The pageant writer was George S. Cottman, who chose from
                    the wealth of <placeName TEIform="placeName">
                        <settlement type="city" TEIform="settlement">Vincennes</settlement>
                    </placeName> history the Indians, Founding of <placeName TEIform="placeName">
                        <settlement type="city" TEIform="settlement">Vincennes</settlement>
                    </placeName>, its capture by Clark, and <placeName TEIform="placeName">
                        <settlement type="city" TEIform="settlement">Vincennes</settlement>
                    </placeName> the capital, as the basis of his episodes.</p><p TEIform="p">The Earlham Pageant at <placeName TEIform="placeName">
                        <settlement type="city" TEIform="settlement">Richmond</settlement>
                    </placeName> was written by Walter Carleton Woodward, Edna Johnson and Mary H. Flanner. This pageant
                    celebrates the migration of the Quakers to the Whitewater Valley, the establishment of. Earlham
                    College and the development of their society in Indiana.</p></div></body></text></TEI.2>