<?xml version="1.0" encoding="UTF-8"?><!DOCTYPE TEI.2 SYSTEM "http://purl.dlib.indiana.edu/iudl/imh/resource/xml/imh_issue.dtd"><TEI.2><teiHeader type="text" status="new" TEIform="teiHeader"><fileDesc TEIform="fileDesc"><titleStmt TEIform="titleStmt"><title TEIform="title">Indiana Magazine of History</title><respStmt TEIform="respStmt"><resp TEIform="resp">Encoded by</resp><name TEIform="name">Aptara Inc.</name></respStmt></titleStmt><publicationStmt TEIform="publicationStmt"><publisher TEIform="publisher">Digital Library Program, Indiana University</publisher><pubPlace TEIform="pubPlace">Bloomington, IN</pubPlace><date TEIform="date">2007</date><availability status="unknown" TEIform="availability"><p TEIform="p">Copyright 2007 Trustees of Indiana University</p><p TEIform="p">Indiana University provides the information contained in this file for non-commercial,
        personal, or research use only. All other use, including but not limited to commercial or
        scholarly reproductions, redistribution, publication or transmission, whether by electronic
        means or otherwise, without prior written permission of the copyright holder is strictly
        prohibited.</p></availability></publicationStmt><seriesStmt TEIform="seriesStmt"><title TEIform="title">Indiana Magazine of History</title></seriesStmt><sourceDesc default="NO" TEIform="sourceDesc"><biblStruct default="NO" TEIform="biblStruct"><analytic TEIform="analytic"><title TEIform="title">Revolutionary Soldier: Record of Jacob Mikesell</title></analytic><monogr TEIform="monogr"><title TEIform="title">Indiana Magazine of History</title><imprint TEIform="imprint"><pubPlace TEIform="pubPlace">Indianapolis, IN</pubPlace><publisher TEIform="publisher">Published Under the Direction of The Indiana Historical
                                Society</publisher><date TEIform="date">1912</date><biblScope type="issue" TEIform="biblScope">3</biblScope><biblScope type="volume" TEIform="biblScope">8</biblScope><biblScope type="pages" TEIform="biblScope">145-145</biblScope></imprint></monogr></biblStruct></sourceDesc></fileDesc><revisionDesc TEIform="revisionDesc"><change TEIform="change"><date TEIform="date">2007-06-25</date><respStmt TEIform="respStmt"><name TEIform="name">Annette D. Richmond</name></respStmt><item TEIform="item">Changed publication place and publisher</item></change></revisionDesc></teiHeader><text><body><pb n="145" id="VAA4025-008-3-045" TEIform="pb"/><div type="scholarlyArticle" id="VAA4025-008-3-a07" org="uniform" sample="complete" part="N" TEIform="div"><head TEIform="head">REVOLUTIONARY SOLDIER.</head><head TEIform="head">RECORD OF JACOB MIKESELL.</head><byline TEIform="byline">Secured by Mrs. Elinor H. Campbell, <placeName TEIform="placeName">
                        <settlement type="city" TEIform="settlement">Jeffersonville</settlement>
                    </placeName>, Indiana.</byline><p TEIform="p">BORN in <placeName TEIform="placeName">
                        <region type="county" TEIform="region">Frederick county</region>
                    </placeName>, <placeName TEIform="placeName">
                        <region type="state" reg="mdu" TEIform="region">Maryland</region>
                    </placeName>, November 2, 1756. Enlisted from that place. Died in <placeName TEIform="placeName">
                        <region type="county" TEIform="region">Clark county</region>
                    </placeName>, Indiana. Buried on the place overlooking the <placeName TEIform="placeName">
                        <region type="state" reg="ohu" TEIform="region">Ohio</region>
                    </placeName> river now known as the Albert Miles farm.</p><p TEIform="p">Dates of Enlistment—July, 1776; August, 1777; 1781.</p><p TEIform="p">Length of Service—Till middle of December, 1776, under Captain Daniel Dorsey and Colonel
                    Josiah Carvel Hall, of <placeName TEIform="placeName">
                        <region type="state" reg="mdu" TEIform="region">Maryland</region>
                    </placeName>; two months in 1777 under Captain Martin Derr and Colonel Baker Johnson, of <placeName TEIform="placeName">
                        <region type="state" reg="mdu" TEIform="region">Maryland</region>
                    </placeName>; one week in 1781 (was impressed with team).</p><p TEIform="p">Application for pension dated September 7, 1832. Residence at that time, <placeName TEIform="placeName">
                        <region type="county" TEIform="region">Jefferson county</region>
                    </placeName>, Indiana.</p></div></body></text></TEI.2>