<?xml version="1.0" encoding="UTF-8"?><!DOCTYPE TEI.2 SYSTEM "http://purl.dlib.indiana.edu/iudl/imh/resource/xml/imh_issue.dtd"><TEI.2><teiHeader type="text" status="new" TEIform="teiHeader"><fileDesc TEIform="fileDesc"><titleStmt TEIform="titleStmt"><title TEIform="title">Indiana Magazine of History</title><respStmt TEIform="respStmt"><resp TEIform="resp">Encoded by</resp><name TEIform="name">Aptara Inc.</name></respStmt></titleStmt><publicationStmt TEIform="publicationStmt"><publisher TEIform="publisher">Digital Library Program, Indiana University</publisher><pubPlace TEIform="pubPlace">Bloomington, IN</pubPlace><date TEIform="date">2007</date><availability status="unknown" TEIform="availability"><p TEIform="p">Copyright 2007 Trustees of Indiana University</p><p TEIform="p">Indiana University provides the information contained in this file for non-commercial,
        personal, or research use only. All other use, including but not limited to commercial or
        scholarly reproductions, redistribution, publication or transmission, whether by electronic
        means or otherwise, without prior written permission of the copyright holder is strictly
        prohibited.</p></availability></publicationStmt><seriesStmt TEIform="seriesStmt"><title TEIform="title">Indiana Magazine of History</title></seriesStmt><sourceDesc default="NO" TEIform="sourceDesc"><biblStruct default="NO" TEIform="biblStruct"><analytic TEIform="analytic"><title TEIform="title">Index of Historical Articles in Indiana Newspapers.</title><author TEIform="author">Florence Venn</author></analytic><monogr TEIform="monogr"><title TEIform="title">Indiana Magazine of History</title><imprint TEIform="imprint"><pubPlace TEIform="pubPlace">Indianapolis, IN</pubPlace><publisher TEIform="publisher">Published Under the Direction of
                                the Indiana Historical Society</publisher><date TEIform="date">1910</date><biblScope type="issue" TEIform="biblScope">4</biblScope><biblScope type="volume" TEIform="biblScope">6</biblScope><biblScope type="pages" TEIform="biblScope">171-174</biblScope></imprint></monogr></biblStruct></sourceDesc></fileDesc><revisionDesc TEIform="revisionDesc"><change TEIform="change"><date TEIform="date">2007-07-10</date><respStmt TEIform="respStmt"><name TEIform="name">Natalie E. Whitted</name></respStmt><item TEIform="item">Created new independent header after changing article from type editorialMaterial to scholarlyArticle.</item></change></revisionDesc></teiHeader><text><body><pb n="[171]" id="VAA4025-006-4-035" TEIform="pb"/><div type="scholarlyArticle" id="VAA4025-006-4-a04" org="uniform" sample="complete" part="N" TEIform="div"><head TEIform="head">INDEX OF HISTORICAL ARTICLES IN INDIANA NEWSPAPERS.</head><head TEIform="head">SEPTEMBER, 1910–NOVEMBER, 1910</head><byline TEIform="byline">
               <hi rend="i" TEIform="hi">PREPARED BY FLORENCE VENN, Reference Librarian, Indiana State
                        Library</hi>.</byline><p rend="center" TEIform="p">Abbreviations: Ind., <placeName TEIform="placeName">
                        <settlement type="city" TEIform="settlement">Indianapolis</settlement>
                    </placeName>; mag. see., magazine section; p., page; c., column.</p><list type="simple" TEIform="list"><item TEIform="item">Antietam, Battle of. Indiana men in battle. <placeName TEIform="placeName">
                            <settlement type="city" TEIform="settlement">South Bend</settlement>
                        </placeName> Tribune, Sept. 17, 1910, p. 7, c. 1.</item><item TEIform="item">Boundaries. History of <placeName TEIform="placeName">
                            <region type="state" reg="ohu" TEIform="region">Ohio</region>
                        </placeName>-Indiana boundary. Ind. News, Nov. 5, 1910, p. 21, c. 1; <placeName TEIform="placeName">
                            <settlement type="city" TEIform="settlement">South Bend</settlement>
                        </placeName> Tribune, Nov. 8, 1910, p. 11, c. 2; <placeName TEIform="placeName">
                            <settlement type="city" TEIform="settlement">Richmond</settlement>
                        </placeName> Palladium, Nov. 8, 1910, p. 4, c. 4.</item><item TEIform="item">Boyce, James. Death of and sketch of life. <placeName TEIform="placeName">
                            <settlement type="city" TEIform="settlement">Muncie</settlement>
                        </placeName> Star, Sept. 2, 1910, p. 14, c. 1.</item><item TEIform="item">Carpenter, Walter T. Death of and sketch of life. <placeName TEIform="placeName">
                            <settlement type="city" TEIform="settlement">Richmond</settlement>
                        </placeName> Item, Sept. 1, 1910, p. 2, c. 3; <placeName TEIform="placeName">
                            <settlement type="city" TEIform="settlement">Richmond</settlement>
                        </placeName> Palladium, Sept. 1, 1910, p. 2, c. 1; Ind. News, Sept. 1, 1910,
                        p. 2, c. 4.</item><item TEIform="item">Cavins, E. H. C. Death of. <placeName TEIform="placeName">
                            <settlement type="city" TEIform="settlement">Lafayette</settlement>
                        </placeName> Courier, Sept. 12, 1910, p. 3, c. 2.</item><item TEIform="item">Church history. Baptist and Methodist services held in
                            <geogName TEIform="geogName">Whitewater valley</geogName> in 1797. <placeName TEIform="placeName">
                            <settlement type="city" TEIform="settlement">Richmond</settlement>
                        </placeName> Palladium, Sept. 19, 1910, p. 5, c. 5.</item><item TEIform="item">— First Protestant services held in <geogName TEIform="geogName">Whitewater
                        valley</geogName>. Ind. News, Sept. 17, 1910, p. 4, c. 3.</item><item TEIform="item">Counties. Bitter fights over county seats in early days. Ind. News, Oct.
                        8. 1910, p. 26, c. 6.</item><item TEIform="item">Eggleston, Edward. Reminiscences of Rev. R. M. Barnes. <placeName TEIform="placeName">
                            <settlement type="city" TEIform="settlement">South Bend</settlement>
                        </placeName> Tribune, Oct. 26, 1910, p. 8, c. 3.</item><item TEIform="item">Friends, Society of. History of meetings in Indiana. Ind. News, Sept. 17,
                        1910, p. 23, c. 2.</item><item TEIform="item">G. A. R. Notre Dame post. <placeName TEIform="placeName">
                            <settlement type="city" TEIform="settlement">South Bend</settlement>
                        </placeName> Tribune, Sept. 24, 1910, p. 3, c. 1.</item><item TEIform="item">
                  <placeName TEIform="placeName">
                            <settlement type="city" TEIform="settlement">Indianapolis</settlement>
                        </placeName>. History of banking in <placeName TEIform="placeName">
                            <settlement type="city" TEIform="settlement">Indianapolis</settlement>
                        </placeName>. Ind. Star, Sept. 6, 1910, p. 13, c. 1.</item><item TEIform="item">— Amusing incidents of early days. Ind. News, Sept. 24, 1910,
                        p. 27, c. 2.</item><pb n="172" id="VAA4025-006-4-036" TEIform="pb"/><item TEIform="item">— History of its fire department. Ind. News, Nov. 11, 1910, p.
                        15.</item><item TEIform="item">— Ezra Meeker's recollections of early <placeName TEIform="placeName">
                            <settlement type="city" TEIform="settlement">Indianapolis</settlement>
                        </placeName>. Ind. Star, Nov. 27, 1910, p. 9, c. 1.</item><item TEIform="item">Jameson, Patrick H. Death of. Ind. News, Oct. 8, 1910, p. 19, c. 3; Ind.
                        Star, Oct. 8, 1910, p. 1, c. 3; <placeName TEIform="placeName">
                            <settlement type="city" TEIform="settlement">Lafayette</settlement>
                        </placeName> Courier, Oct. 8, 1910, p. 5, c. 2.</item><item TEIform="item">
                  <placeName TEIform="placeName">
                            <settlement type="city" TEIform="settlement">Lafayette</settlement>
                        </placeName>. History of <placeName TEIform="placeName">
                            <settlement type="city" TEIform="settlement">Salem</settlement>
                        </placeName> Reformed Church read at its fiftieth anniversary. <placeName TEIform="placeName">
                            <settlement type="city" TEIform="settlement">Lafayette</settlement>
                        </placeName> Courier, Sept. 5, 1910, p. 4, c. 3.</item><item TEIform="item">Maps. Indiana map of 1826. Ind. Star, Oct. 30, 1910, p. 8. c. 2; <placeName TEIform="placeName">
                            <settlement type="city" TEIform="settlement">Muncie</settlement>
                        </placeName> Star, Nov. 1, 1910, p. 10, c. 2; <placeName TEIform="placeName">
                            <settlement type="city" TEIform="settlement">Terre Haute</settlement>
                        </placeName> Star, Nov. 6, 1910, p. 8, c. 2.</item><item TEIform="item">— State map of 1830. <placeName TEIform="placeName">
                            <settlement type="city" TEIform="settlement">Muncie</settlement>
                        </placeName> Star, Oct. 25, 1910, p. 9, c. 2.</item><item TEIform="item">Masons. History of, in <placeName TEIform="placeName">
                     <settlement type="city" TEIform="settlement">Fort
                            Wayne</settlement>. <settlement type="city" TEIform="settlement">Fort
                        Wayne</settlement>
                  </placeName> Journal-Gazette, Oct. 5, 1910, p. 2, c. 1.</item><item TEIform="item">Mexican war. Copy of <placeName TEIform="placeName">
                            <settlement type="city" TEIform="settlement">Evansville</settlement>
                        </placeName> Journal of May 8, 18.16. Ind. News, Sept. 3, 1910, p. 5, c. 5.</item><item TEIform="item">— Indiana in the war. Ind. Star, Sept. 4, 1910, p. 8, c. 1.</item><item TEIform="item">— Part played by 2nd Indiana as told by Gen. McNaught. Ind.
                        Star, Sept. 11, 1910, p. 12, c. 1.</item><item TEIform="item">Mexican war veterans. Last meeting of national association. Ind. News,
                        Sept. 6, 1910, p. 1, c. 8; Ind. Star, Sept. 7, 1910, p. 3, c. 1.</item><item TEIform="item">Meyers, J. F. W. Death of pioneer <placeName TEIform="placeName">
                            <settlement type="city" TEIform="settlement">Ft. Wayne</settlement>
                        </placeName> druggist. <placeName TEIform="placeName">
                            <settlement type="city" TEIform="settlement">Ft. Wayne</settlement>
                        </placeName> Journal-Gazette, Sept. 8, 1910, p. 1, c. 7.</item><item TEIform="item">Minerva club. Description of first woman's club in
                                <placeName TEIform="placeName">
                     <country TEIform="country">America</country>. <settlement type="city" TEIform="settlement">Richmond</settlement>
                  </placeName> Item, Oct. 25, 1910, p. 4, c. 3; <placeName TEIform="placeName">
                            <settlement type="city" TEIform="settlement">South Bend</settlement>
                        </placeName> Tribune, Nov. 11, 1910, p. 6, c. 3.</item><item TEIform="item">— Pictures of house where club was founded and of its founder. <placeName TEIform="placeName">
                            <settlement type="city" TEIform="settlement">Richmond</settlement>
                        </placeName> Item, Oct. 26, 1910, p. 2, c. 4.</item><item TEIform="item">Moody, William Vaughn. Death of. Ind. News, Oct. 18, 1910, p. 4, c. 5;
                        Ind. Star, Oct. 18, 1910, p. 1, c. 4.</item><item TEIform="item">
                  <placeName TEIform="placeName">
                            <settlement type="city" TEIform="settlement">Muncie</settlement>
                        </placeName>. Main street fifty years ago. <placeName TEIform="placeName">
                            <settlement type="city" TEIform="settlement">Muncie</settlement>
                        </placeName> Press, Sept. 1, 1910, p. 9, c. 2.</item><item TEIform="item">Names, geographical. Mixed origin of many names on Indiana's map.
                        Ind. News, Sept. 24, 1910, p. 18, c. 1.</item><item TEIform="item">National road. National road and taverns in <placeName TEIform="placeName">
                     <region type="county" TEIform="region">Wayne county</region>. <settlement type="city" TEIform="settlement">Richmond</settlement>
                  </placeName> Palladium, Oct. 2, 1910,
                        financial and historical section, p. 24, c. 3.</item><pb n="173" id="VAA4025-006-4-037" TEIform="pb"/><item TEIform="item">Newspapers. Reproduction of page of <placeName TEIform="placeName">
                            <settlement type="city" TEIform="settlement">Richmond</settlement>
                        </placeName> Palladium of August 27, 1831. <placeName TEIform="placeName">
                            <settlement type="city" TEIform="settlement">Richmond</settlement>
                        </placeName> Palladium, Oct. 7, 1910, p. 1, c. 4.</item><item TEIform="item">Peru. History and 75th anniversary of Presbyterian Church. <placeName TEIform="placeName">
                            <settlement type="city" TEIform="settlement">Muncie</settlement>
                        </placeName> Star, Nov. 23, 1910, p. 6, c. 4.</item><item TEIform="item">Pfeiffer, John C. Death of <placeName TEIform="placeName">
                            <region type="county" TEIform="region">Allen county</region>
                        </placeName> pioneer. <placeName TEIform="placeName">
                            <settlement type="city" TEIform="settlement">Ft. Wayne</settlement>
                        </placeName> Journal-Gazette, Sept. 5, 1910, p. <hi rend="i" TEIform="hi">7</hi>, c. 4.</item><item TEIform="item">Regimental histories. Reunion and history of First and Eighteenth Infantry
                        and First battery. <placeName TEIform="placeName">
                            <settlement type="city" TEIform="settlement">Richmond</settlement>
                        </placeName> Item, Oct. 19, 1910, p. 6, c. 4.</item><item TEIform="item">— Sketch of 160th regiment. <placeName TEIform="placeName">
                            <settlement type="city" TEIform="settlement">Muncie</settlement>
                        </placeName> Star, Sept. 4, 1910, p. 9, c. 1.</item><item TEIform="item">Regimental histories. List of veterans attending reunion of 8th and 18th
                        infantry and 1st battery. <placeName TEIform="placeName">
                            <settlement type="city" TEIform="settlement">Richmond</settlement>
                        </placeName> Palladium, Oct. 21, 1910, p. 4, c. 4.</item><item TEIform="item">— 29th regt. Reunion of. <placeName TEIform="placeName">
                            <settlement type="city" TEIform="settlement">South Bend</settlement>
                        </placeName> Tribune, Sept. 7, 1910, p. 4, c. 3.</item><item TEIform="item">
                  <placeName TEIform="placeName">
                            <settlement type="city" TEIform="settlement">Richmond</settlement>
                        </placeName>. History of. <placeName TEIform="placeName">
                            <settlement type="city" TEIform="settlement">Richmond</settlement>
                        </placeName> Item, Oct. 7, 1910, p. 2.</item><item TEIform="item">St. Clair, Arthur. Story of his life. Ind. News, Sept. 10, 1910, p. 26, c.
                        5.</item><item TEIform="item">
                  <geogName TEIform="geogName">St. Joseph river</geogName>. Early navigation on. <placeName TEIform="placeName">
                            <settlement type="city" TEIform="settlement">South Bend</settlement>
                        </placeName> Tribune, Sept. 1, 1910, p. 4, c. 1.</item><item TEIform="item">Schools. Half a century's advance in <placeName TEIform="placeName">
                            <settlement type="city" TEIform="settlement">Parker City</settlement>
                        </placeName>'s schoolhouses.<placeName TEIform="placeName">
                            <settlement type="city" TEIform="settlement">Muncie</settlement>
                        </placeName> Star, Oct. 7, 1910, p. 6, c. 2.</item><item TEIform="item">
                  <placeName TEIform="placeName">
                            <settlement type="city" TEIform="settlement">South Bend</settlement>
                        </placeName>. History and 75th anniversary of First M. E. church. <placeName TEIform="placeName">
                            <settlement type="city" TEIform="settlement">South Bend</settlement>
                        </placeName> Tribune, Nov. 19, 1910, p. 18, c. 1.</item><item TEIform="item">
                  <placeName TEIform="placeName">
                            <settlement type="city" TEIform="settlement">Terre Haute</settlement>
                        </placeName>. Railroads figure in city's development. <placeName TEIform="placeName">
                            <settlement type="city" TEIform="settlement">Terre Haute</settlement>
                        </placeName> Star, Nov. 6, 1910, p. 29, c. 1.</item><item TEIform="item">— Ranks high as interurban center. <placeName TEIform="placeName">
                            <settlement type="city" TEIform="settlement">Terre Haute</settlement>
                        </placeName> Star, Nov. 6, 1910, hist. sec., p. 2, c. 1.</item><item TEIform="item">— Prominent men. <placeName TEIform="placeName">
                            <settlement type="city" TEIform="settlement">Terre Haute</settlement>
                        </placeName> Star, Nov. 6, 1910, hist. sec.</item><item TEIform="item">
                  <placeName TEIform="placeName">
                            <settlement type="city" TEIform="settlement">Wabash</settlement>
                        </placeName>. First city in the world to be lighted with electricity. <placeName TEIform="placeName">
                            <settlement type="city" TEIform="settlement">Muncie</settlement>
                        </placeName> Press, Sept. 9, 1910, p. 4, c. 4.</item><item TEIform="item">
                  <placeName TEIform="placeName">
                            <region type="county" TEIform="region">Wayne county</region>
                        </placeName>. History and prominent men. Ind. News, Oct. 1, 1910, p. 14.</item><item TEIform="item">— History of. <placeName TEIform="placeName">
                            <settlement type="city" TEIform="settlement">Richmond</settlement>
                        </placeName> Palladium, Oct. 2, 1910, financial and historical section, p.
                        1.</item><item TEIform="item">— Pioneers had trouble with Indians. <placeName TEIform="placeName">
                            <settlement type="city" TEIform="settlement">Richmond</settlement>
                        </placeName> Palladium. Oct. 2, 1910, p. 6, c. 5.</item><pb n="174" id="VAA4025-006-4-038" TEIform="pb"/><item TEIform="item">— Some of its noted men. <placeName TEIform="placeName">
                            <settlement type="city" TEIform="settlement">Richmond</settlement>
                        </placeName> Palladium, Oct. 3, 1910, p. 4, c. 5.</item><item TEIform="item">— Friendly to slaves. <placeName TEIform="placeName">
                            <settlement type="city" TEIform="settlement">Richmond</settlement>
                        </placeName> Palladium, Oct. 3, 1910, p. 4, c. 5.</item><item TEIform="item">
                  <geogName TEIform="geogName">Whitewater valley</geogName>. Earliest Protestant church service
                        in Indiana held there. Ind. News, Sept. 17, 1910, p. 4, c. 3.</item><item TEIform="item">— Baptist and Methodist services held in 1797. <placeName TEIform="placeName">
                            <settlement type="city" TEIform="settlement">Richmond</settlement>
                        </placeName> Palladium, Sept. 19, 1910, p. 5, c. 5.</item><item TEIform="item">Women's clubs. <placeName TEIform="placeName">
                            <settlement type="city" TEIform="settlement">New Harmony</settlement>
                        </placeName> Minerva club the first women's club in
                                <placeName TEIform="placeName">
                     <country TEIform="country">America</country>. <settlement type="city" TEIform="settlement">South
                                Bend</settlement>
                  </placeName> Tribune, Nov. 11, 1910, p. 6, c. 3.</item><item TEIform="item">— Pictures of house in which Minerva club was founded and of
                        its founder. <placeName TEIform="placeName">
                            <settlement type="city" TEIform="settlement">Richmond</settlement>
                        </placeName> Item, Oct. 26, 1910, p. 2, c. 4.</item></list></div></body></text></TEI.2>