<?xml version="1.0" encoding="UTF-8"?><!DOCTYPE TEI.2 SYSTEM "http://purl.dlib.indiana.edu/iudl/imh/resource/xml/imh_issue.dtd"><TEI.2><teiHeader type="text" status="new" TEIform="teiHeader"><fileDesc TEIform="fileDesc"><titleStmt TEIform="titleStmt"><title TEIform="title">Indiana Magazine of History</title><respStmt TEIform="respStmt"><resp TEIform="resp">Encoded by</resp><name TEIform="name">Aptara Inc.</name></respStmt></titleStmt><publicationStmt TEIform="publicationStmt"><publisher TEIform="publisher">Digital Library Program, Indiana University</publisher><pubPlace TEIform="pubPlace">Bloomington, IN</pubPlace><date TEIform="date">2007</date><availability status="unknown" TEIform="availability"><p TEIform="p">Copyright 2007 Trustees of Indiana University</p><p TEIform="p">Indiana University provides the information contained in this file for non-commercial,
        personal, or research use only. All other use, including but not limited to commercial or
        scholarly reproductions, redistribution, publication or transmission, whether by electronic
        means or otherwise, without prior written permission of the copyright holder is strictly
        prohibited.</p></availability></publicationStmt><seriesStmt TEIform="seriesStmt"><title TEIform="title">Indiana Magazine of History</title></seriesStmt><sourceDesc default="NO" TEIform="sourceDesc"><biblStruct default="NO" TEIform="biblStruct"><analytic TEIform="analytic"><title TEIform="title">Indiana Geographical Nomenclature</title><author TEIform="author">Jacob Piatt Dunn</author></analytic><monogr TEIform="monogr"><title TEIform="title">Indiana Magazine of History</title><imprint TEIform="imprint"><pubPlace TEIform="pubPlace">Indianapolis, IN</pubPlace><publisher TEIform="publisher">Published Under the Direction of The Indiana Historical
                                Society</publisher><date TEIform="date">1912</date><biblScope type="issue" TEIform="biblScope">3</biblScope><biblScope type="volume" TEIform="biblScope">8</biblScope><biblScope type="pages" TEIform="biblScope">109-114</biblScope></imprint></monogr></biblStruct></sourceDesc></fileDesc><revisionDesc TEIform="revisionDesc"><change TEIform="change"><date TEIform="date">2007-06-25</date><respStmt TEIform="respStmt"><name TEIform="name">Annette D. Richmond</name></respStmt><item TEIform="item">Changed publication place and publisher</item></change></revisionDesc></teiHeader><text><body><pb n="[109]" id="VAA4025-008-3-009" TEIform="pb"/><div type="scholarlyArticle" id="VAA4025-008-3-a02" org="uniform" sample="complete" part="N" TEIform="div"><head TEIform="head">INDIANA GEOGRAPHICAL NOMENCLATURE.</head><byline TEIform="byline">JACOB PIATT DUNN</byline><p TEIform="p">WHEN I was preparing my "True Indian Stories," I made a special study of all
                    Indiana geographical names supposed to be of Indian origin, and found most of them much corrupted
                    and commonly misunderstood. The only possible way to get at their real form and meaning was to go to
                    the Indians for the Indian names. In the interest of accurate information, I offer the following
                    corrections of the origin of some of the Indiana names, given by Gannett, and published in your last
                    number:</p><p TEIform="p">Amo: The word for "honey-bee" in the Ojibwa and Potawatomi languages is, ah-mo. The
                    Miami form of the word is ah-mah-wi-ah (literally "the gatherer"). It is
                    historically certain that the name of our Indiana town did not come from this source. It was laid
                    out in 1850 by Joseph Morris, and was originally called Morrisville. Half a dozen years later it had
                    been made a postoffice; and Isaac Larrance was postmaster. In those days there were no rubber stamps
                    or dating machines, and the postmaster had to write the name of the postoffice and date of mailing
                    on each piece of mail. Larrance decided that a shorter name would be an improvement; and his
                    daughter, who was studying Latin, suggested Amo ("I love") as both short and
                    sweet. Larrance recommended the change to the department, and it was adopted.</p><p TEIform="p">Calumet: This is a corruption of the Indian name of the stream, which appears on old maps as
                    Cal-la-mick, Kil-la-mick, Ken-no-mick, Ken-nou-mic, or, in the locative form, Ken-no-mo-konk. All of
                    these are dialect variations of the same word, used by the several Algonquian tribes who have, or
                    lack, the sound of "l" in their languages. The name varies from Ge-kel-e-muk in
                    the <placeName TEIform="placeName">
                        <region type="state" reg="deu" TEIform="region">Delaware Lo Ken-nom-kyah</region>
                    </placeName> in the Potawatomi, but in all cases it means a long body of deep, still water.</p><p TEIform="p">
               <placeName TEIform="placeName">
                        <region type="county" TEIform="region">Daviess</region>
                    </placeName>: The gallant colonel's name was Daveiss, and he always wrote it that way. We
                    have inverted the "e" and 'i," and altered the pronunciation.</p><pb n="110" id="VAA4025-008-3-010" TEIform="pb"/><p TEIform="p">Dishmaugh: The idea that this name means "Lake of the Monks" is due to a false
                    assumption that the French called it Lac des Moines. The lake is at the head of Trail creek, which
                    the French called Riviere du Chemin; and they called the lake Lac du Chemin. Dishmaugh is an
                    American corruption of du chemin. The American public usually make wild work of
                    "chemin." For example, the "Smackover river," in <placeName TEIform="placeName">
                        <region type="state" reg="aru" TEIform="region">Arkansas</region>
                    </placeName>, is the popular reproduction of chemin couvert, or "covered road."
                    Both the French and American names of our creek are translations of the Potawatomi name,
                    Me-eh-way-se-be-weh, and the name was given because the old Potawatomi trail from <placeName TEIform="placeName">
                        <settlement type="city" TEIform="settlement">Chicago</settlement>
                    </placeName> to <placeName TEIform="placeName">
                        <settlement type="city" TEIform="settlement">Niles</settlement>
                    </placeName>, <placeName TEIform="placeName">
                        <region type="state" reg="miu" TEIform="region">Michigan</region>
                    </placeName>, ran along Trail creek to its source.</p><p TEIform="p">
               <geogName TEIform="geogName">Eel River</geogName>: There are two Eel rivers in Indiana. The Miami name of the one that
                    empties into the <placeName TEIform="placeName">
                        <region type="county" TEIform="region">Wabash</region>
                    </placeName> at <placeName TEIform="placeName">
                        <settlement type="city" TEIform="settlement">Logansport</settlement>
                    </placeName> is Ke-na-pe-kwo-nia-kwah, which is their word for eel—literally
                    "snake-fish." In Chamberlain's Gazetteer (1850) the name of this stream
                    is given as Sho-a-niaque, but this is probably a confusion with the Eel river that is tributary to
                    White river. This was in the <placeName TEIform="placeName">
                        <region type="state" reg="deu" TEIform="region">Delaware</region>
                    </placeName> country, and the <placeName TEIform="placeName">
                        <region type="state" reg="deu" TEIform="region">Delaware</region>
                    </placeName> word for "eel" is schach-a-niack, or "slippery
                    fish." The Indian names on Hough's map, in the Indiana Geological Report for 1882,
                    are fairly accurate, but the appended notes by Judge Beckwith are chiefly absurd attempts to
                    construct Miami words from Ojibwa stems.</p><p TEIform="p">Indiana: The name was originally constructed to designate a tract of land in <placeName TEIform="placeName">
                        <region type="state" reg="pau" TEIform="region">Pennsylvania</region>
                    </placeName> ceded by the Indians at the treaty of Fort Stanwix in 1768; and still exists at the
                    place of its origin in the name of <placeName TEIform="placeName">
                        <region type="county" TEIform="region">Indiana county</region>
                    </placeName>. It was merely transferred to our State.</p><p TEIform="p">Iroquois: There have been various surmises as to this name, but the Iroquois authorities of the
                    Bureau of Ethnology have. settled on its derivation from, meaning "real adders" or
                    serpents. (Hand-book of American Indians, title Iroquois.)</p><p TEIform="p">
               <placeName TEIform="placeName">
                        <settlement type="city" TEIform="settlement">Kokomo</settlement>
                    </placeName>: Neither the translation "young grandmother," not those of
                    "black walnut" and "bear chief," which have also been. given for
                    the word, have any foundation in fact. It is a Miami name, and the Miami for "young
                    grandmother" is Kwe-sa-ko-ko- <pb n="111" id="VAA4025-008-3-011" TEIform="pb"/> men. There is no Miami
                    word approximating <placeName TEIform="placeName">
                        <settlement type="city" TEIform="settlement">Kokomo</settlement>
                    </placeName> as we pronounce it, but if you put the accent on the middle syllable, make the first
                    "o") long, as in "cold," and the second and third
                    "o"s short, as in "hot," you have the original; for the Indians
                    say it was named for a Thorntown Miami whose name was "Ko-kahmah." His name
                    appears in the treaty at the Forks of the <placeName TEIform="placeName">
                        <region type="county" TEIform="region">Wabash</region>
                    </placeName>, in 1834, as "Co-come-wah." The name may be translated "the
                    diver," i. e., something animate that goes under the water.</p><p TEIform="p">
               <placeName TEIform="placeName">
                        <settlement type="city" TEIform="settlement">Logansport</settlement>
                    </placeName>: It is stated that Captain Logan was the son of a sister of Tecumthe. He was a Shawnee
                    boy who was captured in the expedition against the towns on Mad river, in 1786, and was adopted and
                    brought up by General Logan of <placeName TEIform="placeName">
                        <region type="state" reg="kyu" TEIform="region">Kentucky</region>
                    </placeName>, whose name he took. He was a faithful friend of the whites, and lost his life in their
                    service in 1812. His Indian name—written variously from Spamagelabe to Spemica
                    Lawba—means "the high horn."</p><p TEIform="p">Metea: Our town was named for the Potawatomi chief Me-te-ah ("kiss me"), whom
                    McCoy, in his History of Baptist Missions, calls "Meteor." His village, on the <placeName TEIform="placeName">
                        <region type="county" TEIform="region">St. Joseph</region>
                    </placeName>, some nine miles above <placeName TEIform="placeName">
                        <region type="county" TEIform="region">Ft. Wayne</region>
                    </placeName>, at the mouth of Cedar creek, was called Mus-kwah-wah-se-pe-o-tan, or Cedar Creek Town.</p><p TEIform="p">Miami: This is the French form of the name of our principal Indian tribe, and as pronounced in
                    French—me-ah-me—is the proper Indian name. We have adopted the French
                    spelling, but Anglicized the pronunciation to My-am-my. Maumee is an attempt at the reproduction of
                    the same word in English orthography. The name is certainly not the Miami for
                    "mother" (ningi-ah, my mother; ki-ki-ah, your mother) nor their word for the wild
                    pigeon, which is me-me-ah. The Miamis themselves cannot give any meaning for it, which is pretty
                    conclusive evidence that it is not from their language. The earliest French explorers and
                    missionaries wrote the name Oumiamiak, varied to Miamiaouek, Miamiak, etc. The first syllable
                    "ou" is one of the uncertainties in pioneer French orthography. It may represent
                    the sound of "oo" in "boot," or of "o" in
                    "cold," or of "w," which is not included in the French alphabet.
                    The last use is very common, as, <pb n="112" id="VAA4025-008-3-012" TEIform="pb"/> for example, in <placeName TEIform="placeName">
                        <settlement type="city" TEIform="settlement">Ouabache</settlement>
                    </placeName> (<placeName TEIform="placeName">
                        <region type="county" TEIform="region">Wabash</region>
                    </placeName>), or in <placeName TEIform="placeName">
                        <settlement type="city" TEIform="settlement">Miamiouek</settlement>
                    </placeName>. The name is most probably the <placeName TEIform="placeName">
                        <region type="state" reg="deu" TEIform="region">Delaware</region>
                    </placeName> We-mi-a-mik, by which the Miamis are designated in the Walum Olum. It means literally
                    "all beavers," figuratively "all friends"; and very accurately
                    expresses the relations of the Miamis to the Delawares.</p><p TEIform="p">
               <placeName TEIform="placeName">
                        <settlement type="city" TEIform="settlement">Mishawaka</settlement>
                    </placeName>: This is the Potawatomi m'sheh-wah-keek, a contraction of
                    m'sheh-wah-kee-ki, which means "country of dead trees." The Indians say
                    there was at this place a tract of dead timber, probably caused by fire, which gave rise to the
                    name.</p><p TEIform="p">Mississinewa: This is plainly a corruption of the Miami name of the stream, which is
                    Na-mah-chis-sin-wi. This means literally "it slants," or as the Indians say, it
                    means "much fall in the river."</p><p TEIform="p">Modoc: This name is said by the best authorities to have been given this tribe by the hostile tribe
                    of Shasteecas; and means "enemies."</p><p TEIform="p">
               <placeName TEIform="placeName">
                        <settlement type="city" TEIform="settlement">Muncie</settlement>
                    </placeName>: This is the name of the Wolf clan of the <placeName TEIform="placeName">
                        <region type="state" reg="deu" TEIform="region">Delaware</region>
                    </placeName> nation, written variously Munsee, Monsey, Monthee, etc., but more properly Min-si or
                    Min-thi-u. It means "people of the stony country"—they lived back from
                    the coast, in the mountains. They did not come to Indiana permanently until about 1750. The name of
                    their town, at the site of <placeName TEIform="placeName">
                        <settlement type="city" TEIform="settlement">Muncie</settlement>
                    </placeName>, which is written variously, from Wa-pi-ka-mi-kunk to Wa-pi-com-i-koke, means
                        <geogName TEIform="geogName">White River</geogName> Town. Some local histories say the original town was a little
                    higher up the river, and that it was called "Ou-tain-ink." This arises from a
                    misunderstanding of the <placeName TEIform="placeName">
                        <region type="state" reg="deu" TEIform="region">Delaware</region>
                    </placeName> word u-ten-ink, which means site of the town, or place where the town was.</p><p TEIform="p">Muscatatuck: There is no excuse for this spelling, which was not used while the Delawares were in the
                    State, as is seen in the following: "Muscacketuck," Laws of 1815, p. 4;
                    "Muscacketuck," John Melish's map, 1817; "Muskakituck,"
                    Tanner's American Atlas, 1819; "Muscackituck," Laws of 1820, p. 51;
                    "Muscakituck," Laws of 1821, p. 68. In his Gazetteer, Chamberlain, who makcs it
                    Muscackituck at p. 329, and Muscakituk at pages 208 and 215, says: "In Indian
                    Mesh-caque-tuck, or Pond river, from many <pb n="113" id="VAA4025-008-3-013" TEIform="pb"/> stagnant places in
                    low water." There is nothing in the word to indicate this meaning. Indeed, the opposite is
                    implied in the ending "hit-tuk," which is applied to small rivers, or large
                    creeks, and usually to rapid ones. There are no ponds or stagnant pools in the Muscackituck
                    now,—much less before the forests were cut off. The name is <placeName TEIform="placeName">
                        <region type="state" reg="deu" TEIform="region">Delaware</region>
                    </placeName>, compounded of "mosch-ach-gcu," which means
                    "clear," "not turbid," and "hit-tuk," i. e.,
                    Mosch-ach-hit-tuk (ch as in German) or Clear river.</p><p TEIform="p">Redwood: Algonquian words that mean literally "red wood" all refer to cedar trees.
                    The Miami word for what we call the red-bud, or Judas tree, is i-on-za-wi-kish.</p><p TEIform="p">
               <placeName TEIform="placeName">
                        <region type="county" TEIform="region">Tippecanoe</region>
                    </placeName>: The Potawatomi name of this stream is Ke-tap-e-kon, and the Miami name Ke-tap-kwa-na,
                    both of which are the names of the buffalo fish, which was always plentiful in the stream. Our word, "<placeName TEIform="placeName">
                        <region type="county" TEIform="region">Tippecanoe</region>
                    </placeName>," is corruption of the name of the town at its mouth, which was
                    Ke-tap-e-kon-nong, or as usually written by Americans Keth-tip-pe-can-nunk, i. e., the terminal
                    locative added to the name of the stream. "Canoe" is not a word of any Indian
                    tribe in <placeName TEIform="placeName">
                        <region type="county" TEIform="region">North America</region>
                    </placeName>.</p><p TEIform="p">
               <placeName TEIform="placeName">
                        <region type="county" TEIform="region">Vermillion</region>
                    </placeName>: The county (properly <placeName TEIform="placeName">
                        <region type="county" TEIform="region">Vermillion</region>
                    </placeName>, because it was so named by the law creating it) was named from the tributary of the <placeName TEIform="placeName">
                        <region type="county" TEIform="region">Wabash</region>
                    </placeName> at that point, which the French called "Vermillon Jaune," i. e.,
                    red-yellow. Colonel Croghan says in his journal that the stream was "so called from a fine
                    red earth found there by the Indians, with which they paint themselves." On
                    Hough's map the Indian name is given as "O-san-a-mon." This is the old
                    Algonquian word for vermilion paint, which Schoolcraft derives from o-sa-wa,
                    "yellow," and u-ni-mun, the name of a plant from which the Indians made a red dye.
                    (Memoirs, p. 158.) The French name is an exact translation of this, and a very good description of
                    the color.</p><p TEIform="p">
               <placeName TEIform="placeName">
                        <region type="county" TEIform="region">Wabash</region>
                    </placeName>: This is plainly an abbreviated corruption of the Miami name of the stream, which is
                    Wah-bah-shik-ki (or Wahpah-shik-ki, the sounds of "b" and "p"
                    being convertible in the Miami, as in most of the Algonquian languages). The stem wahbah means
                    "white," and the declensional ending, shik-ki, implies <pb n="114" id="VAA4025-008-3-014" TEIform="pb"/> that the object qualified is pure or bright in color, inanimate, and
                    natural—as distinguished from artificial. It could not be applied, for example, to paper,
                    or cloth, the proper form for them being wah-pah-kin-gi. But it is applied properly to white stones,
                    shells, etc., and the name was given to the river on acount of the limestone bed in its upper part.
                    The delusion that it means "a cloud driven forward by an equinoctial wind" arose
                    from mistaking an illustration for a definition. Somebody has asked an Indian for the meaning of <placeName TEIform="placeName">
                        <region type="county" TEIform="region">Wabash</region>
                    </placeName>, and he, looking about for something inanimate, natural, and pure white, has pointed to
                    a cloud, and said: "That's wabash." It was in the spring or fall, and the
                    wind was blowing, so the seeker for information put on the poetry "a cloud driven forward
                    by the equinoctial wind," and entirely missed the Indian's meaning. I was once
                    discussing the word with some Miamis, when old She-kwi-ah (William Godfroy) picked up a flat piece
                    of limestone, pointed to a fossil shell which stood out clear white against the gray of the stone,
                    and said: "That's wah-pah-shik-ki." If I had not been on my guard I might
                    have recorded that, "wah-pah-shik-ki is a fossil shell, of the genus spirifer, imbedded in <placeName TEIform="placeName">
                        <settlement type="city" TEIform="settlement">Niagara</settlement>
                    </placeName> limestone"; but all that he meant was that it was pure white, inanimate and
                    natural.</p><p TEIform="p">
               <geogName TEIform="geogName">White River</geogName>: The Miami name of the stream is Wah-pi-ka-me-ki, or White Waters.
                    The Delawares at first used the same name (varied to O-pe-ka-me-ki in the Unami dialect), but later
                    used Wah-pi-han-ni, or White river. The French name Riviere Blanche is an exact translation of this.</p><p TEIform="p">Winamac: This word, written variously "We-ne-mec," "We-na-meck,"
                    "Win-ni-meg," "Wi-ne-mack," "Wy-ne-mac," etc.,
                    is the Potawatomi name of the catfish, compounded of wee-nud, meaning "turbid," or
                    "muddy," and mak, "a fish." It is used quite commonly by the
                    Potawatomis as a personal name, and the person for whom our town is named was a Potawatomi chief who
                    was rather prominent in 1812. and who died in 1821. A sketch of him will be found in
                    Thatcher's "Indian Biographies," p. 214.</p></div></body></text></TEI.2>