<?xml version="1.0" encoding="UTF-8"?><!DOCTYPE TEI.2 SYSTEM "http://purl.dlib.indiana.edu/iudl/imh/resource/xml/imh_issue.dtd"><TEI.2><teiHeader type="text" status="new" TEIform="teiHeader"><fileDesc TEIform="fileDesc"><titleStmt TEIform="titleStmt"><title TEIform="title">Indiana Magazine of History</title><respStmt TEIform="respStmt"><resp TEIform="resp">Encoded by</resp><name TEIform="name">Aptara Inc.</name></respStmt></titleStmt><publicationStmt TEIform="publicationStmt"><publisher TEIform="publisher">Digital Library Program, Indiana University</publisher><pubPlace TEIform="pubPlace">Bloomington, IN</pubPlace><date TEIform="date">2007</date><availability status="unknown" TEIform="availability"><p TEIform="p">Copyright 2007 Trustees of Indiana University</p><p TEIform="p">Indiana University provides the information contained in this file for non-commercial,
        personal, or research use only. All other use, including but not limited to commercial or
        scholarly reproductions, redistribution, publication or transmission, whether by electronic
        means or otherwise, without prior written permission of the copyright holder is strictly
        prohibited.</p></availability></publicationStmt><seriesStmt TEIform="seriesStmt"><title TEIform="title">Indiana Magazine of History</title></seriesStmt><sourceDesc default="NO" TEIform="sourceDesc"><biblStruct default="NO" TEIform="biblStruct"><analytic TEIform="analytic"><title TEIform="title">Indiana University Starter for Museum: The Stevens Collection</title><author TEIform="author">Warder W. Stevens</author></analytic><monogr TEIform="monogr"><title TEIform="title">Indiana Magazine of History</title><imprint TEIform="imprint"><pubPlace TEIform="pubPlace">Bloomington, IN</pubPlace><publisher TEIform="publisher">Indiana University Department of History in cooperation with
                                the Indiana Historical Society and the Indiana State Library</publisher><date TEIform="date">1914</date><biblScope type="issue" TEIform="biblScope">4</biblScope><biblScope type="volume" TEIform="biblScope">10</biblScope><biblScope type="pages" TEIform="biblScope">399-402</biblScope></imprint></monogr></biblStruct></sourceDesc></fileDesc><revisionDesc TEIform="revisionDesc"><change TEIform="change"><date TEIform="date">2007-06-28</date><respStmt TEIform="respStmt"><name TEIform="name">Annette D. Richmond</name></respStmt><item TEIform="item">Created independent header for article that was crated by splitting
                    VAA4025-010-4-a04 into two pieces, each of type scholarlyArticle. Added
                    additional publisher.</item></change></revisionDesc></teiHeader><text><body><pb n="[399]" id="VAA4025-010-4-069" TEIform="pb"/><div type="scholarlyArticle" id="VAA4025-010-4-a10" org="uniform" sample="complete" part="N" TEIform="div"><head TEIform="head">INDIANA UNIVERSITY STARTER FOR MUSEUM</head><p rend="center" TEIform="p">T<hi rend="sc" TEIform="hi">HE</hi> S<hi rend="sc" TEIform="hi">TEVENS</hi> C<hi rend="sc" TEIform="hi">OLLECTION</hi>
            </p><p TEIform="p">For the purpose of starting a museum of Indiana History at Indiana University,
                    Warder W. Stevens recently gave to the University a valuable and extensive
                    collection of materials illustrating pioneer life in the State.</p><p TEIform="p">The collection includes relics from nearly all fields of pioneer activity. There
                    is a fully equipped conestoga wagon, one of the real old <placeName TEIform="placeName">
                        <settlement type="city" TEIform="settlement">Prairie</settlement>
                    </placeName> Schooners; there are several plows, including the wooden, wooden
                    moldboard, jumping shovel, home-made double shovel, and others, with the single
                    and double-trees to match; there are cradles, sickles, a thresher, a cotton gin,
                    a hominy mill, a corncracker, a feed cutter, and many other relics to illustrate
                    this phase of life; there are spider skillets, ovens for baking corn pones,
                    pewter and wooden table ware, a crane for cooking in the fireplace, arid a full
                    assortment of what the old sales bills would call "household and
                    kitchen furniture too numerous to mention"; there is a loom, spinning
                    wheels, reels, winding blades and. some things along this. line for which I have
                    no names at present; there are flintlock, percussion caps, rifled and
                    smooth-bore guns wtih an assortment of bowie knives, pistols and revolvers.</p><p TEIform="p">The following brief article written by the donor as he was waiting for a train
                    will convey some idea of the collection and the sentiment that makes such things
                    dear to the sons and daughters of the pioneers.— Ed.</p><p TEIform="p">All of us, in a greater or less degree, find pleasure in comparing the present
                    with the past in order that we may note the rapid strides that have been made
                    along all industrial and educational lines since the days of our forefathers. We
                    look back over a brief life's space and are wrapt in wonderment as we
                    contemplate the rapid developments and achievements of a hustling, bustling
                    people along every walk of life. We listen to the stories of miraculous
                    accomplishments, but-we fail to catch onto the spirit of the age fully, until an
                    object lesson is placed before our eyes, which enables us, at a glance, to fully
                    realize that we stand in the midst of a rapidly developing age with
                    possibilities beyond all power of conception. For example, we can scarcely
                    realize that only a few years since there was no telephone, or that no farther
                    back than 1898 there was but one concern on the continent that had begun the
                    manufacture of the automobile. What an object lesson in rapid development it
                    would be to place that first horseless carriage alongside one of the most
                    complete models of the present day!</p><pb n="400" id="VAA4025-010-4-070" TEIform="pb"/><p TEIform="p">I am asked to give a brief account of the collection of relics recently turned
                    over to Indiana University as a nucleus that is bound to grow until it will at
                    no distant day become a very interesting and instructive feature of this great
                    seat of learning in Indiana. The collector, like the specialist along all
                    progressive lines, is probably born, not made. Early in life most all of us show
                    some peculiar bent of mind that has much to do in shaping our destiny of
                    life's <hi rend="b" TEIform="hi">work. As I</hi> now look back over a period of more
                    than three score years it is plain to be seen that as a boy I had a <hi rend="i" TEIform="hi">penchant</hi> for the collection of old "traps" and but
                    for this love of preserving relics of various kinds many of the interesting
                    things this little collection contains would have been missing, as it would now
                    be impossible to duplicate them, except by model or imitation.</p><p TEIform="p">The several thousand pieces of the prehistoric section were almost all picked up
                    in Southern Indiana, mostly in <placeName TEIform="placeName">
                        <region type="county" TEIform="region">Washington county</region>
                    </placeName>. Whenever there was an idle day, or a day off from regular duty or
                    occupation, it was a great pleasure to roam the hills and valleys in search of
                    the old-time Indian village or camping ground, or in digging into the monument
                    of the mound builders, in search of those mute speciments of handicraft that
                    told of a people that in other years or ages existed and nourished in our land.
                    In many ways it is left for the imagination to picture out where these people
                    originally came from, how they employed their time and existed or what was the
                    cause of their fading away from the earth's surface. Not infrequently a
                    whole bunch of stone hoes, spear points, axes, tomahawks or arrows would be
                    unearthed near a spot where burned stones, flint chips and a nearby spring
                    showed that some time in the remote past there existed a village of Red Men or
                    the mound builder. The scattered finds were pieces lost by the hunter in the
                    underbrush while in pursuit of game. As a matter of course all these finds are
                    becoming scarce as the years go by and the country is being cleaned up and put
                    under cultivation. The most valuable finds were always made along the large
                    rivers and streams where not only hunting was best, but fishing could be
                    indulged in with greatest success. Bone fish hooks are still to be found in some
                    places along the <geogName TEIform="geogName">Ohio river</geogName> where the larger Indian
                    villages were located.</p><p TEIform="p">As one looks at the wooden mould board plow it hardly seems possible that they
                    could ever have been used successfully by the husbandman in breaking up new
                    lands, full of grubs and roots. But they were a decided improvement over the
                    forked stick, its immediate predecessor. The "bar share" came
                    first in the order of invention, <pb n="401" id="VAA4025-010-4-071" TEIform="pb"/> it being
                    the flat share, with wooden mould-board attachment, fastened to the plow stock
                    or frame with wooden pins, bolts for such purpose not having as yet come into
                    general use. The pair of wooden double-trees, now over a century old, show to
                    what straights the farmer of that day was compelled to resort in order to get a
                    field with team and plow to cultivate the land. Almost every farmer was then a
                    sort of Jack-at-all-trades. He manufactured his own harness from leather of his
                    own tanning, and such farm implements as were used were home products. No such
                    thing as a plow or wagon factory was to be found anywhere in the country,
                    especially in the newly settled portions. Hoes, spading forks, nails, knives and
                    forks, spoons and the like were manufactured by the blacksmith, who burned the
                    charcoal that was used in the forge of the shop.</p><p TEIform="p">But to go back to the plows, the "Carey" was successor to the
                    bar-share pattern. It was made with an upright iron projection extending above
                    the flat bar, finished with a smaller wooden mould-board. This plow came into
                    use in Indiana about 1815. The earliest settlers, about 1800, located in the
                    southern tier of counties, were content with the bar share. The "Daniel
                    Webster" plow came into use about 1835, the share and mould board being
                    made of un-wrought and cast iron. In a remodeled form it was known as the
                    "Peacock" plow, a man by that name back East, probably in <placeName TEIform="placeName">
                        <settlement type="city" TEIform="settlement">Pennsylvania</settlement>
                    </placeName>, having first made and put it upon the market. The mould-board was
                    cast in the furnaces up in <placeName TEIform="placeName">
                        <settlement type="city" TEIform="settlement">Pennsylvania</settlement>
                    </placeName> and shipped down the <placeName TEIform="placeName">
                        <region type="state" reg="ohu" TEIform="region">Ohio</region>
                    </placeName> on rafts or flat boats to destination, where they were fitted to
                    plow stocks by the wagon-wright or blacksmith, the latter not infrequently being
                    able to work in both iron and wood successfully. About the year 1850 the
                    "Rounder" came into use, a plow that had share and mould all
                    in one solid piece, and made of steel, the first plow made that would scour in
                    light, loose soils. They were used in cultivating corn, running the bar side
                    next to the row till last cultivating when the earth was thrown up against the
                    corn. The jumping shovel was its successor in corn cultivation, as well as in
                    breaking up new land. The double shovel cultivator with wooden frame was first
                    made and used along in the 50's.</p><p TEIform="p">Spinning wheels, large and small, were to be found in every well-furnished home,
                    home-made in most instances, and kept buzzing by the housewife in manufacture of
                    thread and yarn to be used in making the homespun linen, jeans and flannels that
                    was worked up into wearing apparel for the entire family.</p><p TEIform="p">The very first settlers were content with cabins with puncheon <pb n="402" id="VAA4025-010-4-072" TEIform="pb"/> floors and doors, but a little later on the whipsaw
                    was introduced to make such boards as were necessary in home building. In this
                    collection is a saw brought into <placeName TEIform="placeName">
                        <region type="county" TEIform="region">Washington county</region>
                    </placeName> about 1807 and used for a number of years. A poplar log, the
                    yellow, soft variety, was hewn square, and then mounted upon some sort of
                    trestle about seven feet above the ground. On top it was lined off with blue dye
                    or poke-berry juice, the lines being spaced according to the" thickness
                    of lumber or joists desired. One sawyer was located on top of the log and
                    another underneath, and with every downward stroke of the saw a cut into the
                    timber was made. Two good sawyers would thus cut about two hundred feet per day.
                    The last time the saw in this collection was used was on exhibition display at a
                    Granger picnic near <placeName TEIform="placeName">
                        <settlement type="city" TEIform="settlement">Salem</settlement>
                    </placeName> in 187G, when Bluejeans Williams was a candidate for Governor, who
                    was top sawyer, and a man named Morris pulled at the handle underneath. What a
                    contrast there is between this saw, considered a great invention a century ago,
                    and the immense sawmill plants in the lumber camps of the country where lumber
                    by the thousands of feet are turned out every hour of the day.</p><p TEIform="p">The old-time trundle bed, upon which John Hay, the celebrated author and
                    statesman, slept during his boyhood days in <placeName TEIform="placeName">
                        <settlement type="city" TEIform="settlement">Salem</settlement>
                    </placeName>, is a relic every Hoosier should feel proud of. The dog-wood glut
                    or wedge, unquestionably made by Lincoln's hands during his youthful
                    days in Southern Indiana, when he earned his name as the "Rail
                    Splitter" President, is one of the interesting pieces of this
                    collection.</p><p TEIform="p">The various items in this collection are carded and briefly described, and when
                    all are properly arranged in cases will no doubt be interesting to students of
                    the University who care to compare the present with the past. And it is to be
                    hoped that this display may induce others who have old-time relics or heirlooms
                    of an interesting nature to deposit same with the University, and that in time a
                    very interesting historical museum may be collected.</p><p rend="right" TEIform="p">W<hi rend="sc" TEIform="hi">ARDER</hi> W. S<hi rend="sc" TEIform="hi">TEVENS</hi>.</p></div></body></text></TEI.2>