<?xml version="1.0" encoding="UTF-8"?><!DOCTYPE TEI.2 SYSTEM "http://purl.dlib.indiana.edu/iudl/imh/resource/xml/imh_issue.dtd"><TEI.2><teiHeader type="text" status="new" TEIform="teiHeader"><fileDesc TEIform="fileDesc"><titleStmt TEIform="titleStmt"><title TEIform="title">Indiana Magazine of History</title><respStmt TEIform="respStmt"><resp TEIform="resp">Encoded by</resp><name TEIform="name">Aptara Inc.</name></respStmt></titleStmt><publicationStmt TEIform="publicationStmt"><publisher TEIform="publisher">Digital Library Program, Indiana University</publisher><pubPlace TEIform="pubPlace">Bloomington, IN</pubPlace><date TEIform="date">2007</date><availability status="unknown" TEIform="availability"><p TEIform="p">Copyright 2007 Trustees of Indiana University</p><p TEIform="p">Indiana University provides the information contained in this file for non-commercial,
        personal, or research use only. All other use, including but not limited to commercial or
        scholarly reproductions, redistribution, publication or transmission, whether by electronic
        means or otherwise, without prior written permission of the copyright holder is strictly
        prohibited.</p></availability></publicationStmt><seriesStmt TEIform="seriesStmt"><title TEIform="title">Indiana Magazine of History</title></seriesStmt><sourceDesc default="NO" TEIform="sourceDesc"><biblStruct default="NO" TEIform="biblStruct"><analytic TEIform="analytic"><title TEIform="title">General Lafayette in Indiana</title><author TEIform="author">L. C. Baird</author></analytic><monogr TEIform="monogr"><title TEIform="title">Indiana Magazine of History</title><imprint TEIform="imprint"><pubPlace TEIform="pubPlace">Indianapolis, IN</pubPlace><publisher TEIform="publisher">George S. Cottman</publisher><date TEIform="date">1906</date><biblScope type="issue" TEIform="biblScope">4</biblScope><biblScope type="volume" TEIform="biblScope">2</biblScope><biblScope type="pages" TEIform="biblScope">195-197</biblScope></imprint></monogr></biblStruct></sourceDesc></fileDesc><revisionDesc TEIform="revisionDesc"><change TEIform="change"><date TEIform="date">2007-06-18</date><respStmt TEIform="respStmt"><name TEIform="name">Annette D. Richmond</name></respStmt><item TEIform="item">Changed publication place and publisher, added author</item></change></revisionDesc></teiHeader><text><body><pb n="195" id="VAA4025-002-4-035" TEIform="pb"/><div type="scholarlyArticle" id="VAA4025-002-4-a06" org="uniform" sample="complete" part="N" TEIform="div"><head TEIform="head">GENERAL LAFAYETTE IN INDIANA.</head><p TEIform="p">[From Paper by Capt. L. C. Baird, prepared for the <placeName TEIform="placeName">
                 <region type="county" key="tgn_1002273" reg="Clark" TEIform="region">Clark County</region>
             </placeName>
                 Historical Society.]</p><p TEIform="p">[Lafayette's visit to 
                 <placeName TEIform="placeName">
                     <country key="tgn_7012149" reg="United States" TEIform="country">America</country>
                 </placeName>
                 in 1824-'25 was a series of
                    ovations in which the cities of the nation along the route of his tour vied with
                    each other in doing honor to the patriot. His trip westward by the
                 <geogName key="tgn_7014265" reg="Ohio River" TEIform="geogName">Ohio river</geogName>
                 brought the southern border of Indiana
                    within his circuit. Some months before this western trip the Indiana
                    legislature, in anticipation, passed elaborate resolutions expressive of
                    cordiality and hospitality, and on his arrival at <placeName TEIform="placeName">
                        <settlement type="city" key="tgn_7013915" reg="Louisville" TEIform="settlement">Louisville</settlement>
                    </placeName>, in May, 1825, a committee waited upon him with official
                    congratulations and an invitation to Indiana soil. The distinguished visitor
                    accepted the proffered hospitality and the next day, May 11, he was a guest at 
                 <placeName TEIform="placeName">
                     <settlement type="city" key="tgn_2032394" reg="Jeffersonville" TEIform="settlement">Jeffersonville</settlement>
                 </placeName>. Captain Baird's paper in its entirety is too long for our
                    limited space, but so much of it as deals directly with the reception we here
                    print.—Editor.]</p><p TEIform="p">AT 11 o'clock A. M. on Thursday the committee (Messrs. Farnham,
                    Gwathmey, Merriwether, Beach and Burnett) waited upon General Lafayette on board
                    the steamboat General Pike, to which he was escorted by the Committee of
                    Arrangements and Marshals of 
                <placeName TEIform="placeName">
                    <settlement type="city" key="tgn_7013915" reg="Louisville" TEIform="settlement">Louisville</settlement>
                </placeName> and 
                <placeName TEIform="placeName">
                    <region type="county" key="tgn_1002515" reg="Jefferson" TEIform="region">Jefferson county</region>
                </placeName>. The General was greeted on the Indiana shore by a salute of thrice
                    twenty-four guns, discharged from three pieces of artillery, stationed on the
                    river bank beside three flagstaffs, each seventy feet in height, bearing flags
                    with appropriate mottos. He was received by General Marston G. Clark, of 
                <placeName TEIform="placeName">
                    <settlement type="city" key="tgn_2032394" reg="Jeffersonville" TEIform="settlement">Jeffersonville</settlement>
                </placeName>, and General John Carr, of 
                <placeName TEIform="placeName">
                    <settlement type="city" key="tgn_2031350" reg="Charlestown" TEIform="settlement">Charlestown</settlement>
                </placeName>, Marshal of the Day, and escorted by a detachment of three
                    artillery companies, commanded by Captains Lemon, Melford and Booth, to the
                    pleasant mansion house of the late Governor Posey on the west corner of Front
                    and Fort streets overlooking the river and the city of 
                <placeName TEIform="placeName">
                    <settlement type="city" key="tgn_7013915" reg="Louisville" TEIform="settlement">Louisville</settlement>
                </placeName> beyond. His progress down Front street from the place of
                    debarkation near the present Ferry landing was a spectacle the like of which the
                    city had never seen before. Officials, both State and local, together with many
                    other men of State and national renown from our sister common wealths, vied with
                    the vast concourse of the "common people" to add to the
                    generous expression of gratitude and esteem for the guest of honor. <pb n="196" id="VAA4025-002-4-036" TEIform="pb"/> Besides the many visitors from throughout the
                    State, the people from the surrounding country had made this a holiday that all
                    might be given an opportunity to participate in the reception. In addition to
                    the three artillery companies and Captain Parker's infantry company
                    from 
                <placeName TEIform="placeName">
                    <settlement type="city" key="tgn_2031350" reg="Charlestown" TEIform="settlement">Charlestown</settlement>
                </placeName>, there were other military organizations present, but the absence
                    of any records concerning the Indiana militia at this period of our history, and
                    in fact for many years afterward, makes it impossible to discover who they were
                    or whence they came.</p><p TEIform="p">The guest was met at the Posey mansion by his excellency, Governor James B. Ray,
                    who delivered an address of welcome, and to this he made a brief and fitting
                    response. These speeches were exchanged out of doors, and while the General was
                    still speaking the long-threatened rain began to fall, and his remarks had to be
                    finished while standing under the shelter of an umbrella proudly held by Mr.
                    Charles Applegate, one of the older citizens present.</p><p TEIform="p">The General was then conducted to chambers, provided with refreshments, and
                    presented to a numerous company of ladies assembled to welcome him and to
                    several hundreds of citizens, including a few venerable relics of the
                    "times that tried men's souls."</p><p TEIform="p">Among the old residents of the city who were presented at the reception was
                    Solomon Burritt. He lived and died in the small brick house on lower Market
                    street about opposite the end of Clark street. During the war of the Revolution
                    he served under Lafayette, and when it came Burritt's time to be presented to his
                    old commanding officer, they fell into each other's arms and kissed and
                    shed tears of joy and comradeship.</p><p TEIform="p">One incident occurred during the reception that served to relieve the proceedings
                of any stiffness which might have appeared. Captain John C. Parker, of 
                <placeName TEIform="placeName">
                    <settlement type="city" key="tgn_2031350" reg="Charlestown" TEIform="settlement">Charlestown</settlement>
                </placeName>
                , had brought his militia company down to <placeName TEIform="placeName">
                    <settlement type="city" key="tgn_2032394" reg="Jeffersonville" TEIform="settlement">Jeffersonville</settlement>
                </placeName> to form part of the large military escort. During the presentation
                    he took several of his men up to be introduced. One strapping young miltiaman
                    stepped forward to shake the General's hand and politely raised his
                    hat, when out fell several large crackers which he had thoughtfully provided for
                    a lunch. The General adroitly relieved him of his <pb n="197" id="VAA4025-002-4-037" TEIform="pb"/> embarrassment and mortification by congratulating
                    him as a good soldier who carried his rations with him.</p><p TEIform="p">At three o'clock in the afternoon Lafayette was conducted to dinner under a military escort accompanied by a
                    band of music. The table was handsomely prepared under an arbor, about 220 feet
                    in length, well covered and ornamented throughout with the verdure and foliage
                    of the forests, among which roses and other flowers were tastefully interwoven
                    by the ladies of <placeName TEIform="placeName">
                        <settlement type="city" key="tgn_2032394" reg="Jeffersonville" TEIform="settlement">Jefferson-ville</settlement>
                    </placeName>. This table was set in the woods just above the
                    Governor's house, about 100 feet above Fort street, and in constructing
                    the arbor or covering, as was usual at that day on such occasions, the branches
                    of the surrounding beech trees were used. Mr. Burdette C. Pile, later Mayor of 
                <placeName TEIform="placeName">
                    <settlement type="city" key="tgn_2032394" reg="Jeffersonville" TEIform="settlement">Jeffersonville</settlement>
                </placeName>, then a young man and the owner of a fine yoke of oxen, used his ox
                    rig in transporting the brush from the near woodlands to the scene of festivity,
                    an incident which he was proud of relating to the day of his death.</p><p TEIform="p">At the head of the table was hung a transparent painting on which was inscribed,
                    "Indiana welcomes Lafayette, the champion of liberty in both hemispheres," over which
                    was a flag bearing the arms of the 
                <placeName TEIform="placeName">
                    <country key="tgn_7012149" reg="United States" TEIform="country">United States</country>
                </placeName>
                . At the foot of the table was a similar painting with the following
                    inscription: "Indiana—in 1776 a wilderness; in 1825 a
                    civilized community. Thanks to Lafayette and the soldiers of the Revolution." The company was
                    honored by the presence of many distinguished gentlemen from 
                <placeName TEIform="placeName">
                    <region type="state" key="tgn_7007255" reg="Kentucky" TEIform="region">Kentucky</region>
                </placeName>, 
                <placeName TEIform="placeName">
                    <region type="state" key="tgn_7007825" reg="Tennessee" TEIform="region">Tennessee</region>
                </placeName>
                , and other States, among whom were, Governor Carroll and suite,
                    Hon. C. A. Wickliffe, Judges Barry and Bledsoe, Attorney General Sharp, Colonel
                    Anderson, the Honorable John Rowan, with the Committee of Arrangements of 
                <placeName TEIform="placeName">
                    <settlement type="city" key="tgn_7013915" reg="Louisville" TEIform="settlement">Louisville</settlement>
                </placeName> and 
                <placeName TEIform="placeName">
                    <region type="county" key="tgn_1002515" reg="Jefferson" TEIform="region">Jefferson county</region>
                </placeName>
                , Major Wash, Mr. Neilson, etc.</p><p TEIform="p">The dinner was followed by a long list of toasts which continued until six
                    o'clock, at which hour Lafayette left the table and was re-escorted to the General Pike. Here the
                    committee of arrangements from 
                <placeName TEIform="placeName">
                    <region type="state" key="tgn_7007255" reg="Kentucky" TEIform="region">Kentuky</region>
                </placeName> resumed the honor of their special
                    attendance, in which they were joined by the Governor of Indiana and suite, the
                    Marshals, and the Indiana committee of arrangements, who accompanied the guest
                    to <placeName TEIform="placeName">
                        <settlement type="city" key="tgn_7013915" reg="Louisville" TEIform="settlement">Louisville</settlement>
                    </placeName>.</p></div></body></text></TEI.2>