<?xml version="1.0" encoding="UTF-8"?><!DOCTYPE TEI.2 SYSTEM "http://purl.dlib.indiana.edu/iudl/imh/resource/xml/imh_issue.dtd"><TEI.2><teiHeader type="text" status="new" TEIform="teiHeader"><fileDesc TEIform="fileDesc"><titleStmt TEIform="titleStmt"><title TEIform="title">Indiana Magazine of History</title><respStmt TEIform="respStmt"><resp TEIform="resp">Encoded by</resp><name TEIform="name">Aptara Inc.</name></respStmt></titleStmt><publicationStmt TEIform="publicationStmt"><publisher TEIform="publisher">Digital Library Program, Indiana University</publisher><pubPlace TEIform="pubPlace">Bloomington, IN</pubPlace><date TEIform="date">2007</date><availability status="unknown" TEIform="availability"><p TEIform="p">Copyright 2007 Trustees of Indiana University</p><p TEIform="p">Indiana University provides the information contained in this file for non-commercial,
        personal, or research use only. All other use, including but not limited to commercial or
        scholarly reproductions, redistribution, publication or transmission, whether by electronic
        means or otherwise, without prior written permission of the copyright holder is strictly
        prohibited.</p></availability></publicationStmt><seriesStmt TEIform="seriesStmt"><title TEIform="title">Indiana Magazine of History</title></seriesStmt><notesStmt TEIform="notesStmt"><note type="review" place="unspecified" anchored="yes" TEIform="note">
                    <note type="titleReviewed" place="unspecified" anchored="yes" TEIform="note">Circuit Rider Days in Indiana</note>
                    <note type="authorReviewed" place="unspecified" anchored="yes" TEIform="note">William Warren Sweet</note>
                </note></notesStmt><sourceDesc default="NO" TEIform="sourceDesc"><biblStruct default="NO" TEIform="biblStruct"><analytic TEIform="analytic"><title TEIform="title">Book Review</title></analytic><monogr TEIform="monogr"><title TEIform="title">Indiana Magazine of History</title><imprint TEIform="imprint"><pubPlace TEIform="pubPlace">Bloomington, IN</pubPlace><publisher TEIform="publisher">Indiana University Department of History in cooperation with
                                the Indiana Historical Society and the Indiana State Library</publisher><date TEIform="date">1916</date><biblScope type="issue" TEIform="biblScope">2</biblScope><biblScope type="volume" TEIform="biblScope">12</biblScope><biblScope type="pages" TEIform="biblScope">177-177</biblScope></imprint></monogr></biblStruct></sourceDesc></fileDesc><revisionDesc TEIform="revisionDesc"><change TEIform="change"><date TEIform="date">2007-06-29</date><respStmt TEIform="respStmt"><name TEIform="name">Annette D. Richmond</name></respStmt><item TEIform="item">Added additional publisher</item></change></revisionDesc></teiHeader><text><body><pb n="177" id="VAA4025-012-2-083" TEIform="pb"/><div type="bookReview" id="VAA4025-012-2-a07" org="uniform" sample="complete" part="N" TEIform="div"><head TEIform="head">
               <hi rend="i" TEIform="hi">Circuit Rider Days in Indiana,</hi> B<hi rend="sc" TEIform="hi">Y</hi> W<hi rend="sc" TEIform="hi">ILLIAM</hi>
                        W<hi rend="sc" TEIform="hi">ARREN</hi> S<hi rend="sc" TEIform="hi">WEET</hi>, Professor of History in Depauw University.
                    W. K. Stewart Co., <placeName TEIform="placeName">
                        <settlement type="city" TEIform="settlement">Indianapolis</settlement>
                    </placeName>, pp. 344.</head><p TEIform="p">S<hi rend="sc" TEIform="hi">OME</hi> years ago Dr. Sweet came into possession of the official records of the old
                    Indiana Conference. The first session of this conference met at <placeName TEIform="placeName">
                        <settlement type="city" TEIform="settlement">New Albany</settlement>
                    </placeName>, October 17, 1832, with eighteen circuit riders present and Bishop Joshua Soule in the
                    chair. The last session was held at <placeName TEIform="placeName">
                        <settlement type="city" TEIform="settlement">Crawfordsville</settlement>
                    </placeName>, October 18, 1843, with Bishop James O. Andrew presiding and Matthew Simpson secretary.
                    There were ninety-three preachers ready to answer the first roll call. The minutes published by Dr.
                    Sweet thus cover a period of eleven years. The great problem of the church during this period was
                    organization. As the settlements spread to the north the church had to gather its adherents into
                    classes, circuits, and districts. In the first conference there were five districts, one being
                    missionary. Eleven years later there were sixteen districts. This period of remarkable growth is
                    covered by the book under review. Besides the ordinary work of the church its principal activities
                    during the period were the organization of Sunday schools, furnishing Bibles to the settlers,
                    publishing tracts and newspapers and missionary work. It was an endless task to finance the work.
                    Not only must the working circuit riders be supplied but money had to be raised for missions,
                    suppression of vice, negro colonization, aid of superannuated preachers and widows, and various
                    other purposes, not the least of which was education. Covering this period as it does, these minutes
                    furnish one of the best sources for early Indiana history. In publishing them Dr. Sweet has put all
                    the people of Indiana in his debt and especially is this true of the Methodists.</p><p TEIform="p">The first ninety pages of the book are occupied with a historical introduction in which the history
                    of the church is brought down to 1832. In the preparation of this Dr. Sweet has had the advantage of
                    the large collection of material in Depauw University Library including a complete file of the <hi rend="i" TEIform="hi">Western Christian Advocate.</hi> The history of the pioneer Methodist church in Indiana
                    is the story of a valiant struggle. Preparing this has been a labor of love for Dr. Sweet. He has
                    done it well.</p></div></body></text></TEI.2>