<?xml version="1.0" encoding="UTF-8"?><!DOCTYPE TEI.2 SYSTEM "http://purl.dlib.indiana.edu/iudl/imh/resource/xml/imh_issue.dtd"><TEI.2><teiHeader type="text" status="new" TEIform="teiHeader"><fileDesc TEIform="fileDesc"><titleStmt TEIform="titleStmt"><title TEIform="title">Indiana Magazine of History</title><respStmt TEIform="respStmt"><resp TEIform="resp">Encoded by</resp><name TEIform="name">Aptara Inc.</name></respStmt></titleStmt><publicationStmt TEIform="publicationStmt"><publisher TEIform="publisher">Digital Library Program, Indiana University</publisher><pubPlace TEIform="pubPlace">Bloomington, IN</pubPlace><date TEIform="date">2007</date><availability status="unknown" TEIform="availability"><p TEIform="p">Copyright 2007 Trustees of Indiana University</p><p TEIform="p">Indiana University provides the information contained in this file for non-commercial,
        personal, or research use only. All other use, including but not limited to commercial or
        scholarly reproductions, redistribution, publication or transmission, whether by electronic
        means or otherwise, without prior written permission of the copyright holder is strictly
        prohibited.</p></availability></publicationStmt><seriesStmt TEIform="seriesStmt"><title TEIform="title">Indiana Magazine of History</title></seriesStmt><sourceDesc default="NO" TEIform="sourceDesc"><biblStruct default="NO" TEIform="biblStruct"><analytic TEIform="analytic"><title TEIform="title">Annual History Meeting</title><author TEIform="author">Logan Esarey</author></analytic><monogr TEIform="monogr"><title TEIform="title">Indiana Magazine of History</title><imprint TEIform="imprint"><pubPlace TEIform="pubPlace">Indianapolis, IN</pubPlace><publisher TEIform="publisher">Published Under the Direction of The Indiana Historical
                                Society</publisher><date TEIform="date">1912</date><biblScope type="issue" TEIform="biblScope">2</biblScope><biblScope type="volume" TEIform="biblScope">8</biblScope><biblScope type="pages" TEIform="biblScope">83-84</biblScope></imprint></monogr></biblStruct></sourceDesc></fileDesc><revisionDesc TEIform="revisionDesc"><change TEIform="change"><date TEIform="date">2007-06-25</date><respStmt TEIform="respStmt"><name TEIform="name">Annette D. Richmond</name></respStmt><item TEIform="item">Changed publication place and publisher, removed unnecessary author
                    information</item></change></revisionDesc></teiHeader><text><body><pb n="83" id="VAA4025-008-2-033" TEIform="pb"/><div type="scholarlyArticle" id="VAA4025-008-2-a04" org="uniform" sample="complete" part="N" TEIform="div"><head TEIform="head">ANNUAL HISTORY MEETING.</head><p TEIform="p">[Report prepared by Mr. Logan Esarey, of <placeName TEIform="placeName">
                        <settlement type="city" TEIform="settlement">Bloomington</settlement>
                    </placeName>.]</p><p TEIform="p">THE fifth annual meeting of the <geogName TEIform="geogName">Mississippi Valley</geogName> Historical Association met at <placeName TEIform="placeName">
                        <settlement type="city" TEIform="settlement">Bloomington</settlement>
                    </placeName>, Indiana, May 23, 24 and 25, 1912. The North Central History Teachers'
                    Association and the History Section of the State Teachers' Association met with the
                    first-named association. The association was the guest of the State University, and the Department
                    of History planned and cared for the meeting.</p><p TEIform="p">The first session was held in the auditorium of the Student building. Henry Noble Sherwood, of the
                    University of <placeName TEIform="placeName">
                        <settlement type="city" TEIform="settlement">Cincinnati</settlement>
                    </placeName>, opened the session with a detailed account of the "Settlement of the Slaves
                    of John Randolph in <placeName TEIform="placeName">
                        <region type="state" reg="ohu" TEIform="region">Ohio</region>
                    </placeName>." Professor Harlow Lindley, of Earlham, followed with a glowing tribute to the
                    "Quakers in the Old Northwest." Professor Geiser and Judge Daniel Wait Howe were
                    on the program, but neither was present.</p><p TEIform="p">The evening session was held in the men's gymnasium in order to insure ample room. Judge
                    Howe, president of the Indiana Historical Society, presided. President Bryan welcomed the visitors
                    to the university and city in a neat little address, after which the annual address was given by
                    Professor Andrew C. McLaughlin, of <placeName TEIform="placeName">
                        <settlement type="city" TEIform="settlement">Chicago</settlement>
                    </placeName> University. Professor McLaughlin's subject was "The Supreme Court and
                    Unconstitutional Legislation—Historic Origins." The address was well received.
                    The evening closed with a reception to the visitors given in the parlors of the Student building.</p><pb n="84" id="VAA4025-008-2-034" TEIform="pb"/><p TEIform="p">The Friday morning meeting was given up to the Teachers' Section. Miss Herriott Clare
                    Palmer, of <placeName TEIform="placeName">
                        <settlement type="city" TEIform="settlement">Franklin</settlement>
                    </placeName>, spoke for more freedom in teaching history. She especially deprecated a public opinion
                    that would not tolerate the truth. Superintendent McMurray, of <placeName TEIform="placeName">
                        <settlement type="city" TEIform="settlement">Dekalb</settlement>
                    </placeName>, <placeName TEIform="placeName">
                        <region type="state" reg="ilu" TEIform="region">Illinois</region>
                    </placeName>, assisted by Dr. Herman T. Lukens, of the Francis W. Parker School, of <placeName TEIform="placeName">
                        <settlement type="city" TEIform="settlement">Chicago</settlement>
                    </placeName>, presented "Teaching History by Type Studies."</p><p TEIform="p">A luncheon was served to the visitors in the commons room at noon.</p><p TEIform="p">In the afternoon of Friday, Oren Grant Libby, of the University of <placeName TEIform="placeName">
                        <country reg="ndu" TEIform="country">North Dakota</country>
                    </placeName>, read a paper on "Our New Northwest." John R. Swanton, of the IJ. S.
                    Bureau of Ethnology, read a paper on "De Soto's Line of March from the Viewpoint
                    of an Ethnologist." Louis Pelzer, of <placeName TEIform="placeName">
                        <region type="state" reg="iau" TEIform="region">Iowa</region>
                    </placeName> University, discussed "Politics in <placeName TEIform="placeName">
                        <region type="state" reg="iau" TEIform="region">Iowa</region>
                    </placeName> from 1852 to 1860," and Dr. Thompson, of <placeName TEIform="placeName">
                        <settlement type="city" TEIform="settlement">Chicago</settlement>
                    </placeName>, had a paper on the "Attitude of the Western Whigs Toward the Convention
                    System."</p><p TEIform="p">At the evening session Dr. Paul Haworth, of <placeName TEIform="placeName">
                        <settlement type="city" TEIform="settlement">Indianapolis</settlement>
                    </placeName>, read a paper on the "Truth about the Kattle of Lake Erie." After the
                    lecture the annual report of Secretary Clarence S. Paine, of Lincoln, Nehraska, was read, and a
                    general business meeting followed. Later the women were entertained by the Women's League
                    of the University, while the men enjoyed a smoker in the lounging rooms of the men's
                    parlors.</p><p TEIform="p">The last session, which was held on Saturday morning, was a joint meeting with the History Teachers
                    of Indiana. Joseph R. H. Moore, of the Manual Training High School of <placeName TEIform="placeName">
                        <settlement type="city" TEIform="settlement">Indianapolis</settlement>
                    </placeName>, spoke on "The Art of Presentation in History." Dr. Carl E. Pray, of
                    the Milwaukee State Normal, followed on "A Proposal for the Federation of History
                    Teachers' Associations," and Dr. Paxson, of <placeName TEIform="placeName">
                        <region type="state" reg="wiu" TEIform="region">Wisconsin</region>
                    </placeName>, read the "Report of the Committee on the Certification of High School
                    Teachers of History." The report was discussed by Dr. Harding, of Indiana University.</p><p TEIform="p">It was a very pleasant meeting and the papers read were scholarly.</p></div></body></text></TEI.2>