<?xml version="1.0" encoding="UTF-8"?><!DOCTYPE TEI.2 SYSTEM "http://purl.dlib.indiana.edu/iudl/imh/resource/xml/imh_issue.dtd"><TEI.2><teiHeader type="text" status="new" TEIform="teiHeader"><fileDesc TEIform="fileDesc"><titleStmt TEIform="titleStmt"><title TEIform="title">Indiana Magazine of History</title><respStmt TEIform="respStmt"><resp TEIform="resp">Encoded by</resp><name TEIform="name">Aptara Inc.</name></respStmt></titleStmt><publicationStmt TEIform="publicationStmt"><publisher TEIform="publisher">Digital Library Program, Indiana University</publisher><pubPlace TEIform="pubPlace">Bloomington, IN</pubPlace><date TEIform="date">2007</date><availability status="unknown" TEIform="availability"><p TEIform="p">Copyright 2007 Trustees of Indiana University</p><p TEIform="p">Indiana University provides the information contained in this file for non-commercial,
        personal, or research use only. All other use, including but not limited to commercial or
        scholarly reproductions, redistribution, publication or transmission, whether by electronic
        means or otherwise, without prior written permission of the copyright holder is strictly
        prohibited.</p></availability></publicationStmt><seriesStmt TEIform="seriesStmt"><title TEIform="title">Indiana Magazine of History</title></seriesStmt><notesStmt TEIform="notesStmt"><note type="review" place="unspecified" anchored="yes" TEIform="note">
                    <note type="titleReviewed" place="unspecified" anchored="yes" TEIform="note">The Quakers of the Old Northwest</note>
                    <note type="authorReviewed" place="unspecified" anchored="yes" TEIform="note">Harlow Lindley</note>
                </note></notesStmt><sourceDesc default="NO" TEIform="sourceDesc"><biblStruct default="NO" TEIform="biblStruct"><analytic TEIform="analytic"><title TEIform="title">Book Review</title></analytic><monogr TEIform="monogr"><title TEIform="title">Indiana Magazine of History</title><imprint TEIform="imprint"><pubPlace TEIform="pubPlace">Bloomington, IN</pubPlace><publisher TEIform="publisher">Indiana University Department of History in cooperation with
                                the Indiana Historical Society and the Indiana State Library</publisher><date TEIform="date">1913</date><biblScope type="issue" TEIform="biblScope">1</biblScope><biblScope type="volume" TEIform="biblScope">9</biblScope><biblScope type="pages" TEIform="biblScope">55-56</biblScope></imprint></monogr></biblStruct></sourceDesc></fileDesc><revisionDesc TEIform="revisionDesc"><change TEIform="change"><date TEIform="date">2007-06-26</date><respStmt TEIform="respStmt"><name TEIform="name">Annette D. Richmond</name></respStmt><item TEIform="item">Added additional publisher, added authorReviewed</item></change></revisionDesc></teiHeader><text><body><pb n="55" id="VAA4025-009-1-059" TEIform="pb"/><div type="bookReview" id="VAA4025-009-1-a10" org="uniform" sample="complete" part="N" TEIform="div"><head TEIform="head">PROFESSOR LINDLEY'S PAPER.</head><p TEIform="p">"The Quakers of the Old Northwest,", by Professor Harlow
                    Lindley, reprinted from the proceedings of the <geogName TEIform="geogName">Mississippi Valley</geogName>
                    <pb n="56" id="VAA4025-009-1-060" TEIform="pb"/> Historical Association, now appears a
                    separate pamphlet of fifteen octavo pages. While the study is more than local in
                    its scope, as the title implies, its bearing upon the history of the large
                    number of Friends in Indiana gives it a local interest.</p></div></body></text></TEI.2>