<?xml version="1.0" encoding="UTF-8"?><!DOCTYPE TEI.2 SYSTEM "http://purl.dlib.indiana.edu/iudl/imh/resource/xml/imh_issue.dtd"><TEI.2><teiHeader type="text" status="new" TEIform="teiHeader"><fileDesc TEIform="fileDesc"><titleStmt TEIform="titleStmt"><title TEIform="title">Indiana Magazine of History</title><respStmt TEIform="respStmt"><resp TEIform="resp">Generated by</resp><name TEIform="name">Digital Library Program, Indiana University</name></respStmt></titleStmt><publicationStmt TEIform="publicationStmt"><publisher TEIform="publisher">Digital Library Program, Indiana University</publisher><pubPlace TEIform="pubPlace">Bloomington, IN</pubPlace><date TEIform="date">2007</date><availability status="unknown" TEIform="availability"><p TEIform="p">Copyright 2007 Trustees of Indiana University</p><p TEIform="p">Indiana University provides the information contained in this file for non-commercial,
        personal, or research use only. All other use, including but not limited to commercial or
        scholarly reproductions, redistribution, publication or transmission, whether by electronic
        means or otherwise, without prior written permission of the copyright holder is strictly
        prohibited.</p></availability></publicationStmt><seriesStmt TEIform="seriesStmt"><title TEIform="title">Indiana Magazine of History</title></seriesStmt><sourceDesc default="NO" TEIform="sourceDesc"><biblStruct default="NO" TEIform="biblStruct"><analytic TEIform="analytic"><title TEIform="title">Notes</title></analytic><monogr TEIform="monogr"><title TEIform="title">Indiana Magazine of History</title><imprint TEIform="imprint"><pubPlace TEIform="pubPlace">Bloomington, IN</pubPlace><publisher TEIform="publisher">Indiana University Department of History in cooperation with the Indiana
                                Historical Society</publisher><date TEIform="date">1908</date><biblScope type="issue" TEIform="biblScope">4</biblScope><biblScope type="volume" TEIform="biblScope">4</biblScope><biblScope type="pages" TEIform="biblScope">203-205</biblScope></imprint></monogr></biblStruct></sourceDesc></fileDesc></teiHeader><text><body><pb n="203" id="VAA4025-004-4-051" TEIform="pb"/><div type="editorialMaterial" id="VAA4025-004-4-a06" org="uniform" sample="complete" part="N" TEIform="div"><head TEIform="head">NOTES.</head><p rend="center" TEIform="p">AMERICAN HISTORICAL ASSOCIATION.</p><p TEIform="p">The annual meeting of the American Historical Association will be held in <placeName TEIform="placeName">
                        <settlement type="city" TEIform="settlement">Washington, D. C.</settlement>
                    </placeName>, and <placeName TEIform="placeName">
                  <settlement type="city" TEIform="settlement">Richmond</settlement>,
                            <region type="state" reg="vau" TEIform="region">Va.</region>
               </placeName>, on Monday,
                    Tuesday, Wednesday and Thursday, December 28–31, 1908. A reduced
                    railroad rate of one fare and three-fifths, on the certificate plan, has been
                    secured. The headquarters of the association will be, in <placeName TEIform="placeName">
                        <settlement type="city" TEIform="settlement">Washington</settlement>
                    </placeName>, the New Willard Hotel; in <placeName TEIform="placeName">
                        <settlement type="city" TEIform="settlement">Richmond</settlement>
                    </placeName>, the Jefferson.</p><p TEIform="p">Among the hospitalities tendered the members of the association will be the
                    courtesies of many of the clubs in <placeName TEIform="placeName">
                        <settlement type="city" TEIform="settlement">Washington</settlement>
                    </placeName> and <placeName TEIform="placeName">
                        <settlement type="city" TEIform="settlement">Richmond</settlement>
                    </placeName>, special exhibits of the Division of Manuscripts and the Division
                    of Maps in <placeName TEIform="placeName">
                        <settlement type="city" TEIform="settlement">Washington</settlement>
                    </placeName>, and in the Confederate Museum at <placeName TEIform="placeName">
                        <settlement type="city" TEIform="settlement">Richmond</settlement>
                    </placeName>, a reception by Ambassador and Mrs. Bryce and receptions by various
                    social organizations at <placeName TEIform="placeName">
                        <settlement type="city" TEIform="settlement">Richmond</settlement>
                    </placeName>, and an excursion to the University of <placeName TEIform="placeName">
                        <region type="state" reg="vau" TEIform="region">Virginia</region>
                    </placeName> at Char-lottesville.</p><p TEIform="p">The program includes addresses by James Bryce, James Ford Rhodes, George B.
                    Adams, Charles H. Haskins, C. Raymond Beazley, O. H. Richardson, General Edward
                    P. Alexander and others, and conferences on "The Relations of Geography
                    to History," "History in Secondary Schools,"
                    "State and Local Historical Societies," "Research in
                    English History," in "American Colonial and Revolutionary
                    History," in "Southern History" and other topics of
                    importance.</p><p TEIform="p">The arrangements for the meeting, the place of meeting and the program are all
                    exceptionally attractive and it is to be hoped that there will be a large
                    attendance from this State.</p><p rend="center" TEIform="p">THE LASSELLE COLLECTION.</p><p TEIform="p">The Department of Archives and History of the Indiana State Library has recently
                    secured for the library the collection which Mr. Charles B. Lasselle, of <placeName TEIform="placeName">
                        <settlement type="city" TEIform="settlement">Logansport</settlement>
                    </placeName>, had been collecting for over half a century. This collection of
                    historic material is perhaps the best private one in this State. It is quite
                    rich in manuscript material, a large part of which goes back to the territorial
                    period and concerns <placeName TEIform="placeName">
                        <settlement type="city" TEIform="settlement">Vincennes</settlement>
                    </placeName>. There is also in the collection an almost complete file of <placeName TEIform="placeName">
                        <settlement type="city" TEIform="settlement">Logansport</settlement>
                    </placeName> newspapers, <pb n="204" id="VAA4025-004-4-052" TEIform="pb"/> beginning with the
                        <hi rend="i" TEIform="hi">Pottawattomie Times</hi>, the first paper published in that
                    region. There are other local newspapers, a number of valuable pamphlets, and
                    many old books. There is also supposed to be practically a complete set of the
                    Acts of the Indiana State Legislature, together with several interesting
                    historical relics.</p><p TEIform="p">It will be some time before the materials can be inspected and classified
                    sufficiently to give a definite idea of everything.</p><p TEIform="p">It is hoped, with this collection as a nucleus, that the Indiana State Library
                    will be able to add rapidly to its collection of Indiana manuscript material.</p><p rend="center" TEIform="p">MEETING OF OHIO VALLEY HISTORICAL ASSOCIATIOK.</p><p TEIform="p">The second annual meeting of the <geogName TEIform="geogName">Ohio Valley</geogName> Historical
                    Association was held at <placeName TEIform="placeName">
                  <settlement type="city" TEIform="settlement">Marietta</settlement>, <region type="state" reg="ohu" TEIform="region">Ohio</region>
               </placeName>, on November 27 and 28. Especial interest attached to
                    the meeting because of the historical associations of the meeting place. There
                    was a good attendance of representatives from the several States of the
                        <geogName TEIform="geogName">Ohio Valley</geogName>. The Friday morning session was devoted to
                    a discussion of Historical Manuscript Collections, and methods of locating and
                    indexing them. The result of this discussion was the appointment of a committee
                    to locate and index such manuscript collections.</p><p TEIform="p">Friday afternoon there was a general public meeting, at which addresses were
                    given by Miss Ellen Churchill Semple, on "The Relation Between
                    Geography and History;" Dr. W. J. Holland, of Pittsburg, on
                    "Historic Beginnings of the <geogName TEIform="geogName">Ohio Valley</geogName>;"
                    Colonel John L. Vance, of <placeName TEIform="placeName">
                        <settlement type="city" TEIform="settlement">Columbus</settlement>
                    </placeName>, on "The <geogName TEIform="geogName">Ohio River</geogName>, Its Improvement
                    and Commercial Importance;" and Vergil A. Lewis, of <placeName TEIform="placeName">
                        <settlement type="city" TEIform="settlement">Charleston</settlement>
                    </placeName>, <placeName TEIform="placeName">
                        <region type="state" reg="wvu" TEIform="region">West Virginia</region>
                    </placeName>, on "Lord Dunmore's War." At the close
                    of this session a reception was given for the delegates in the <placeName TEIform="placeName">
                        <region type="state" reg="ohu" TEIform="region">Ohio</region>
                    </placeName> Company's Land Office, the oldest building in <placeName TEIform="placeName">
                        <region type="state" reg="ohu" TEIform="region">Ohio</region>
                    </placeName>, and containing a collection of historical relics pertaining to the
                    first settlement of <placeName TEIform="placeName">
                        <region type="state" reg="ohu" TEIform="region">Ohio</region>
                    </placeName>.</p><p TEIform="p">On Friday evening a banquet was given at the Y. M. C. A. building, at which the
                    principal address was made by President S. C. Mitchell, of the University of <placeName TEIform="placeName">
                        <region type="state" reg="cau" TEIform="region">California</region>
                    </placeName>. Dr. Mitchell made an impression on his audience for the keenness
                    of his insight into the problems of the South, and by his extreme justness in
                    handling <pb n="205" id="VAA4025-004-4-053" TEIform="pb"/> these problems. Professor T. C.
                    Reve, of the <placeName TEIform="placeName">
                        <settlement type="city" TEIform="settlement">Cincinnati</settlement>
                    </placeName> Law School, was toastmaster.</p><p TEIform="p">On Saturday morning Mr. Arthur W. Dunn, of <placeName TEIform="placeName">
                        <settlement type="city" TEIform="settlement">Indianapolis</settlement>
                    </placeName>, read a paper on "The Civic Value of Local
                    History," which was discussed by former city auditor W. G. Culkins, of <placeName TEIform="placeName">
                        <settlement type="city" TEIform="settlement">Cincinnati</settlement>
                    </placeName>, and by Professor Henry R. Spencer, of <placeName TEIform="placeName">
                        <region type="state" reg="ohu" TEIform="region">Ohio</region>
                    </placeName> State University. Miss May Lowe, of <placeName TEIform="placeName">
                  <settlement type="city" TEIform="settlement">Circleville</settlement>, <region type="state" reg="ohu" TEIform="region">Ohio</region>
               </placeName>, was to have read a paper on "The
                    Present Status of Local History in the Schools," but in her absence an
                    abstract of her paper was presented by the secretary. The paper will appear in
                    the published proceedings.</p><p TEIform="p">A business session followed, at which the election of officers was held.
                    Professor T. C. Greve, of <placeName TEIform="placeName">
                        <settlement type="city" TEIform="settlement">Cincinnati</settlement>
                    </placeName>, was elected president; vice-presidents, W. W. Longmore, of <placeName TEIform="placeName">
                        <region type="state" reg="kyu" TEIform="region">Kentucky</region>
                    </placeName>; Vergil Lewis, of <placeName TEIform="placeName">
                        <region type="state" reg="wvu" TEIform="region">West Virginia</region>
                    </placeName>; A. W. Dunn, of Indiana, and Professor Elson, of <placeName TEIform="placeName">
                        <region type="state" reg="ohu" TEIform="region">Ohio</region>
                    </placeName>; secretary and treasurer, Professor I. J. Cox, of <placeName TEIform="placeName">
                        <settlement type="city" TEIform="settlement">Cincinnati</settlement>
                    </placeName>; recording secretary and curator, Professor A. B. Hulbert, of
                    Marietta College. A committee was appointed to investigate and report on the
                    teaching of local history in the schools, and also one to investigate the
                    location and indexing of manuscripts.</p><p TEIform="p">The Saturday afternoon session was devoted to three papers:
                    "Braddock's Road," by Henry W. Temple, of <placeName TEIform="placeName">
                        <settlement type="city" TEIform="settlement">Washington</settlement>
                    </placeName> and Jefferson College; "Zane's Trace,"
                    by C. L. Martzollf, of <placeName TEIform="placeName">
                        <region type="state" reg="ohu" TEIform="region">Ohio</region>
                    </placeName> University; and "The Old Maysville Road," by
                    Samuel M. Wilson, of <placeName TEIform="placeName">
                  <settlement type="city" TEIform="settlement">Lexington</settlement>,
                            <region type="state" reg="kyu" TEIform="region">Kentucky</region>
               </placeName>. In Mr.
                    Wilson's absence, his paper was read for him by H. B. Mackoy, of
                            <placeName TEIform="placeName">
                  <settlement type="city" TEIform="settlement">Covington</settlement>, <region type="state" reg="kyu" TEIform="region">Kentucky</region>
               </placeName>.</p><p TEIform="p">The choice of a place of meeting for next year was left with the executive
                    committee. Invitations were extended by the representatives of a number of
                    cities, but the meeting will probably go to <placeName TEIform="placeName">
                  <settlement type="city" TEIform="settlement">Frankfort</settlement>, <region type="state" reg="kyu" TEIform="region">Kentucky</region>
               </placeName>.</p></div></body></text></TEI.2>