<?xml version="1.0" encoding="UTF-8"?><!DOCTYPE TEI.2 SYSTEM "http://purl.dlib.indiana.edu/iudl/imh/resource/xml/imh_issue.dtd"><TEI.2><teiHeader type="text" status="new" TEIform="teiHeader"><fileDesc TEIform="fileDesc"><titleStmt TEIform="titleStmt"><title TEIform="title">Indiana Magazine of History</title><respStmt TEIform="respStmt"><resp TEIform="resp">Encoded by</resp><name TEIform="name">Aptara Inc.</name></respStmt></titleStmt><publicationStmt TEIform="publicationStmt"><publisher TEIform="publisher">Digital Library Program, Indiana University</publisher><pubPlace TEIform="pubPlace">Bloomington, IN</pubPlace><date TEIform="date">2007</date><availability status="unknown" TEIform="availability"><p TEIform="p">Copyright 2007 Trustees of Indiana University</p><p TEIform="p">Indiana University provides the information contained in this file for non-commercial,
        personal, or research use only. All other use, including but not limited to commercial or
        scholarly reproductions, redistribution, publication or transmission, whether by electronic
        means or otherwise, without prior written permission of the copyright holder is strictly
        prohibited.</p></availability></publicationStmt><seriesStmt TEIform="seriesStmt"><title TEIform="title">Indiana Magazine of History</title></seriesStmt><notesStmt TEIform="notesStmt"><note type="review" place="unspecified" anchored="yes" TEIform="note">
                    <note type="titleReviewed" place="unspecified" anchored="yes" TEIform="note">The Indian Trail Down the WHitewater Valley</note>
                    <note type="authorReviewed" place="unspecified" anchored="yes" TEIform="note">J. L. Heinemann</note>
                </note></notesStmt><sourceDesc default="NO" TEIform="sourceDesc"><biblStruct default="NO" TEIform="biblStruct"><analytic TEIform="analytic"><title TEIform="title">Book Review</title></analytic><monogr TEIform="monogr"><title TEIform="title">Indiana Magazine of History</title><imprint TEIform="imprint"><pubPlace TEIform="pubPlace">Bloomington, IN</pubPlace><publisher TEIform="publisher">Indiana University Department of History in cooperation with
                                the Indiana Historical Society and the Indiana State Library</publisher><date TEIform="date">1913</date><biblScope type="issue" TEIform="biblScope">1</biblScope><biblScope type="volume" TEIform="biblScope">9</biblScope><biblScope type="pages" TEIform="biblScope">55-55</biblScope></imprint></monogr></biblStruct></sourceDesc></fileDesc><revisionDesc TEIform="revisionDesc"><change TEIform="change"><date TEIform="date">2007-06-26</date><respStmt TEIform="respStmt"><name TEIform="name">Annette D. Richmond</name></respStmt><item TEIform="item">Added additional publisher</item></change></revisionDesc></teiHeader><text><body><pb n="55" id="VAA4025-009-1-059" TEIform="pb"/><div type="bookReview" id="VAA4025-009-1-a09" org="uniform" sample="complete" part="N" TEIform="div"><head TEIform="head">OLD INDIAN TRAIL.</head><p TEIform="p">"The Indian Trail Down the <geogName TEIform="geogName">Whitewater
                    Valley</geogName>," by J. L. Heinemann, is an interesting and valuable
                    contribution to our studies of the Indian in this State. The once famous, but
                    now neglected, Whitewater region has received scant attention in historical
                    litearature, and everything relating to it will be welcome to the student. Our
                    knowledge of the old Indian routes is very meager. Only a few have been
                    definitely preserved, and Mr. Heinemann is to be commended for having added one
                    to the list. A chart of the trail shows it to have been the line of travel
                    between the Whitewater and the <placeName TEIform="placeName">
                        <region type="state" reg="deu" TEIform="region">Delaware</region>
                    </placeName> towns on <geogName TEIform="geogName">White river</geogName> at the present sites of <placeName TEIform="placeName">
                        <settlement type="city" TEIform="settlement">Muncie</settlement>
                    </placeName> and Anderson. It ran northwestward from <placeName TEIform="placeName">
                        <settlement type="city" TEIform="settlement">Cincinnati</settlement>
                    </placeName> via <placeName TEIform="placeName">
                  <settlement type="city" TEIform="settlement">Brookville</settlement>,
                            <settlement type="city" TEIform="settlement">Fairfield</settlement>
               </placeName> and <placeName TEIform="placeName">
                        <settlement type="city" TEIform="settlement">Connersville</settlement>
                    </placeName>, passing just east of <placeName TEIform="placeName">
                        <settlement type="city" TEIform="settlement">Newcastle</settlement>
                    </placeName>. Mr. Heinemann's study has evidently been thorough and
                    painstaking, and, incidentally, he gives a number of items of information
                    touching the early days of <placeName TEIform="placeName">
                        <settlement type="city" TEIform="settlement">Connersville</settlement>
                    </placeName>.</p></div></body></text></TEI.2>