<?xml version="1.0" encoding="UTF-8"?><!DOCTYPE TEI.2 SYSTEM "http://purl.dlib.indiana.edu/iudl/imh/resource/xml/imh_issue.dtd"><TEI.2><teiHeader type="text" status="new" TEIform="teiHeader"><fileDesc TEIform="fileDesc"><titleStmt TEIform="titleStmt"><title TEIform="title">Indiana Magazine of History</title><respStmt TEIform="respStmt"><resp TEIform="resp">Encoded by</resp><name TEIform="name">Aptara Inc.</name></respStmt></titleStmt><publicationStmt TEIform="publicationStmt"><publisher TEIform="publisher">Digital Library Program, Indiana University</publisher><pubPlace TEIform="pubPlace">Bloomington, IN</pubPlace><date TEIform="date">2007</date><availability status="unknown" TEIform="availability"><p TEIform="p">Copyright 2007 Trustees of Indiana University</p><p TEIform="p">Indiana University provides the information contained in this file for non-commercial,
        personal, or research use only. All other use, including but not limited to commercial or
        scholarly reproductions, redistribution, publication or transmission, whether by electronic
        means or otherwise, without prior written permission of the copyright holder is strictly
        prohibited.</p></availability></publicationStmt><seriesStmt TEIform="seriesStmt"><title TEIform="title">Indiana Magazine of History</title></seriesStmt><notesStmt TEIform="notesStmt"><note type="review" place="unspecified" anchored="yes" TEIform="note">
                    <note type="titleReviewed" place="unspecified" anchored="yes" TEIform="note">A Century of Indiana</note>
                    <note type="authorReviewed" place="unspecified" anchored="yes" TEIform="note">Edward E. Moore</note>
                </note></notesStmt><sourceDesc default="NO" TEIform="sourceDesc"><biblStruct default="NO" TEIform="biblStruct"><analytic TEIform="analytic"><title TEIform="title">Book Review</title><author TEIform="author">C. B. Coleman</author></analytic><monogr TEIform="monogr"><title TEIform="title">Indiana Magazine of History</title><imprint TEIform="imprint"><pubPlace TEIform="pubPlace">Indianapolis, IN</pubPlace><publisher TEIform="publisher">Published Under the Direction of The Indiana Historical
                                Society</publisher><date TEIform="date">1911</date><biblScope type="issue" TEIform="biblScope">2</biblScope><biblScope type="volume" TEIform="biblScope">7</biblScope><biblScope type="pages" TEIform="biblScope">87-88</biblScope></imprint></monogr></biblStruct></sourceDesc></fileDesc><revisionDesc TEIform="revisionDesc"><change TEIform="change"><date TEIform="date">2007-06-22</date><respStmt TEIform="respStmt"><name TEIform="name">Annette D. Richmond</name></respStmt><item TEIform="item">Changed publication place and publisher</item></change></revisionDesc></teiHeader><text><body><pb n="87" id="VAA4025-007-2-047" TEIform="pb"/><div type="bookReview" id="VAA4025-007-2-a08" org="uniform" sample="complete" part="N" TEIform="div"><head TEIform="head">REVIEWS OF BOOKS.</head><head TEIform="head">A CENTURY OF INDIANA.</head><p rend="center" TEIform="p">[By Edward E. Moore. Illustrated. pp. 266, xxii. American Book
                    Company, <placeName TEIform="placeName">
                        <settlement type="city" TEIform="settlement">Cincinnati</settlement>
                    </placeName>, 1911. 75 cents].</p><p TEIform="p">Senator Moore's book is entitled to high praise. It is an interesting,
                    convenient and useful sketch of the history of Indiana. Largely taken up with
                    political matters, and showing occasionally an inclination of undue friendliness
                    for the Republican party, it gives considerable attention to the agricultural,
                    industrial, social and educational progress of the State. The most serious
                    omission, perhaps, is the absence of any considerable notice of churches and of
                    religious developments, with the exception of an inaccurate notice (p. 42) on
                    the first Protestant preaching service in the State, corrected in a footnote,
                    and an appendix upon the socialistic experiments of <placeName TEIform="placeName">
                        <settlement type="city" TEIform="settlement">New Harmony</settlement>
                    </placeName> which touches upon the religious views of the Rappites.</p><p TEIform="p">The work is intended partly for use in schools and should be introduced into all
                    school libraries of the State. It is elementarr enough for use even in the
                    grammar grades, and yet substantial and valuable enough for work in high
                    schools. Its usefulness is increased by tables of statistics, and the present
                    constitution of the State given in the appendix.</p><pb n="88" id="VAA4025-007-2-048" TEIform="pb"/><p TEIform="p">From a critical point of view exception must be taken to several points. Modern
                    study seems to point to a common stock as the aboriginal race of North America,
                    including the Mound Builders, who should therefore be classed as Indians and not
                    as a distinct race. W. H. Smith's History of Indiana is drawn on
                    extensively, though ordinarily classed as a very poor historical authority. The
                    capture of Quebec in 1759 did not complete the conquest of <placeName TEIform="placeName">
                        <country reg="-cn" TEIform="country">Canada</country>
                    </placeName>, as stated on page 48, but was followed by a campaign against
                    Montreal, which did not surrender until 1760. Many other minor inaccuracies
                    might be pointed out, but they do not prevent the book from being of great use
                    as an introduction to the history of the State. It is not the highest authority
                    upon the history of Indiana, but it is a very interesting sketch of its
                    development.</p><byline rend="right" TEIform="byline">C. B. C<hi rend="sc" TEIform="hi">OLEMAN</hi>.</byline></div></body></text></TEI.2>