<?xml version="1.0" encoding="UTF-8"?><!DOCTYPE TEI.2 SYSTEM "http://purl.dlib.indiana.edu/iudl/imh/resource/xml/imh_issue.dtd"><TEI.2><teiHeader type="text" status="new" TEIform="teiHeader"><fileDesc TEIform="fileDesc"><titleStmt TEIform="titleStmt"><title TEIform="title">Indiana Magazine of History</title><respStmt TEIform="respStmt"><resp TEIform="resp">Encoded by</resp><name TEIform="name">Aptara Inc.</name></respStmt></titleStmt><publicationStmt TEIform="publicationStmt"><publisher TEIform="publisher">Digital Library Program, Indiana University</publisher><pubPlace TEIform="pubPlace">Bloomington, IN</pubPlace><date TEIform="date">2007</date><availability status="unknown" TEIform="availability"><p TEIform="p">Copyright 2007 Trustees of Indiana University</p><p TEIform="p">Indiana University provides the information contained in this file for non-commercial,
        personal, or research use only. All other use, including but not limited to commercial or
        scholarly reproductions, redistribution, publication or transmission, whether by electronic
        means or otherwise, without prior written permission of the copyright holder is strictly
        prohibited.</p></availability></publicationStmt><seriesStmt TEIform="seriesStmt"><title TEIform="title">Indiana Magazine of History</title></seriesStmt><notesStmt TEIform="notesStmt"><note type="review" place="unspecified" anchored="yes" TEIform="note">
                    <note type="titleReviewed" place="unspecified" anchored="yes" TEIform="note">Internal Improvements</note>
                    <note type="authorReviewed" place="unspecified" anchored="yes" TEIform="note">Logan Esarey</note>
                </note></notesStmt><sourceDesc default="NO" TEIform="sourceDesc"><biblStruct default="NO" TEIform="biblStruct"><analytic TEIform="analytic"><title TEIform="title">Book Review</title><author TEIform="author">G. S. C.</author></analytic><monogr TEIform="monogr"><title TEIform="title">Indiana Magazine of History</title><imprint TEIform="imprint"><pubPlace TEIform="pubPlace">Indianapolis, IN</pubPlace><publisher TEIform="publisher">Published Under the Direction of The Indiana Historical
                                Society</publisher><date TEIform="date">1912</date><biblScope type="issue" TEIform="biblScope">4</biblScope><biblScope type="volume" TEIform="biblScope">8</biblScope><biblScope type="pages" TEIform="biblScope">194-195</biblScope></imprint></monogr></biblStruct></sourceDesc></fileDesc><revisionDesc TEIform="revisionDesc"><change TEIform="change"><date TEIform="date">2007-06-25</date><respStmt TEIform="respStmt"><name TEIform="name">Annette D. Richmond</name></respStmt><item TEIform="item">Changed publication place and publisher, corrected titleReviewed and
                    authorReviewed</item></change></revisionDesc></teiHeader><text><body><pb n="194" id="VAA4025-008-4-046" TEIform="pb"/><div type="bookReview" id="VAA4025-008-4-a09" org="uniform" sample="complete" part="N" TEIform="div"><head TEIform="head">REVIEWS OF BOOKS.</head><head TEIform="head">MR. ESAREY'S "INTERNAL IMPROVEMENTS."</head><p TEIform="p">The fragmentary sketches of our internal improvement movements are as nothing compared to the
                    unchronicled facts of that vastly important part of our State's history. In a monograph
                    which will be Number 2 of Volume V of the Indiana Historical Society publications, Mr. Logan Esarey,
                    of Indiana University, presents a study of wider scope than has been attempted heretofore. About the
                    only other study that can be compared with it in thoroughness of research is Elbert Jay
                    Benton's "<placeName TEIform="placeName">
                        <region type="county" TEIform="region">Wabash</region>
                    </placeName> Trade Route," and <pb n="195" id="VAA4025-008-4-047" TEIform="pb"/> Mr. Benton, as his
                    title implies, aims only to touch part of the field.</p><p TEIform="p">Mr. Esarey's paper occupies 138 pages, but, as he says in his preface, the subject is much
                    too large for this limit. Nevertheless, within that limit he has succeeded in setting forth very
                    strikingly the kernel and substance of that particular chapter of our history which is always called
                    up by the words "Internal Improvement"—namely, the period of our
                    notorious craze culminating in the act of 1836 whereby the State paternally undertook to build an
                    elaborate system of improved transportation routes, whereby the land and all the inhabitants thereof
                    were to be made prosperous and happy. What came of that paternalism, with its unwisdom and its
                    graft, its politics and its eager feeding at the public crib, ought to be put in the form of a
                    simple text book and passed around among those optimistic people who think that paternalism is the
                    panacea for all human ills. As worked out by Mr. Esarey, the documents in the case are big with
                    lessons for posterity up to the present date, and it is probable that the lessons ought to be heeded
                    for a good while yet in spite of the growth of the new conscience in civic affairs.</p><p TEIform="p">We can not here give to Mr. Esarey's admirable piece of work the space that it ought to
                    have. Suffice to say, it will be appreciated by those students who have long been awaiting some such
                    presentation.</p><p TEIform="p">An interesting map by Mr. E. V. Shockley, of Indiana University, shows the old State system of
                    internal improvements. We would suggest that if the map had a key or legend it would help to a
                    quicker understanding of the various tracings. We note, also, that the monograph is not indexed. We
                    believe this is a mistake. When the pamphlet is bound up with others it will be covered by a general
                    index, but a study like this, which will be much used for reference, might well, for greater
                    convenience, have its own compact index.</p><p TEIform="p">The pamphlet can be had of The Bobbs-Merrill Company for fifty cents.</p><byline TEIform="byline">G. S. C.</byline></div></body></text></TEI.2>