<?xml version="1.0" encoding="UTF-8"?><!DOCTYPE TEI.2 SYSTEM "http://purl.dlib.indiana.edu/iudl/imh/resource/xml/imh_issue.dtd"><TEI.2><teiHeader type="text" status="new" TEIform="teiHeader"><fileDesc TEIform="fileDesc"><titleStmt TEIform="titleStmt"><title TEIform="title">Indiana Magazine of History</title><respStmt TEIform="respStmt"><resp TEIform="resp">Encoded by</resp><name TEIform="name">Aptara Inc.</name></respStmt></titleStmt><publicationStmt TEIform="publicationStmt"><publisher TEIform="publisher">Digital Library Program, Indiana University</publisher><pubPlace TEIform="pubPlace">Bloomington, IN</pubPlace><date TEIform="date">2007</date><availability status="unknown" TEIform="availability"><p TEIform="p">Copyright 2007 Trustees of Indiana University</p><p TEIform="p">Indiana University provides the information contained in this file for non-commercial,
        personal, or research use only. All other use, including but not limited to commercial or
        scholarly reproductions, redistribution, publication or transmission, whether by electronic
        means or otherwise, without prior written permission of the copyright holder is strictly
        prohibited.</p></availability></publicationStmt><seriesStmt TEIform="seriesStmt"><title TEIform="title">Indiana Magazine of History</title></seriesStmt><notesStmt TEIform="notesStmt"><note type="review" place="unspecified" anchored="yes" TEIform="note">
                    <note type="titleReviewed" place="unspecified" anchored="yes" TEIform="note">History of the Illinois Central Railroad to 1870</note>
                    <note type="authorReviewed" place="unspecified" anchored="yes" TEIform="note">Howard Gray Brownson</note>
                </note></notesStmt><sourceDesc default="NO" TEIform="sourceDesc"><biblStruct default="NO" TEIform="biblStruct"><analytic TEIform="analytic"><title TEIform="title">Book Review</title><author TEIform="author">L. E.</author></analytic><monogr TEIform="monogr"><title TEIform="title">Indiana Magazine of History</title><imprint TEIform="imprint"><pubPlace TEIform="pubPlace">Bloomington, IN</pubPlace><publisher TEIform="publisher">Indiana University Department of History in cooperation with
                                the Indiana Historical Society and the Indiana State Library</publisher><date TEIform="date">1916</date><biblScope type="issue" TEIform="biblScope">2</biblScope><biblScope type="volume" TEIform="biblScope">12</biblScope><biblScope type="pages" TEIform="biblScope">178-178</biblScope></imprint></monogr></biblStruct></sourceDesc></fileDesc><revisionDesc TEIform="revisionDesc"><change TEIform="change"><date TEIform="date">2007-06-29</date><respStmt TEIform="respStmt"><name TEIform="name">Annette D. Richmond</name></respStmt><item TEIform="item">Added additional publisher</item></change></revisionDesc></teiHeader><text><body><pb n="178" id="VAA4025-012-2-084" TEIform="pb"/><div type="bookReview" id="VAA4025-012-2-a08" org="uniform" sample="complete" part="N" TEIform="div"><head TEIform="head">
               <hi rend="i" TEIform="hi">History of the <placeName TEIform="placeName">
                            <region type="state" reg="ilu" TEIform="region">Illinois</region>
                        </placeName> Central Railroad to</hi> 1870. B<hi rend="sc" TEIform="hi">Y</hi> H<hi rend="sc" TEIform="hi">OWARD</hi> G<hi rend="sc" TEIform="hi">RAY</hi> B<hi rend="sc" TEIform="hi">ROWNSON</hi>, Ph.D., sometime fellow in economics, University
                    of <placeName TEIform="placeName">
                        <region type="state" reg="ilu" TEIform="region">Illinois</region>
                    </placeName>. University of <placeName TEIform="placeName">
                        <region type="state" reg="ilu" TEIform="region">Illinois</region>
                    </placeName> Studies in the Social Science, Vol IV, Nos. 3 and 4. <placeName TEIform="placeName">
                        <settlement type="city" TEIform="settlement">Urbana</settlement>
                    </placeName>: University of <placeName TEIform="placeName">
                        <region type="state" reg="ilu" TEIform="region">Illinois</region>
                    </placeName>, 1915. 182 p. $1.25.</head><p TEIform="p">O<hi rend="sc" TEIform="hi">NE</hi> of the most promising tendencies in the study of history in the American
                    colleges is the devotion of more and more time to local topics, especially the history of those
                    events or institutions whose influences are still with us. The <placeName TEIform="placeName">
                        <region type="state" reg="ilu" TEIform="region">Illinois</region>
                    </placeName> Central Railroad has played a leading part in the material and political, and perhaps
                    in the social, development of <placeName TEIform="placeName">
                        <region type="state" reg="ilu" TEIform="region">Illinois</region>
                    </placeName>. Dr. Brownson has performed a work of permanent social and political value in thus
                    historically acquainting the people of <placeName TEIform="placeName">
                        <region type="state" reg="ilu" TEIform="region">Illinois</region>
                    </placeName> with their greatest railway. The <placeName TEIform="placeName">
                        <region type="state" reg="ilu" TEIform="region">Illinois</region>
                    </placeName> Central is the first of the land-grant railroads and when the history of the railroads
                    of the <placeName TEIform="placeName">
                        <country reg="-us" TEIform="country">United States</country>
                    </placeName> is written the author will find ready to hand an adequate history of this one.</p><p TEIform="p">Dr. Brownson has divided his thesis into six chapters. The first deals with "<placeName TEIform="placeName">
                        <region type="state" reg="ilu" TEIform="region">Illinois</region>
                    </placeName> in 1850" in which he gives an economic review of the State; the second chapter
                    deals with "The Land Grant and the Charter." The State was confronted at the time
                    with a peculiar situation. It had wasted considerable resources in attempting to carry out a system
                    of Internal Improvements by the State. There was a strong party demanding that the State also use
                    this land grant itself in building a State road, but it was decided to turn the grant over to a
                    private corporation which successfully built the road. The third chapter describes the building of
                    the charter lines; the fourth chapter deals with the "Development of the System;"
                    the fifth chapter takes up the question of "Traffic, 1857-1870." This chapter
                    forms an excellent economic history of the period. When the road was projected most of the produce
                    was marketed at <placeName TEIform="placeName">
                        <settlement type="city" TEIform="settlement">New Orleans</settlement>
                    </placeName>, hence it was intended <hi rend="i" TEIform="hi">to</hi> make the main terminal at <placeName TEIform="placeName">
                        <settlement type="city" TEIform="settlement">Cairo</settlement>
                    </placeName>. The road soon had to face about and prepare to carry its freight to <placeName TEIform="placeName">
                        <settlement type="city" TEIform="settlement">Chicago</settlement>
                    </placeName>. The last chapter deals with the "Finances and Financing of the
                    Road." The subject is thus far more than merely local. The author has used the official
                    reports and other contemporary sources. It is a very valuable and readable contribution.</p><byline TEIform="byline">L. E.</byline></div></body></text></TEI.2>