<?xml version="1.0" encoding="UTF-8"?><!DOCTYPE TEI.2 SYSTEM "http://purl.dlib.indiana.edu/iudl/imh/resource/xml/imh_issue.dtd"><TEI.2><teiHeader type="text" status="new" TEIform="teiHeader"><fileDesc TEIform="fileDesc"><titleStmt TEIform="titleStmt"><title TEIform="title">Indiana Magazine of History</title><respStmt TEIform="respStmt"><resp TEIform="resp">Encoded by</resp><name TEIform="name">Aptara Inc.</name></respStmt></titleStmt><publicationStmt TEIform="publicationStmt"><publisher TEIform="publisher">Digital Library Program, Indiana University</publisher><pubPlace TEIform="pubPlace">Bloomington, IN</pubPlace><date TEIform="date">2007</date><availability status="unknown" TEIform="availability"><p TEIform="p">Copyright 2007 Trustees of Indiana University</p><p TEIform="p">Indiana University provides the information contained in this file for non-commercial,
        personal, or research use only. All other use, including but not limited to commercial or
        scholarly reproductions, redistribution, publication or transmission, whether by electronic
        means or otherwise, without prior written permission of the copyright holder is strictly
        prohibited.</p></availability></publicationStmt><seriesStmt TEIform="seriesStmt"><title TEIform="title">Indiana Magazine of History</title></seriesStmt><sourceDesc default="NO" TEIform="sourceDesc"><biblStruct default="NO" TEIform="biblStruct"><analytic TEIform="analytic"><title TEIform="title">Old Indianapolis Letter</title><author TEIform="author">Isaiah Osborn</author></analytic><monogr TEIform="monogr"><title TEIform="title">Indiana Magazine of History</title><imprint TEIform="imprint"><pubPlace TEIform="pubPlace">Indianapolis, IN</pubPlace><publisher TEIform="publisher">Published Under the Direction of The Indiana Historical Society</publisher><date TEIform="date">1908</date><biblScope type="issue" TEIform="biblScope">1</biblScope><biblScope type="volume" TEIform="biblScope">4</biblScope><biblScope type="pages" TEIform="biblScope">28-29</biblScope></imprint></monogr></biblStruct></sourceDesc></fileDesc><revisionDesc TEIform="revisionDesc"><change TEIform="change"><date TEIform="date">2007-06-18</date><respStmt TEIform="respStmt"><name TEIform="name">Annette D. Richmond</name></respStmt><item TEIform="item">Changed publication place and publisher, added author</item></change></revisionDesc></teiHeader><text><body><pb n="28" id="VAA4025-004-1-030" TEIform="pb"/><div type="scholarlyArticle" id="VAA4025-004-1-a09" org="uniform" sample="complete" part="N" TEIform="div"><head TEIform="head">OLD INDIANAPOLIS LETTER.</head><p TEIform="p">[To Mr. Arthur Osborn, of <placeName TEIform="placeName">
                        <settlement type="city" TEIform="settlement">Spiceland</settlement>
                    </placeName>, we are indebted for the following copy of an old family letter to his brother John,
                    then of <placeName TEIform="placeName">
                        <region type="state" reg="ohu" TEIform="region">Ohio</region>
                    </placeName>, but who later lived and died in Economy, <placeName TEIform="placeName">
                        <region type="county" TEIform="region">Wayne county</region>
                    </placeName>, Indiana, which town their father, Charles Osborn, laid out. This letter is written on
                    a sheet of paper folded in such a way that the sheet made the envelope as well as a place on which
                    to write. It was sealed with a wafer, and the cost of carriage (18 3/4 c) was paid a; the receiving
                    office.]</p><p TEIform="p">
                    <text TEIform="text"><body TEIform="body"><div type="letter" org="uniform" sample="complete" part="N" TEIform="div"><dateline TEIform="dateline">
                                    <address TEIform="address"><addrLine rend="right" TEIform="addrLine">P<hi rend="sc" TEIform="hi">RINTING</hi> O<hi rend="sc" TEIform="hi">FFICE</hi>, I<hi rend="sc" TEIform="hi">NDIANAPOLIS</hi>, C<hi rend="sc" TEIform="hi">ENTER</hi> T<hi rend="sc" TEIform="hi">OWNSHIP</hi>,</addrLine><addrLine TEIform="addrLine">M<hi rend="sc" TEIform="hi">ARION</hi> C<hi rend="sc" TEIform="hi">OUNTY</hi>, I<hi rend="sc" TEIform="hi">NDIANA</hi>,</addrLine></address>
                                    <date TEIform="date">F<hi rend="sc" TEIform="hi">IRST</hi> D<hi rend="sc" TEIform="hi">AY</hi> 13th <hi rend="sc" TEIform="hi">OF</hi> 1st
                                            M<hi rend="sc" TEIform="hi">ONTH</hi>, 1828.</date>
                                </dateline><p TEIform="p">I YESTERDAY received thy letter of 12th Mo. 9th, which had been detained by high
                                    water till this time. The land in <placeName TEIform="placeName">
                                        <region type="county" TEIform="region">Wayne county</region>
                                    </placeName> is to be had on good terms generally. The National Road goes through <placeName TEIform="placeName">
                                        <settlement type="city" TEIform="settlement">Richmond</settlement>
                                    </placeName>, <placeName TEIform="placeName">
                                        <settlement type="city" TEIform="settlement">Centervilie</settlement>
                                    </placeName>, this place and <placeName TEIform="placeName">
                                        <settlement type="city" TEIform="settlement">Terre Haute</settlement>
                                    </placeName>, on the <placeName TEIform="placeName">
                                        <region type="county" TEIform="region">Wabash</region>
                                    </placeName>, strait from point to point. It is seventy-one miles to the <placeName TEIform="placeName">
                                        <region type="state" reg="ohu" TEIform="region">Ohio</region>
                                    </placeName> line, seventy-five to <placeName TEIform="placeName">
                                        <settlement type="city" TEIform="settlement">Terre Haute</settlement>
                                    </placeName>. This town is situated on the east side of <geogName TEIform="geogName">White
                                    river</geogName> in a high, dry bottom, the court house three-fourths of a mile from
                                    the river. The place begins to look like a town. There are about a thousand acres
                                    cut smooth, ten stores, six taverns! a court house which cost $15,000,
                                    many fine houses, and six weeks back had in it 1,066 inhabitants, lots worth
                                    $100 and the place somewhat sickly but improving. A few Friends in the
                                    county, two families in town; eleven miles to Monthly meeting. I have not been to
                                    Friends' meeting since Yearly meeting.</p><p TEIform="p">The Legislature has been six weeks in session here; it expects to adjourn in one
                                    more. Bill Elliot is a member. I work by the piece; make from three to four dollars
                                    a week clear. I could get work all next summer, but I do not want it here. I shall
                                    quit in the spring, go to <placeName TEIform="placeName">
                                        <region type="county" TEIform="region">Wayne</region>
                                    </placeName> perhaps, work on my land or teach a school, and I have promised to go
                                    to father's to see them in the spring, or I will go into business in <placeName TEIform="placeName">
                                        <settlement type="city" TEIform="settlement">Richmond</settlement>
                                    </placeName> in the office if terms will suit. I can best tell when the time comes.</p><p TEIform="p">Myself—I dress fashionable, wear a white hat, blue cloth coat with metal
                                    buttons, and other garments as may best suit the time or my circumstances. I am out
                                    of debt, and have Benjamin Lundie's and Thomas Hoge's notes to the
                                    amount of $130 <pb n="29" id="VAA4025-004-1-031" TEIform="pb"/> which I never expect
                                    to get, and I have about thirty dollars' worth of property in <placeName TEIform="placeName">
                                        <region type="county" TEIform="region">Wayne county</region>
                                    </placeName>, besides my clothes, and eighty acres of land adjoining E. Swain, Jr.,
                                    on one side and E. Swain, Sr., on the other, for which I have the certificate of
                                    purchase (though I had like to have lost it this way. I sent $100 <placeName TEIform="placeName">
                                        <country reg="-us" TEIform="country">United States</country>
                                    </placeName> paper to <placeName TEIform="placeName">
                                        <settlement type="city" TEIform="settlement">Cincinnati</settlement>
                                    </placeName> by a man to purchase it. He went to the office and made the purchase in
                                    the day, and at night was at the auction sale where a pickpocket crowded in and got
                                    the pocketbook out of his pocket, containing four dollars in money and all his
                                    papers, my certificate with the rest. But he went to the office again, made oath to
                                    it and got another, providing that the last one shall draw the patent.)</p><closer rend="right" TEIform="closer">(Signed) <signed TEIform="signed">I<hi rend="sc" TEIform="hi">SAIAH</hi> O<hi rend="sc" TEIform="hi">SBORN</hi>
                           </signed>. </closer></div></body></text>
                </p></div></body></text></TEI.2>