<?xml version="1.0" encoding="UTF-8"?><!DOCTYPE TEI.2 SYSTEM "http://purl.dlib.indiana.edu/iudl/imh/resource/xml/imh_issue.dtd"><TEI.2><teiHeader type="text" status="new" TEIform="teiHeader"><fileDesc TEIform="fileDesc"><titleStmt TEIform="titleStmt"><title TEIform="title">Indiana Magazine of History</title><respStmt TEIform="respStmt"><resp TEIform="resp">Generated by</resp><name TEIform="name">Digital Library Program, Indiana University</name></respStmt></titleStmt><publicationStmt TEIform="publicationStmt"><publisher TEIform="publisher">Digital Library Program, Indiana University</publisher><pubPlace TEIform="pubPlace">Bloomington, IN</pubPlace><date TEIform="date">2007</date><availability status="unknown" TEIform="availability"><p TEIform="p">Copyright 2007 Trustees of Indiana University</p><p TEIform="p">Indiana University provides the information contained in this file for non-commercial,
        personal, or research use only. All other use, including but not limited to commercial or
        scholarly reproductions, redistribution, publication or transmission, whether by electronic
        means or otherwise, without prior written permission of the copyright holder is strictly
        prohibited.</p></availability></publicationStmt><seriesStmt TEIform="seriesStmt"><title TEIform="title">Indiana Magazine of History</title></seriesStmt><sourceDesc default="NO" TEIform="sourceDesc"><biblStruct default="NO" TEIform="biblStruct"><analytic TEIform="analytic"><title TEIform="title">Statement of the Ownership, Management, Circulation, Etc.</title></analytic><monogr TEIform="monogr"><title TEIform="title">Indiana Magazine of History</title><imprint TEIform="imprint"><pubPlace TEIform="pubPlace">Bloomington, IN</pubPlace><publisher TEIform="publisher">Indiana University Department of History in cooperation with the Indiana
                                Historical Society</publisher><date TEIform="date">1913</date><biblScope type="issue" TEIform="biblScope">1</biblScope><biblScope type="volume" TEIform="biblScope">9</biblScope><biblScope type="pages" TEIform="biblScope">56-56</biblScope></imprint></monogr></biblStruct></sourceDesc></fileDesc></teiHeader><text><body><pb n="56" id="VAA4025-009-1-060" TEIform="pb"/><div type="editorialMaterial" id="VAA4025-009-1-a13" org="uniform" sample="complete" part="N" TEIform="div"><head TEIform="head">STATEMENT OF THE OWNERSHIP, MANAGEMENT, CIRCULATION, ETC.</head><p TEIform="p">Of the Indiana Quarterly Magazine of History, published quarterly (March, June,
                    September, December), at <placeName TEIform="placeName">
                  <settlement type="city" TEIform="settlement">Indianapolis</settlement>, <region type="state" reg="inu" TEIform="region">Ind.</region>
               </placeName>, required by the Act of August 24, 1912: Name of
                    editor, George S. Cottman, <placeName TEIform="placeName">
                        <settlement type="city" TEIform="settlement">Indianapolis</settlement>
                    </placeName>; business manager, Demarchus C Brown, State Library, <placeName TEIform="placeName">
                        <settlement type="city" TEIform="settlement">Indianapolis</settlement>
                    </placeName>; published under the direction of the Indiana Historical Society;
                    owners, Indiana Historical Society. No one receives pay for editing this
                    quarterly, or managing it.</p><p rend="right" TEIform="p">D<hi rend="sc" TEIform="hi">EMARCHUS</hi> C. B<hi rend="sc" TEIform="hi">ROWN</hi>, Business
                    Manager.</p><p TEIform="p">Sworn to and subscribed before me this 30th day of September, 1912.</p><p rend="right" TEIform="p">A<hi rend="sc" TEIform="hi">MOS</hi> W. B<hi rend="sc" TEIform="hi">UTLER</hi>, Notary Public.
                    (My commission expires June 28, 1914.)</p></div></body></text></TEI.2>