<?xml version="1.0" encoding="UTF-8"?><!DOCTYPE TEI.2 SYSTEM "http://purl.dlib.indiana.edu/iudl/imh/resource/xml/imh_issue.dtd"><TEI.2><teiHeader type="text" status="new" TEIform="teiHeader"><fileDesc TEIform="fileDesc"><titleStmt TEIform="titleStmt"><title TEIform="title">Indiana Magazine of History</title><respStmt TEIform="respStmt"><resp TEIform="resp">Encoded by</resp><name TEIform="name">Aptara Inc.</name></respStmt></titleStmt><publicationStmt TEIform="publicationStmt"><publisher TEIform="publisher">Digital Library Program, Indiana University</publisher><pubPlace TEIform="pubPlace">Bloomington, IN</pubPlace><date TEIform="date">2007</date><availability status="unknown" TEIform="availability"><p TEIform="p">Copyright 2007 Trustees of Indiana University</p><p TEIform="p">Indiana University provides the information contained in this file for non-commercial,
        personal, or research use only. All other use, including but not limited to commercial or
        scholarly reproductions, redistribution, publication or transmission, whether by electronic
        means or otherwise, without prior written permission of the copyright holder is strictly
        prohibited.</p></availability></publicationStmt><seriesStmt TEIform="seriesStmt"><title TEIform="title">Indiana Magazine of History</title></seriesStmt><notesStmt TEIform="notesStmt"><note type="review" place="unspecified" anchored="yes" TEIform="note">
                    <note type="titleReviewed" place="unspecified" anchored="yes" TEIform="note">History of Indianapolis</note>
                    <note type="authorReviewed" place="unspecified" anchored="yes" TEIform="note">Jacob Piatt Dunn</note>
                </note></notesStmt><sourceDesc default="NO" TEIform="sourceDesc"><biblStruct default="NO" TEIform="biblStruct"><analytic TEIform="analytic"><title TEIform="title">Book Review</title></analytic><monogr TEIform="monogr"><title TEIform="title">Indiana Magazine of History</title><imprint TEIform="imprint"><pubPlace TEIform="pubPlace">Indianapolis, IN</pubPlace><publisher TEIform="publisher">Published Under the Direction of
                                the Indiana Historical Society</publisher><date TEIform="date">1910</date><biblScope type="issue" TEIform="biblScope">4</biblScope><biblScope type="volume" TEIform="biblScope">6</biblScope><biblScope type="pages" TEIform="biblScope">187-189</biblScope></imprint></monogr></biblStruct></sourceDesc></fileDesc><revisionDesc TEIform="revisionDesc"><change TEIform="change"><date TEIform="date">2007-06-27</date><respStmt TEIform="respStmt"><name TEIform="name">Natalie E. Whitted</name></respStmt><item TEIform="item">Changed pubPlace and publisher.</item></change></revisionDesc></teiHeader><text><body><pb n="187" id="VAA4025-006-4-051" TEIform="pb"/><div type="bookReview" id="VAA4025-006-4-a08" org="uniform" sample="complete" part="N" TEIform="div"><head TEIform="head">REVIEWS OF BOOKS.</head><head TEIform="head">HISTORY OF INDIANAPOLIS.<lb TEIform="lb"/> [By Jacob Piatt Dunn. Illustrated. 2v., pp. 641,
                    616, numbered consecutively 1257. The Lewis Publishing Co., <placeName TEIform="placeName">
                        <settlement type="city" TEIform="settlement">Chicago</settlement>
                    </placeName>. 1910. Sold by subscription only, $25.]</head><p TEIform="p">This work consists, as most county and city histories do, of two distinct parts.
                    Volume I is a history of <placeName TEIform="placeName">
                        <settlement type="city" TEIform="settlement">Indianapolis</settlement>
                    </placeName>, called in the subtitle The Greater <placeName TEIform="placeName">
                        <settlement type="city" TEIform="settlement">Indianapolis</settlement>
                    </placeName>, and volume II is a series of biographical sketches of the
                    "leading citizens." The author, Mr. Dunn, has evidently had
                    nothing whatever to do with volume II. His work as a historian of <placeName TEIform="placeName">
                        <settlement type="city" TEIform="settlement">Indianapolis</settlement>
                    </placeName> must be considered first, and independently of the biographical
                    studies.</p><p TEIform="p">Mr. Dunn's work is called for by the absence of any recent history of <placeName TEIform="placeName">
                        <settlement type="city" TEIform="settlement">Indianapolis</settlement>
                    </placeName>. Twenty-five or more years has passed since the appearance of
                    Sulgrove's History of <placeName TEIform="placeName">
                        <settlement type="city" TEIform="settlement">Indianapolis</settlement>
                    </placeName> and <placeName TEIform="placeName">
                        <region type="county" TEIform="region">Marion county</region>
                    </placeName>. In view of the fact, however, that relatively a good deal about
                    the early history of the city had been already put into book form, Mr. Dunn
                    would have done well to have given a larger part of his work to recent
                    developments and less to early days. In some places, also, Mr. Dunn
                    goes' into lengthy details and occasionally gives space to trifles, but
                    when 641 quarto pages are given to <placeName TEIform="placeName">
                        <settlement type="city" TEIform="settlement">Indianapolis</settlement>
                    </placeName> there is perhaps room for this. The author's genial
                    personality occasionally comes to the surface in interesting but undignified
                    phrases, as in connection with the famous Dudley letter of instructions for the
                    election of 1888 that floaters be organized in blocks of five with a
                    "trusted man with the necessary funds in charge." Mr. Dunn
                    refers to a change of words in the newspaper publication of the letter as made
                    by "some Eastern ass." These are comparatively minor
                    criticisms, however, of a work which is evidently entitled to the highest
                    praise.</p><p TEIform="p">So far as the reviewer has been able to verify statements, Mr. Dunn is accurate
                    in his facts and fair in his inferences. There has been a vast amount of
                    research and investigation in the making of the history. It would not have been
                    a genuine product of its author <pb n="188" id="VAA4025-006-4-052" TEIform="pb"/> if he had
                    not gone fully into disputed questions. The mooted point as to whether George
                    Pogue or John McCormick was the first settler is decided by Mr. Dunn in favor of
                    McCormick in the best treatment of the subject yet published. That history is
                    riot yet an exact science, however, may be seen by the appearance in 1908 of a
                    statement by the honored president of the Indiana Historical Society that
                    Ignatius Brown had "marshalled such an array of evidence as seems to
                    leave little room for further doubt" that George Pogue was the first
                    settler (D. W. Howe. "Making a Capital in the Wilderness,"
                    page 315), and by Mr. Dunn's full discussion ending with the verdict,
                    "the conclusion seems irresistible ∗ ∗
                    ∗ that John McCormick was the first permanent settler"
                    (History of <placeName TEIform="placeName">
                        <settlement type="city" TEIform="settlement">Indianapolis</settlement>
                    </placeName>, I, 45). It ought to be added, however, that Dr. Dunn accepts the
                    tradition that George Pogue's house was the first house built, having
                    been put up in 1819 by one Ute Perkins and abandoned by him but occupied
                    afterwards by George Pogue.</p><p TEIform="p">The one omission of any consequence is the neglect to give any account of
                    organized charity work in the city. The importance and significance of the
                    Charity Organization Society entitles it to con. siderable notice, if not to a
                    chapter by itself. More than offsetting this, is Ah. Dunn's good
                    judgment in omitting much material which wearies the reviewer of most county
                    histories, namely the early history of the North American continent as a whole
                    and the early history of the State. Every local historian in this part of the
                    country either has to take a running start before he jumps into his subject, or
                    else assumes that his reader will doubt the existence of his county unless he
                    ties it back to <placeName TEIform="placeName">
                        <settlement type="city" TEIform="settlement">Columbus</settlement>
                    </placeName> or even to the creation of the world. Mr. Dunn omits all that and
                    starts in with the beginnings of <placeName TEIform="placeName">
                        <settlement type="city" TEIform="settlement">Indianapolis</settlement>
                    </placeName>.</p><p TEIform="p">Not the least merit of the first volume is the style of the narrative. It is
                    clear, vivid and interesting—it makes good reading. There is always a
                    lurking humor even in the account of the most commonplace subjects. What reader
                    is not refreshed in reading about an early insurance company by coming without
                    warning upon this, "It ran along until Childs became infatuated with a
                    young woman and eloped to <placeName TEIform="placeName">
                        <region type="state" reg="oru" TEIform="region">Oregon</region>
                    </placeName>, leaving a wife and a Sunday-school, of which he was
                    superintendent, to mourn his loss" (Volume I, p. 363). Every citizen of <placeName TEIform="placeName">
                        <settlement type="city" TEIform="settlement">Indianapolis</settlement>
                    </placeName>, old or new, will and that he <pb n="189" id="VAA4025-006-4-053" TEIform="pb"/>
                    will get not only a great deal of valuable Information about his city, but a
                    great deal of entertainment in running over the pages of the History of Greater <placeName TEIform="placeName">
                        <settlement type="city" TEIform="settlement">Indianapolis</settlement>
                    </placeName>.</p><p TEIform="p">As to the advertising part of the work. the series of autobiographical sketches
                    which comprise volume II, the least said the better. What can be said of
                    publishers who insert a full-page plate of "Pop" June and give
                    us no likeness of Senator Beveridge, Governor Marshall and Vice-president
                    Fairbanks; whose only account of President Harrison is a passing reference under
                    the title of Colonel Russell B. Harrison; who omit entirely such men of the past
                    as George P. julian and such men of this generation as Hugh H.
                    Hanna—what but that they are out to make as much money as possible
                    out of the vanity of cur "prominent citizens." It is
                    surprising how many prominent citizens we have. The reviewer is compelled to
                    confess that, after a residence of some years in <placeName TEIform="placeName">
                        <settlement type="city" TEIform="settlement">Indianapolis</settlement>
                    </placeName>, he was not aware that the city possessed such a stock of patriotic
                    soldiers, illustrious doctors, loyal and devoted citizens, remarkable business
                    men, distinguished educators, men who have gained impregnable holds upon popular
                    confidence and esteem, judges whose courses on the bench have been marked by
                    great discrimination, fidelity and judicial acumen so that their official
                    records stand to their perpetual credit, sons who have added laurels to the
                    honored names of fathers, as here give an account of themselves.</p></div></body></text></TEI.2>