<?xml version="1.0" encoding="UTF-8"?><!DOCTYPE TEI.2 SYSTEM "http://purl.dlib.indiana.edu/iudl/imh/resource/xml/imh_issue.dtd"><TEI.2><teiHeader type="text" status="new" TEIform="teiHeader"><fileDesc TEIform="fileDesc"><titleStmt TEIform="titleStmt"><title TEIform="title">Indiana Magazine of History</title><respStmt TEIform="respStmt"><resp TEIform="resp">Encoded by</resp><name TEIform="name">Aptara Inc.</name></respStmt></titleStmt><publicationStmt TEIform="publicationStmt"><publisher TEIform="publisher">Digital Library Program, Indiana University</publisher><pubPlace TEIform="pubPlace">Bloomington, IN</pubPlace><date TEIform="date">2007</date><availability status="unknown" TEIform="availability"><p TEIform="p">Copyright 2007 Trustees of Indiana University</p><p TEIform="p">Indiana University provides the information contained in this file for non-commercial,
        personal, or research use only. All other use, including but not limited to commercial or
        scholarly reproductions, redistribution, publication or transmission, whether by electronic
        means or otherwise, without prior written permission of the copyright holder is strictly
        prohibited.</p></availability></publicationStmt><seriesStmt TEIform="seriesStmt"><title TEIform="title">Indiana Magazine of History</title></seriesStmt><notesStmt TEIform="notesStmt"><note type="review" place="unspecified" anchored="yes" TEIform="note">
                    <note type="titleReviewed" place="unspecified" anchored="yes" TEIform="note">The Peace of Mad Anthony</note>
                    <note type="authorReviewed" place="unspecified" anchored="yes" TEIform="note">Frazer E. Wilson</note>
                </note></notesStmt><sourceDesc default="NO" TEIform="sourceDesc"><biblStruct default="NO" TEIform="biblStruct"><analytic TEIform="analytic"><title TEIform="title">Book Review</title></analytic><monogr TEIform="monogr"><title TEIform="title">Indiana Magazine of History</title><imprint TEIform="imprint"><pubPlace TEIform="pubPlace">Indianapolis, IN</pubPlace><publisher TEIform="publisher">Published Under the Direction of The Indiana Historical
                                Society</publisher><date TEIform="date">1911</date><biblScope type="issue" TEIform="biblScope">1</biblScope><biblScope type="volume" TEIform="biblScope">7</biblScope><biblScope type="pages" TEIform="biblScope">39-39</biblScope></imprint></monogr></biblStruct></sourceDesc></fileDesc><revisionDesc TEIform="revisionDesc"><change TEIform="change"><date TEIform="date">2007-06-22</date><respStmt TEIform="respStmt"><name TEIform="name">Annette D. Richmond</name></respStmt><item TEIform="item">Changed publication place and publisher</item></change></revisionDesc></teiHeader><text><body><pb n="39" id="VAA4025-007-1-041" TEIform="pb"/><div type="bookReview" id="VAA4025-007-1-a11" org="uniform" sample="complete" part="N" TEIform="div"><head TEIform="head">REVIEWS OF BOOKS.</head><head TEIform="head">THE PEACE OF MAD ANTHONY.</head><p TEIform="p">[Frazer E. Wilson. 122 pp. Illustrated. Published by the author at <placeName TEIform="placeName">
                  <settlement type="city" TEIform="settlement">Greenville</settlement>, <region type="state" reg="ohu" TEIform="region">Ohio</region>
               </placeName>, 1909.]</p><p TEIform="p">This book is a revision of the author's earlier "Treaty of <placeName TEIform="placeName">
                        <settlement type="city" TEIform="settlement">Greenville</settlement>
                    </placeName>," and consists essentially of papers appearing in the <placeName TEIform="placeName">
                        <region type="state" reg="ohu" TEIform="region">Ohio State</region>
                    </placeName> Archaeological and Historical Society's publications, and in the Ohio
                    Magazine. It gives a detailed, readable and accurate zccount of the Indian troubles in the
                    northwest, culminating in <placeName TEIform="placeName">
                        <region type="county" TEIform="region">Wayne</region>
                    </placeName>'s victorious campaign, and of the Treaty of <placeName TEIform="placeName">
                        <settlement type="city" TEIform="settlement">Greenville</settlement>
                    </placeName> itself. The illustrations of monuments, views and medals, and the maps, add to the
                    interest and clearness of the narrative.</p></div></body></text></TEI.2>