<?xml version="1.0" encoding="UTF-8"?><!DOCTYPE TEI.2 SYSTEM "http://purl.dlib.indiana.edu/iudl/imh/resource/xml/imh_issue.dtd"><TEI.2><teiHeader type="text" status="new" TEIform="teiHeader"><fileDesc TEIform="fileDesc"><titleStmt TEIform="titleStmt"><title TEIform="title">Indiana Magazine of History</title><respStmt TEIform="respStmt"><resp TEIform="resp">Encoded by</resp><name TEIform="name">Aptara Inc.</name></respStmt></titleStmt><publicationStmt TEIform="publicationStmt"><publisher TEIform="publisher">Digital Library Program, Indiana University</publisher><pubPlace TEIform="pubPlace">Bloomington, IN</pubPlace><date TEIform="date">2007</date><availability status="unknown" TEIform="availability"><p TEIform="p">Copyright 2007 Trustees of Indiana University</p><p TEIform="p">Indiana University provides the information contained in this file for non-commercial,
        personal, or research use only. All other use, including but not limited to commercial or
        scholarly reproductions, redistribution, publication or transmission, whether by electronic
        means or otherwise, without prior written permission of the copyright holder is strictly
        prohibited.</p></availability></publicationStmt><seriesStmt TEIform="seriesStmt"><title TEIform="title">Indiana Magazine of History</title></seriesStmt><sourceDesc default="NO" TEIform="sourceDesc"><biblStruct default="NO" TEIform="biblStruct"><analytic TEIform="analytic"><title TEIform="title">Index of Historical Articles in Indiana Newspapers</title><author TEIform="author">Florence Venn</author></analytic><monogr TEIform="monogr"><title TEIform="title">Indiana Magazine of History</title><imprint TEIform="imprint"><pubPlace TEIform="pubPlace">Indianapolis, IN</pubPlace><publisher TEIform="publisher">Published Under the Direction of The Indiana Historical
                                Society</publisher><date TEIform="date">1911</date><biblScope type="issue" TEIform="biblScope">2</biblScope><biblScope type="volume" TEIform="biblScope">7</biblScope><biblScope type="pages" TEIform="biblScope">82-85</biblScope></imprint></monogr></biblStruct></sourceDesc></fileDesc><revisionDesc TEIform="revisionDesc"><change TEIform="change"><date TEIform="date">2007-06-22</date><respStmt TEIform="respStmt"><name TEIform="name">Annette D. Richmond</name></respStmt><item TEIform="item">Changed publication place and publisher, removed extra title information</item></change></revisionDesc></teiHeader><text><body><pb n="[82]" id="VAA4025-007-2-042" TEIform="pb"/><div type="scholarlyArticle" id="VAA4025-007-2-a06" org="uniform" sample="complete" part="N" TEIform="div"><head TEIform="head">INDEX OF HISTORICAL ARTICLES IN INDIANA NEWSPAPERS. MARCH, 1911—
                    MAY, 1911</head><byline TEIform="byline">
               <hi rend="i" TEIform="hi">PREPARED BY FLORENCE VENN, Reference Librarian, Indiana State
                        Library</hi>.</byline><p rend="center" TEIform="p">Abbreviations: Ind., <placeName TEIform="placeName">
                        <settlement type="city" TEIform="settlement">Indianapolis</settlement>
                    </placeName>; mag. sec., magazine section; p., page; c., column.</p><list type="simple" TEIform="list"><item TEIform="item">Automobiles. Picture of first gasoline auto built in <placeName TEIform="placeName">
                            <country TEIform="country">America</country>
                        </placeName>. by Indiana man. Ind. Star, Mar. 1, 1911, p. 4, c. 2.</item><item TEIform="item">Bracken's Rangers. Reunion of. Ind. Star, May 28, 1911, p. 22, c.
                        1.</item><item TEIform="item">Camp Morton. Camp Morton fifty years ago. Ind. NCWS, May 5, 1911, p. 11,
                        c. 4.</item><item TEIform="item">Camp <placeName TEIform="placeName">
                            <region type="county" TEIform="region">Wayne</region>
                        </placeName>. Judge Fox tells of it. <placeName TEIform="placeName">
                            <settlement type="city" TEIform="settlement">Richmond Palladium</settlement>
                        </placeName>, May 17, 1911, sec. 2, p. 6, c. 6.</item><item TEIform="item">Civil War. Some Indiana soldiers who were "shot to
                        pieces." Ind. Star, Mar. 19, 1911, p. 5, c. 5. <placeName TEIform="placeName">
                            <settlement type="city" TEIform="settlement">Muncie</settlement>
                        </placeName> Star, Mar. 19, 1911, sec. 2, p. 3. <placeName TEIform="placeName">
                            <settlement type="city" TEIform="settlement">Terre Haute</settlement>
                        </placeName> Star, Mar. 19, 1911, mag. sec., p. 3.</item><item TEIform="item">— Veterans recall days in <placeName TEIform="placeName">
                            <settlement type="city" TEIform="settlement">Terre Haute</settlement>
                        </placeName> when Lincoln first called for troops. <placeName TEIform="placeName">
                            <settlement type="city" TEIform="settlement">Terre Haute</settlement>
                        </placeName> Star, Mar. 26, 1911, p. 5, c. 1.</item><item TEIform="item">— John Harrison recalls incidents in Indiana at the fall of Ft.
                        Sumter. Ind. Star, Apr. 13, 1911, p. 4, c. 2.</item><item TEIform="item">— Fifty years ago to-day in Indiana. Ind. Star, Apr. 12, 1911,
                        p. 8, c. 6. (Continued daily on editorial page).</item><item TEIform="item">— Mustering of troops in Indiana fifty years ago. <placeName TEIform="placeName">
                            <settlement type="city" TEIform="settlement">South Bend Tribune</settlement>
                        </placeName>, Apr. 20, 1911, p. 6, c. 1. Ind. News, Apr. 18, 1911, p. 2, c.
                        3.</item><item TEIform="item">— First regiment organized in <placeName TEIform="placeName">
                            <region type="county" TEIform="region">St. Joseph county</region>
                        </placeName> left for the front April 19, 1861. <placeName TEIform="placeName">
                            <settlement type="city" TEIform="settlement">South Bend Tribune</settlement>
                        </placeName>, Apr. 18, 1911, p. 8, c. 1.</item><item TEIform="item">— <placeName TEIform="placeName">
                            <settlement type="city" TEIform="settlement">Bloomington</settlement>
                        </placeName> veterans celebrate fiftieth anniversary of their enlistment.
                        Ind. Star, Apr. 15, 1911, p. 4, c. 1.</item><item TEIform="item">— Indiana's response to Lincoln's call for
                        troops. Ind. News, Apr. 15, 1911, p. 7, c. 5.</item><item TEIform="item">— Eleventh Indiana at <placeName TEIform="placeName">
                            <settlement type="city" TEIform="settlement">Ft. Donelson</settlement>
                        </placeName>. Ind. News, Apr. 22, 1911, p. 14.</item><pb n="83" id="VAA4025-007-2-043" TEIform="pb"/><item TEIform="item">— Equipping troops was slow work. Ind. News, Apr. 27, 1911, p.
                        2, c. 3. Muncie Press, May 2, 1911, p. 4, c. 3.</item><item TEIform="item">— William Dehart says he was the first to enlist. Ind. News,
                        May 2, 1911, p. 7, c. 3.</item><item TEIform="item">—. Indiana troops on road in May, 1861. Ind. News, May 6, 1911,
                        p. 5, c. 1.</item><item TEIform="item">— Indiana Zouaves in the war. Ind. Star, May 7, 1911, mag.
                        see., p. 8.</item><item TEIform="item">— <placeName TEIform="placeName">
                            <region type="county" TEIform="region">Wayne county</region>
                        </placeName> soldiers. <placeName TEIform="placeName">
                            <settlement type="city" TEIform="settlement">Richmond Palladium</settlement>
                        </placeName>, May 17, 1911, sec. 2, p. 7, c. 1.</item><item TEIform="item">— Indiana at the outbreak of the war. Ind. News, May 20, 1911,
                        p. 14.</item><item TEIform="item">— Experiences of Father Corby. Ind. Star, May 28, 1911, mag.
                        see., p. 6, c. 4. <placeName TEIform="placeName">
                            <settlement type="city" TEIform="settlement">South Bend Tribune</settlement>
                        </placeName>, May 30, 1911, p. 6, c. 4. <placeName TEIform="placeName">
                            <settlement type="city" TEIform="settlement">Muncie</settlement>
                        </placeName> Star, May 28, sec. 2, p. 5, c. 4.</item><item TEIform="item">Colfax, Ellen 117. Death of widow of Schuyler Colfax. Ind. Star, Mar. 5,
                        1911, p. 4, c. 1.</item><item TEIform="item">Corby, Rev. William. Experiences in the Civil War. Ind. Star, May 28,
                        1911, mag. sec., p. 6, c. 4. <placeName TEIform="placeName">
                            <settlement type="city" TEIform="settlement">South Bend Tribune</settlement>
                        </placeName>, May 30, 1911, p. 6, c. 4. <placeName TEIform="placeName">
                            <settlement type="city" TEIform="settlement">Muncie</settlement>
                        </placeName> Star, May 28, 1911, p. 5, c. 4.</item><item TEIform="item">— Monument unveiled. <placeName TEIform="placeName">
                            <settlement type="city" TEIform="settlement">South Bend</settlement>
                        </placeName> Times, May 30, 1911, p. 7, c. 3.</item><item TEIform="item">Courts. When Hoosier courts were young. <placeName TEIform="placeName">
                            <settlement type="city" TEIform="settlement">Muncie</settlement>
                        </placeName> Star, Mar. 19, 1911, sec. 2, p. 4.</item><item TEIform="item">D. A. R. History of Paul Revere chapter. Jfuncie Press, Mar. 21, 1911, p.
                        6, c. 2.</item><item TEIform="item">Dunkirk. Sketch of its history. <placeName TEIform="placeName">
                            <settlement type="city" TEIform="settlement">Muncie</settlement>
                        </placeName> Star, Apr. 16, 1911, p. 7, c. 2.</item><item TEIform="item">Eggleston, George Cary. Death of. Ind. Star, Apr. 15, 1911, p. 5, c. 2.
                        Tnd. News, Apr. 15, 1911, p. 10, c. 5. <placeName TEIform="placeName">
                            <settlement type="city" TEIform="settlement">Evansville</settlement>
                        </placeName> Courier, Apr. 16, 1911, p. 2, c. 5.</item><item TEIform="item">
                  <placeName TEIform="placeName">
                            <settlement type="city" TEIform="settlement">Evansville</settlement>
                        </placeName>. Founding of. <placeName TEIform="placeName">
                            <settlement type="city" TEIform="settlement">Evansville</settlement>
                        </placeName> Courier, May 29, 1911, p. 3, c. 2.</item><item TEIform="item">Fort Donelson. 11th Indiana at <placeName TEIform="placeName">
                            <settlement type="city" TEIform="settlement">Ft. Donelson</settlement>
                        </placeName>. Ind. News, Apr. 22, 1911, p. 14.</item><item TEIform="item">Harrison, William Henry. Home will be presented to city of <placeName TEIform="placeName">
                            <settlement type="city" TEIform="settlement">Vincennes</settlement>
                        </placeName>. <placeName TEIform="placeName">
                            <settlement type="city" TEIform="settlement">Evansville</settlement>
                        </placeName> Courier, Mar. 4, 1911, p. 1, c. 5.</item><item TEIform="item">Holman, William S. Memories of the "Watchdog of the
                        Treasury." Ind. News, Apr. 24, 1911, p. 6, c. 7.</item><pb n="84" id="VAA4025-007-2-044" TEIform="pb"/><item TEIform="item">"Hoosier." The name and its origin. bluncie Star, Mar.
                        5, 1911, sec. 2, p. 12. <placeName TEIform="placeName">
                            <settlement type="city" TEIform="settlement">Terre Haute</settlement>
                        </placeName> Star, Mar. 5, 1911, mag. sec., p. 3. Ind. Star, Mar. 5, 1911,
                        mag. sec., p. 3.</item><item TEIform="item">Indians. Murder of eight Indians by white men in 1824. Ind. Star, Apr. 2,
                        1911, mag. sec., p. 1. <placeName TEIform="placeName">
                            <settlement type="city" TEIform="settlement">Terre Haute</settlement>
                        </placeName> Star, Apr. 2, 1911, mag. sec., p. 1. <placeName TEIform="placeName">
                            <settlement type="city" TEIform="settlement">Muncie</settlement>
                        </placeName> Star, Apr. 2, 1911, sec. 2, p. 1.</item><item TEIform="item">
                  <placeName TEIform="placeName">
                            <settlement type="city" TEIform="settlement">Indianapolis</settlement>
                        </placeName> Orphans' Asylum. History. Sixtieth anniversary. Ind.
                        News, Apr. 7, 1911, p. 23, c. 1. Ind. Star, hpr. 3, 1911, p. 9, c. 2.</item><item TEIform="item">
                  <placeName TEIform="placeName">
                            <settlement type="city" TEIform="settlement">Jeffersonville</settlement>
                        </placeName>. Noted names in list of original lot owners. Ind. News, Apr. 1,
                        1911, p. 21, c. 4.</item><item TEIform="item">Jenkinson, Isaac. Tells how he became electoral messenger to <placeName TEIform="placeName">
                            <settlement type="city" TEIform="settlement">Lincoln</settlement>
                        </placeName>. <placeName TEIform="placeName">
                            <settlement type="city" TEIform="settlement">Richmond Palladium</settlement>
                        </placeName>, May 17, 1911, sec. 2. p. 4, c. 1.</item><item TEIform="item">Kindergarten. First one held in <placeName TEIform="placeName">
                            <settlement type="city" TEIform="settlement">Muncie</settlement>
                        </placeName>. <placeName TEIform="placeName">
                            <settlement type="city" TEIform="settlement">Muncie</settlement>
                        </placeName> Star, Apr. 21, 1911, p. 7, c. 1.</item><item TEIform="item">Lynching. W. J. Burns recalls <placeName TEIform="placeName">
                            <region type="county" TEIform="region">Ripley county</region>
                        </placeName> lynching case. <placeName TEIform="placeName">
                            <settlement type="city" TEIform="settlement">Muncie</settlement>
                        </placeName> Star, May 5, 1911, p. 10, c. 1. Ind. Star, Apr. 30, 1911, p. 3,
                        c. 1.</item><item TEIform="item">Masons. Anniversary of oldest lodge in <placeName TEIform="placeName">
                            <region type="county" TEIform="region">Ft. Wayne</region>
                        </placeName>. <placeName TEIform="placeName">
                            <region type="county" TEIform="region">Ft. Wayne</region>
                        </placeName> Journal-Gazette, Mar. 31, 1911, p. 2, c. 1.</item><item TEIform="item">Meredith, Sol. Sketch of. Portrait. <placeName TEIform="placeName">
                            <settlement type="city" TEIform="settlement">Richmond Palladium</settlement>
                        </placeName>, May 17, 1911, sec. 2, p. 7, c. 2.</item><item TEIform="item">Morton, O. P. Sketch of life. <placeName TEIform="placeName">
                            <settlement type="city" TEIform="settlement">Richmond Palladium</settlement>
                        </placeName>, May 17, 1911, sec. 2, p. 3, c. 1.</item><item TEIform="item">— Isaac Jenkinson tells of plot to kill Morton. <placeName TEIform="placeName">
                            <settlement type="city" TEIform="settlement">Richmond Palladium</settlement>
                        </placeName>, May 17, 1911, sec. 2, p. 6, c. 1.</item><item TEIform="item">Mormonism. Part played by an Indianian in the founding of Mormonism. Ind.
                        Star, Apr. 23, 1911, mag. sec., p. 1. <placeName TEIform="placeName">
                            <settlement type="city" TEIform="settlement">Terre Haute</settlement>
                        </placeName> Star, Apr. 23, 1911, mag. sec., p. 1. <placeName TEIform="placeName">
                            <settlement type="city" TEIform="settlement">Muncie</settlement>
                        </placeName> Star, Apr. 23, 1911, sec. 2, p. 1.</item><item TEIform="item">Owen, Robert Dale. Life and work. Ind. Star, Mar. 1, 1911, p. 9, c. 2.</item><item TEIform="item">— Services to women. Ed. Ind. Star, Mar. 2, 1911, p. 8, c. 2.</item><item TEIform="item">— Bust unveiled. Ind. News, Mar. 2, 1911, p. 1, c. 1. Ind.
                        Star, Mar. 3, 1911, p. 18, c. 4.</item><item TEIform="item">Parker, Benjamin S. Death of. Ind. News, Mar. 14, 1911, p. 1, c. 2. Muncie
                        Press, Mar. 15, 1911, p. 6, c. 3.</item><item TEIform="item">— Sketch of life. Muncie Press, Mar. 17, 1911, p. 8, c. 4.</item><pb n="85" id="VAA4025-007-2-045" TEIform="pb"/><item TEIform="item">Politics. Indiana political history. <placeName TEIform="placeName">
                            <settlement type="city" TEIform="settlement">South Bend</settlement>
                        </placeName> Times, Apr. 4, 1911, p. 6, c. 2; Apr. 24, p. 6, c. 2; Apr. 26,
                        p. 8, c. 3; Apr. 27, p. 6, c. 2; Apr. 28, p. 8, c. 3; May 2, p. 6, c. 3; May
                        3, p. 6, c. 2; May 4, p. 6, c. 2; May 5, p. 8, c. 3; May 9, p. 6, c. 2; May
                        10, p. 8, c. 3; May 11, p. 6, c. 3; May 12, p. 8, c. 3; May 13, p. 8, c. 3;
                        May 15, p. 6, c. 3; May 16, p. 6, c. 3.</item><item TEIform="item">
                  <placeName TEIform="placeName">
                            <settlement type="city" TEIform="settlement">Princeton</settlement>
                        </placeName>. Founding of. <placeName TEIform="placeName">
                            <settlement type="city" TEIform="settlement">Evansville</settlement>
                        </placeName> Courier, May 29, 1911, p. 3, c. 3.</item><item TEIform="item">Redville, Ind. Story of village now deserted. Ind. News, Apr. 29, 1911, p.
                        20, c. 2.</item><item TEIform="item">Runcie, Constance Fauntleroy. Death of. Ind. News, May 17, 1911, p. 7, c.
                        3.</item><item TEIform="item">Slavery. <placeName TEIform="placeName">
                            <region type="county" TEIform="region">Wayne county</region>
                        </placeName> once abolition hotbed. <placeName TEIform="placeName">
                            <settlement type="city" TEIform="settlement">Richmond</settlement>
                        </placeName> Palladium, May 17, 1911, sec. 2, p. 5, c. 1.</item><item TEIform="item">
                  <placeName TEIform="placeName">
                            <settlement type="city" TEIform="settlement">South Bend</settlement>
                        </placeName>. History of its fire department. <placeName TEIform="placeName">
                            <settlement type="city" TEIform="settlement">South Bend</settlement>
                        </placeName> Times. May 22, 1911, p. 10, c. 3.</item><item TEIform="item">Stone. Old quarry methods in Indiana. Ind. Star, Apr. 9, 1911, p. 7, c. 1.</item><item TEIform="item">Stubbs, George W. Death of. Ind. News, Mar. 4, 1911, p. 5. c. 2. Ind.
                        Star, Mar. 4, 1911, p. 1, c. 7.</item><item TEIform="item">
                  <placeName TEIform="placeName">
                            <settlement type="city" TEIform="settlement">Tell City</settlement>
                        </placeName>. Founding of. <placeName TEIform="placeName">
                            <settlement type="city" TEIform="settlement">Evansville</settlement>
                        </placeName> Courier, May 29, 1911, p. 3, c. 4.</item><item TEIform="item">Thompson, Gideon B. Death of. Ind. News, Mar. 24, 1911, p. 1, c. 1. Ind.
                        Star, Mar. 25, 1911, p. 3, c. 1.</item><item TEIform="item">— Sketch by J. H. Holliday. Ind. News, Mar. 24, 1911, p. 8, c.
                        1.</item><item TEIform="item">Thurston, Joseph M. Experience as prisoner of war. <placeName TEIform="placeName">
                            <settlement type="city" TEIform="settlement">Richmond Palladium</settlement>
                        </placeName>, May 17, 1911, sec. 2, p. 2, c. 1.</item><item TEIform="item">Vigo, Francis. Recalled by two residents of <placeName TEIform="placeName">
                            <settlement type="city" TEIform="settlement">Vincennes</settlement>
                        </placeName>. Ind. News, Mar. 18, 1911, p. 18, c. 4.</item><item TEIform="item">
                  <geogName TEIform="geogName">Wabash River</geogName>. Something of its history. <placeName TEIform="placeName">
                            <settlement type="city" TEIform="settlement">Lafayette</settlement>
                        </placeName> Courier, May 25, 1911, p. 9, c. 4.</item><item TEIform="item">Wallace, Lew. Story of Wallace and James Wilson. Ind. News. May 4, 1911,
                        p. 3, c. 1.</item><item TEIform="item">— Anecdote of first day's march from Ind. Ind. Star,
                        Apr. 18, 1911, p. 14, c. 6.</item><item TEIform="item">Wylie, Andrew. Burial place of first president of Indiana University. <placeName TEIform="placeName">
                            <settlement type="city" TEIform="settlement">Muncie</settlement>
                        </placeName> Star, May 15, 1911, p. 6, c. 5.</item></list></div></body></text></TEI.2>