<?xml version="1.0" encoding="UTF-8"?><!DOCTYPE TEI.2 SYSTEM "http://purl.dlib.indiana.edu/iudl/imh/resource/xml/imh_issue.dtd"><TEI.2><teiHeader type="text" status="new" TEIform="teiHeader"><fileDesc TEIform="fileDesc"><titleStmt TEIform="titleStmt"><title TEIform="title">Indiana Magazine of History</title><respStmt TEIform="respStmt"><resp TEIform="resp">Generated by</resp><name TEIform="name">Digital Library Program, Indiana University</name></respStmt></titleStmt><publicationStmt TEIform="publicationStmt"><publisher TEIform="publisher">Digital Library Program, Indiana University</publisher><pubPlace TEIform="pubPlace">Bloomington, IN</pubPlace><date TEIform="date">2007</date><availability status="unknown" TEIform="availability"><p TEIform="p">Copyright 2007 Trustees of Indiana University</p><p TEIform="p">Indiana University provides the information contained in this file for non-commercial,
        personal, or research use only. All other use, including but not limited to commercial or
        scholarly reproductions, redistribution, publication or transmission, whether by electronic
        means or otherwise, without prior written permission of the copyright holder is strictly
        prohibited.</p></availability></publicationStmt><seriesStmt TEIform="seriesStmt"><title TEIform="title">Indiana Magazine of History</title></seriesStmt><sourceDesc default="NO" TEIform="sourceDesc"><biblStruct default="NO" TEIform="biblStruct"><analytic TEIform="analytic"><title TEIform="title">Editorial and Miscellaneous</title></analytic><monogr TEIform="monogr"><title TEIform="title">Indiana Magazine of History</title><imprint TEIform="imprint"><pubPlace TEIform="pubPlace">Bloomington, IN</pubPlace><publisher TEIform="publisher">Indiana University Department of History in cooperation with the Indiana
                                Historical Society</publisher><date TEIform="date">1907</date><biblScope type="issue" TEIform="biblScope">2</biblScope><biblScope type="volume" TEIform="biblScope">3</biblScope><biblScope type="pages" TEIform="biblScope">91-100</biblScope></imprint></monogr></biblStruct></sourceDesc></fileDesc></teiHeader><text><body><pb n="[91]" id="VAA4025-003-2-041" TEIform="pb"/><div type="editorialMaterial" id="VAA4025-003-2-a09" org="uniform" sample="complete" part="N" TEIform="div"><head TEIform="head">EDITORIAL AND MISCELLANEOUS.</head><p rend="center" TEIform="p">ACTION OP THE INDIANA HISTORICAL SOCIETY—LOCAL
                    SOCIETIES.</p><p TEIform="p">In our last issue we presented a brief sketch of the Indiana Historical Society
                    and discussed the question of an added field of work for it, suggesting that it
                    should take the initiative toward establishing some relation between itself and
                    the various organizations of a historical character, particularly the local
                    societies. It was further suggested that one way of creating this relation might
                    be by inviting the societies in question to send in reports, transmit copies of
                    programs, etc., which the State Society, acting as a sort of bureau of
                    information, would publish in an annual bulletin, furnishing the same to all the
                    societies and thus stimulating all by a common interest.</p><p TEIform="p">This question, in substantially the same form as we outlined it, was brought
                    before the State Society, and it was duly considered. It was thought that this
                    magazine, occupying the field it does, would be a logical substitute for the
                    proposed bulletin, and, in endorsement of the revised plan, it was, at a special
                    meeting held April 26,</p><p TEIform="p">
               <hi rend="i" TEIform="hi">'Resolved,</hi> That for the purpose of announcements,
                    reports of meetings and similar matters of public interest, the Indiana
                    Quarterly Magazine of History be recognized as the official organ of the Indiana
                    Historical Society; and further,</p><p TEIform="p">
               <hi rend="i" TEIform="hi">"Resolved,</hi> That all the local historical societies of
                    the State be requested to send announcements and reports of proceedings to the
                    said Indiana Quarterly Magazine of History, to the end that a speedy and
                    convenient interchange of information be established among those interested in
                    historical matters."</p><p TEIform="p">While this particular plan for promoting the work was not sought by us, we will
                    say that we will be very glad to make the magazine an organ as proposed if the
                    societies themselves will evince a desire to cooperate. The interest in the
                    matter proposed will be confined almost exclusively to the societies, and the
                        <pb n="92" id="VAA4025-003-2-042" TEIform="pb"/> presumption is that any organization
                    that transmits its reports to be published along with those of other societies
                    will wish to preserve the same in its archives.</p><p TEIform="p">We heartily invite all historical organizations in the State to send through
                    their secretaries brief reports of the meetings and of their work, past and
                    present.</p><p rend="center" TEIform="p">LOCAL SOCIETY WORK—COOPERATION AND TECHNICAL KNOWLEDGE
                    NEEDED.</p><p TEIform="p">
                    <text TEIform="text"><body TEIform="body"><div type="letter" org="uniform" sample="complete" part="N" TEIform="div"><p TEIform="p">
                                    <hi rend="i" TEIform="hi">Editor Indiana Magazine of History.</hi>
                                </p><p TEIform="p">D<hi rend="sc" TEIform="hi">EAR</hi> S<hi rend="sc" TEIform="hi">IR</hi>: In your last
                                    issue you invite opinions as to the aid the State Historical
                                    Society might render the local ones. I think that perhaps the
                                    most effective thing might be the establishment of a system of
                                    mutual interchange, not only of papers, addresses, documents and
                                    articles of interest and value; but also of speakers and
                                    specialists in the various branches of local history and
                                    historical research. It seems to me that an <hi rend="i" TEIform="hi">esprit
                                        de corps</hi> might be incited by such a movement that would
                                    be of great value to the progress and efficiency of the work of
                                    the various societies. In <placeName TEIform="placeName">
                                        <region type="county" key="tgn_1002468" reg="Henry" TEIform="region">Henry county</region>
                                    </placeName> there seems to be now, after more than twenty years
                                    of persistent effort on the part of the local society, a fairly
                                    good and liberal interest in the work manifested by intelligent
                                    and educated people of all callings and professions. What we
                                    need most is a class of willing workers who are thoroughly
                                    informed as to the best methods of collecting, arranging and
                                    presenting local historical and illustrative matter, in such
                                    manner as to make it most readily available to the student, the
                                    investigator or the citizen who may require such information at
                                    once to meet some urgent necessity. The willing workers we have,
                                    but we need the technical training, and I am sure that it is the
                                    most urgent need of our county and district societies. If the
                                    State might be induced to appropriate a small sum of money to
                                    procure the services of some qualified person to visit the
                                    various societies and give practical instructions on the
                                    subjects above indicated, it would greatly promote the present
                                    and future usefulness of their work, and make it much more
                                    interesting and far easier of execution. It is along such lines
                                    as I have suggested that cooperation might, as I think, be most
                                    helpful.</p><p rend="right" TEIform="p">B<hi rend="sc" TEIform="hi">ENJ</hi>. S. P<hi rend="sc" TEIform="hi">ARKER</hi>
                        </p><p TEIform="p">
                                    <hi rend="i" TEIform="hi">
                                        <placeName TEIform="placeName">
                                            <settlement type="city" key="tgn_2033045" reg="New Castle" TEIform="settlement">New Castle</settlement>
                                        </placeName>, Ind.</hi>
                                </p></div></body></text>
                </p><pb n="93" id="VAA4025-003-2-043" TEIform="pb"/><p rend="center" TEIform="p">LOCAL HISTORY IN THE SCHOOLS—L. A.
                    M'KNIGHT'S WORK.</p><p TEIform="p">Mr. L. A. McKnight, the superintendent of <placeName TEIform="placeName">
                 <region type="county" key="tgn_1002177" reg="Benton" TEIform="region">Benton county</region>
             </placeName>, Indiana, is working out in his schools an experiment in local
                    history study which should be of interest to teachers and superintendents
                    generally and to the friends of such study in particular. He has printed a
                    little twelve-page pamphlet which he calls "Outline for the Study and
                    Compilation of Local History, for the Use of Teachers, Pupils, Clubs and
                    Students in History," and this presents a somewhat elaborate scheme by
                    which this subject can be studied with interest and profit, as it seems to us,
                    in any school or grade.</p><p TEIform="p">The plan contemplates, first of all, the selection by a school of a unit of
                    study, and this unit "may be a county, civil or congressional township,
                    town, school district, or any well-defined part of a county or
                    township." The unit chosen, the historic elements to be dealt with are
                    grouped as follows:</p><p TEIform="p">1. The Indians. 2. Favorable Conditions which Led to Settlement. 3. Settlement
                    and Settlers. 4. Draw Map of Unit of Study. 5. Home Life. 6. Governing Life. 7.
                    Industrial Life. 8. Social Life. 9. Religious Life. 10. Educational Life. 11.
                    "For God and Home and Native Land," this last dealing with
                    matters patriotic.</p><p TEIform="p">Under these various heads are worked out specific lines of investigation which
                    may be flexibly adapted to the ages and capacities of the pupils. An examination
                    of the plan in its details suggests a possibility of valuable training in
                    various directions—in composition, in investigation and research, and
                    in the development of a history interest quickened into a lively sense of the
                    nearness and meaning of history. To satisfy ourselves on this point we wrote to
                    Mr. McKnight requesting a statement as to the practical results of his work. The
                    following letter from him answers the question:</p><p TEIform="p">
                    <text TEIform="text"><body TEIform="body"><div type="letter" org="uniform" sample="complete" part="N" TEIform="div"><p TEIform="p">
                                    <hi rend="i" TEIform="hi">Editor Indiana Magazine of History.</hi>
                                </p><p TEIform="p">D<hi rend="sc" TEIform="hi">EAR</hi> S<hi rend="sc" TEIform="hi">IR</hi>: The results
                                    obtained from the use of my local history outlines have
                                    surpassed my expectations. The indications now are that I will
                                    receive fully 3000 pages of neatly written manuscripts from
                                    pupils in different parts of the county. When you remember that
                                    this work is <hi rend="i" TEIform="hi">purely voluntary,</hi> you may be able
                                    to conceive the interest that has been taken in it by <pb n="94" id="VAA4025-003-2-044" TEIform="pb"/> many pupils. It has also awakened
                                    many parents to a realization of the worthy work of
                                    investigating the history of their respective communities. The
                                    pupils follow up the work systematically, interviewing every one
                                    from whom they think they can obtain information, and
                                    classifying their information under the topical heads given in
                                    the outline. Complete and connected accounts of the history of
                                    many localities have been received. In some instances the pupils
                                    have entered into interesting correspondence with the pioneers
                                    who have become citizens of other States. Teachers say that the
                                    preparation of the manuscripts has awakened an interest in the
                                    use of good language that did not formerly exist among their
                                    pupils. It has shown them the need of the ability to compose and
                                    write well.</p><p TEIform="p">Among the people the work is the talk of the county. The outlines
                                    were sent out about the last of November, 1906, but many of the
                                    pupils did not take up the work until after the holidays. A few
                                    general expressions received are as follow: "My boy was
                                    never interested in any kind of history until he took up your
                                    outline. It is now his favorite study." "My
                                    daughter will hardly go to bed of nights since she has begun her
                                    local history work. She wants to be interviewing some one about
                                    something all of the time." "I think this is
                                    the grandest work ever undertaken by our children. What made you
                                    think of it?" "Your outline has given grandpa
                                    a renewal of his youth. Every night he has from two to three
                                    callers and likes to have the young people come. One boy has
                                    come three times and is getting to be a fine reporter."
                                    "The boys of our town are delighted. You have shown
                                    them that they can be both makers and writers of
                                    history." "Our children want to know if you
                                    will not write a history of the <placeName TEIform="placeName">
                                        <country key="tgn_7012149" reg="United States" TEIform="country">United States</country>
                                    </placeName> from your outline. They think that kind of a
                                    history would be much better than the one they study."
                                    The ablest minister in the county writes: "I want to
                                    thank you for awakening in me a sense of duty toward the
                                    founders of my congregation's church." One
                                    township called all of the schools together and had a historic
                                    day at which the papers prepared by the pupils were read.
                                    Isn't this the first day of the kind ever had in
                                    Indiana? I send you press notices. There are other evidences of
                                    the interest awakened by this work that are too numerous to
                                    mention.</p><p rend="right" TEIform="p">Yours very respectfully<lb TEIform="lb"/> L. A. M<hi rend="sc" TEIform="hi">C</hi>K<hi rend="sc" TEIform="hi">NIGHT</hi>.</p><p TEIform="p">
                            <hi rend="i" TEIform="hi"><placeName TEIform="placeName"><settlement type="city" key="tgn_2031874" reg="Fowler" TEIform="settlement">Fowler</settlement></placeName>, May 2, 1907.</hi>
                                </p></div></body></text>
                </p><pb n="95" id="VAA4025-003-2-045" TEIform="pb"/><p TEIform="p">The lengthy notices in the <placeName TEIform="placeName"><settlement type="city" key="tgn_2031874" reg="Fowler" TEIform="settlement">Fowler</settlement></placeName> papers sent by Mr. Mc-Knight confirm his
                    statement as to the lively interest shown in the community. It should be added
                    that two songs by the superintendent, dedicated to 
                 <placeName TEIform="placeName">
                     <region type="county" key="tgn_1002177" reg="Benton" TEIform="region">Benton county</region>
                 </placeName>, have been taken up with enthusiasm, the demand for copies
                    exceeding the printed supply.</p><p TEIform="p">If any similar work is being done elsewhere in the State we would be glad to have
                    a report of it.</p><p rend="center" TEIform="p">LOCAL HISTORY CONTRIBUTIONS.</p><p TEIform="p">
               <hi rend="i" TEIform="hi">The Word Hoosier.</hi>—The latest publication of the
                    Indiana Historical Society is a monograph on "The Word
                    Hoosier," by Jacob Piatt Dunn, which is an unusually interesting and
                    valuable contribution to historical and philological literature. This paper,
                    originally published in the <placeName TEIform="placeName">
                        <settlement type="city" key="tgn_7012924" reg="Indianapolis" TEIform="settlement">Indianapolis</settlement>
                    </placeName>
                    <hi rend="i" TEIform="hi">News,</hi> and reproduced in part in this magazine (see Vol. I, p.
                    86) here finds permanent lodgment in revised form. With the thoroughness that
                    distinguishes him, Mr. Dunn seems to have fairly exhausted his subject, and his
                    treatment of it is not only the first one worthy of mention but his conclusion
                    will probably be the final one. The half-dozen or so stories that have long been
                    current concerning the origin of the word "Hoosier" are, even
                    in lieu of anything better, too crude for credence, and Mr. Dunn's
                    study practically proves that it is not a chance word at all, but one with
                    antecedents that, probably, reach far back in the English language; which was
                    long used in the South to denote certain uncouth characteristics, and which was
                    imported hither as descriptive of an element of our early population.</p><p TEIform="p">An appropriate companion sketch to the above is one of John Finley, included in
                    the same pamphlet, by Mr. Finley's daughter. Mrs. Sarah A. Wrigley.
                    Finley, for many years a prominent citizen of <placeName TEIform="placeName">
                        <settlement type="city" key="tgn_7014336" reg="Richmond" TEIform="settlement">Richmond</settlement>
                    </placeName>, Ind., introduced "Hoosier" into literature by
                    his famous poem, "The Hoosier's Nest," first
                    published in 1833. He was one of the most notable of early Indiana poets.</p><p TEIform="p">We venture to call attention to the abominable paper on which this pamphlet is
                    printed. The printers of it have not even duplicated previous pamphlets, but
                    have used the cheapest wood-pulp stock. The printing of matter of this sort on
                    paper that will fall to pieces inside of a generation seems to us a grave
                    mistake, to say the least.</p><pb n="96" id="VAA4025-003-2-046" TEIform="pb"/><p TEIform="p">
                <hi rend="i" TEIform="hi">Concerning Indians.</hi>—In the <placeName TEIform="placeName">
                    <settlement type="city" key="tgn_7012924" reg="Indianapolis" TEIform="settlement">Indianapolis</settlement>
                </placeName>
                <hi rend="i" TEIform="hi">Sunday Star</hi> for April 7 and April 28 and in the <placeName TEIform="placeName">
                    <settlement type="city" key="tgn_7012924" reg="Indianapolis" TEIform="settlement">Indianapolis</settlement>
                </placeName>
                    <hi rend="i" TEIform="hi">News</hi> for April 25 is published an interesting and spirited
                    ethnological discussion touching the Indians of the central west. The <hi rend="i" TEIform="hi">Star</hi> articles, written as editorials by Mr. J. P. Dunn,
                    criticise the handbook of American Indians, recently issued by the Bureau of
                    American Ethnology, and Mr. James Mooney, for the Bureau, replies. The argument,
                    specifically, hinges upon the origin and meaning of certain Indian words, and,
                    incidentally, upon the publications of the Bureau as relating to the aborigines
                    above mentioned. One interested in such questions will find these articles well
                    worth securing and keeping.</p><p TEIform="p">
               <hi rend="i" TEIform="hi">John Flinn's Story.</hi>—The following account
                    of John Flinn's captivity among the Indians was secured from
                    Flinn's son by Mr. M. G. Mock, of <placeName TEIform="placeName">
                        <settlement type="city" key="tgn_7014174" reg="Muncie" TEIform="settlement">Muncie</settlement>
                    </placeName>. It was sent to this magazine through the courtesy of Mr. Arthur W.
                Osborne, of <placeName TEIform="placeName"><settlement type="city" key="tgn_2033751" reg="Spiceland" TEIform="settlement">Spiceland</settlement></placeName>, Ind. Further matter touching this "Oldtown Hill"
                    of the Dela-wares may be found in this magazine, Vol. I, p. 176.</p><p TEIform="p">"John Flinn was born in <placeName TEIform="placeName">
                <region type="county" key="tgn_2002264" reg="Greenbrier" TEIform="region">Green Brier
                county</region></placeName>, <placeName TEIform="placeName">
                    <region type="state" key="tgn_7007919" reg="Virginia" TEIform="region">Virginia</region>
                </placeName>, about 1780, and when five years old he, with his
                    mother and sister, were captured by a band of Indians, whose tribe was located
                    at Old-town Hill (in <placeName TEIform="placeName">
                        <region type="county" key="tgn_1002327" reg="Delaware" TEIform="region">Delaware county</region>
                    </placeName>, near <placeName TEIform="placeName">
                        <settlement type="city" key="tgn_7014174" reg="Muncie" TEIform="settlement">Muncie</settlement>
                    </placeName>), where he was taken with his sister. His mother was slain. Flinn
                    and his sister remained together for some years, when the French bought her of
                    the Indians and gave her her freedom. She married a Mr. Bateral and once lived
                    near <placeName TEIform="placeName">
                        <settlement type="city" key="tgn_2033045" reg="New Castle" TEIform="settlement">New Castle</settlement>
                    </placeName>, Ind.</p><p TEIform="p">"John Flinn remained with the Indians at Oldtown
                    Hill until he was twenty-five, when he decided he would return to his
                    people, who had moved near <placeName TEIform="placeName">
                        <settlement type="city" key="tgn_7014533" reg="Springfield" TEIform="settlement">Springfield</settlement>
                    </placeName>, <placeName TEIform="placeName">
                        <region type="state" key="tgn_7007706" reg="Ohio" TEIform="region">O.</region>
                    </placeName> Having remained with his people a year or so he
                    returned to his tribe at Oldtown Hill. A young man having
                    become a very warm friend of Flinn's, and being of a wild nature, went
                    with him and expected to live there awhile with the Indians. But only a few
                    months had passed when hostilities broke out between the whites and Indians, and
                    councils of war were being held, and warriors were preparing for war.</p><p TEIform="p">"At a general council of the chiefs and warriors, Flinn and his friend
                    being present, the question arose as to whether Flinn and his pale-faced friend
                    had come to them as friends or spies.</p><pb n="97" id="VAA4025-003-2-047" TEIform="pb"/><p TEIform="p">"It was soon decided by the council that they had come as spies, and
                    Flinn, knowing the fate of a spy, made a break for his life, followed by his
                    friend.</p><p TEIform="p">"Following the west bank of <geogName key="tgn_1131742" reg="White" TEIform="geogName">White river</geogName>, they had
                    gone but a short distance, followed closely by the Indians, when they came to
                    where crossed logs lay in the path.</p><p TEIform="p">"Flinn was able to scale them, but his friend failed to make the leap,
                    fell back and was captured by his pursuers.</p><p TEIform="p">"The capture of his companion stopped the pursuit of Flinn and he made
                good his escape, and again returned to his people in <placeName TEIform="placeName">
                    <region type="state" key="tgn_7007706" reg="Ohio" TEIform="region">Ohio</region>
                </placeName>, where he was married. He was afterward employed by the Governor
                    and went as a scout and spy. Flinn's friend who was captured was burned
                    at the stake, the spot still being marked by a stone which was placed where the
                    stake stood when the early settlers came to <placeName TEIform="placeName">
                        <region type="county" key="tgn_1002327" reg="Delaware" TEIform="region">Delaware county</region>
                    </placeName>
                .</p><p TEIform="p">"The stake was taken up, split in pieces, some going to <placeName TEIform="placeName">
                 <settlement type="city" key="tgn_7015717" reg="District of Columbia" TEIform="settlement">Washington</settlement>
             </placeName>, some to <placeName TEIform="placeName">
                 <settlement type="city" key="tgn_7014406" reg="Philadelphia" TEIform="settlement">Philadelphia</settlement>
             </placeName>, and a piece was for a long time kept in the court-house of this
                 county (<placeName TEIform="placeName">
                     <region type="county" key="tgn_1002327" reg="Delaware" TEIform="region">Delaware</region>
                 </placeName>)."</p><p TEIform="p">
                <hi rend="i" TEIform="hi">Education in <placeName TEIform="placeName">
                    <region type="county" key="tgn_1002177" reg="Benton" TEIform="region">Benton county</region>
                </placeName>.</hi>—A noteworthy contribution to
                Indiana's educational history is "Progress of Education in <placeName TEIform="placeName">
                    <region type="county" key="tgn_1002177" reg="Benton" TEIform="region">Benton county</region>
                </placeName>," a volume of 231 pages, by L. A. McKnight, the school
                superintendent of <placeName TEIform="placeName">
                    <region type="county" key="tgn_1002177" reg="Benton" TEIform="region">Benton county</region>
                </placeName>.' This circumstantial study confined to one county has its
                    particular value and might creditably be followed by the school authorities in
                    other counties, paving the way to a fuller general history than has heretofore
                    been possible. The idea of such a work in <placeName TEIform="placeName">
                        <region type="county" key="tgn_1002177" reg="Benton" TEIform="region">Benton county</region>
                    </placeName>, we are told, was originally suggested by trustee John V. Bartoo,
                    of Gilboa township, the County Board of Education thought well of it, and
                    Superintendent McKnight was instructed to prepare a tentative outline,
                    comprising information that in his judgment would be of popular interest and
                    value. The result was this book, and the good judgment of its author and
                    promoters has been proven by the fact that the demand for the work has far
                    exceeded the edition of 2550 that was issued.</p><p TEIform="p">
               <hi rend="i" TEIform="hi">"Some Recollections of My
                    Boyhood."'</hi>—A little book privately printed,
                contains reminiscences of <placeName TEIform="placeName">
                    <region type="county" key="tgn_1003004" reg="Wayne" TEIform="region">Wayne county</region>
                </placeName> seventy-five years ago. The writer, Mr. Branson L. Harris,
                    undertook his modest work at the request of his sons for the dual purpose of <pb n="98" id="VAA4025-003-2-048" TEIform="pb"/> preserving to them these recollections and
                    pleasantly filling in his declining days, and in so occupying himself he was,
                    doubtless, wholly unconscious that he was investing his simple theme with a
                    charm which might serve as a model of style in the schoolroom. Through this
                    style, which is almost childlike in its simplicity, we not only get graphic and
                    entertaining pictures of a life now obsolete, but with equal clearness there
                    stands out the picture of a plain, childlike, righteous-minded man—a
                    fine specimen of the Quaker stock that helped people our State. To our mind this little book is
                    somewhat remarkable, and it is to be regretted that it will not have a wider
                    circulation. Among the reminiscences are a number that, from their detailed
                    description, are a real contribution to our reminiscent literature.</p><p TEIform="p">
               <hi rend="i" TEIform="hi">
                   <placeName TEIform="placeName">
                       <settlement type="city" key="tgn_2032657" reg="Logansport" TEIform="settlement">Logansport</settlement>
                   </placeName> History.</hi>—The <hi rend="i" TEIform="hi">
                       <placeName TEIform="placeName">
                           <settlement type="city" key="tgn_2032657" reg="Logansport" TEIform="settlement">Logansport</settlement>
                       </placeName> Journal</hi> has been publishing, recently, many articles
                relating to the events, personages and landmarks of <placeName TEIform="placeName">
                    <settlement type="city" key="tgn_2032657" reg="Logansport" TEIform="settlement">Logansport</settlement>
                </placeName>. The author of these is Mr. W. S. Wright, who, being a native of 
                <placeName TEIform="placeName">
                    <settlement type="city" key="tgn_2032657" reg="Logansport" TEIform="settlement">Logansport</settlement>
                </placeName> and of a historical turn, is well qualified to work what is one of
                    the richest fields, historically, in northern Indiana. Mr. Wright was active in
                    organizing the <placeName TEIform="placeName">
                        <region type="county" key="tgn_1002242" reg="Cass" TEIform="region">Cass County</region>
                    </placeName> Historical Society, and he aptly argues that said society would do
                    well to secure for itself, as an appropriate home, the old Biddle house, and
                    there collect and preserve material that is lying at hand, and which will be
                    scattered and wasted some time if the indifference of the past is not mended.
                    The most notable private collection now in <placeName TEIform="placeName">
                        <settlement type="city" key="tgn_2032657" reg="Logansport" TEIform="settlement">Logansport</settlement>
                    </placeName> is that of C. B. Lasselle, which lies buried in dust in a room of
                    the court-house. Whether this mass of material will be well and intelligently
                    disposed of when Mr. Lasselle dies remains to be seen. If we are informed aright
                    the opinion got abroad in <placeName TEIform="placeName">
                        <settlement type="city" key="tgn_2032657" reg="Logansport" TEIform="settlement">Logansport</settlement>
                    </placeName> a year or so ago that the Indiana State Library wished to
                    "hog" the Lasselle collection, and that opinion seemed to
                    awaken some hostility. We speak with authority when we say that the chief
                    thought at the State Library was that the result of long years of labor should
                    somewhere be preserved intact and not be dissipated and wasted. Since the
                    Library can not have that privilege, it is sincerely to be hoped that the
                    historical society at <placeName TEIform="placeName">
                        <settlement type="city" key="tgn_2032657" reg="Logansport" TEIform="settlement">Logansport</settlement>
                    </placeName> will see to it. The danger with most collections of this sort is
                    that ultimately the more obviously <pb n="99" id="VAA4025-003-2-049" TEIform="pb"/> valuable
                    thing's will be appropriated by individuals, and that the things of
                    less obvious value that are buried away in a mass of seeming rubbish will be
                    deliberately carted off to the paper mill, as has been done time and again all
                    over this State. So far as the real and larger value is concerned, things might
                    almost as well go to the junk dealer as to the den of the private collector who
                    hoards them up and hides them away in pure selfishness. More than seven years
                    ago the present writer visited Mr. Lasselle and spent two or three days with him
                    in his room looking in a cursory way over his papers. The impression then
                    received was that much there that was of value to one historically interested
                    would have no apparent value to one who lacked expert knowledge in this line. As
                    we remember it, to go over the collection properly would take days, and the
                    question naturally arises as to whether any one will have the time, patience and
                    zeal to sort out the matter of value that may and probably does exist there.</p><p rend="center" TEIform="p">LOCAL HISTORICAL SOCIETIES.</p><p TEIform="p">The following is the list of subjects presented by the <placeName TEIform="placeName">
                <region type="county" key="tgn_1002678" reg="Monroe" TEIform="region">Monroe County</region>
                    </placeName> Historical Society during the past year:</p><p TEIform="p">The University in the Later Fifties, by Hon. John C. Robinson; The Preservation
                of Local Historical Material, James A. Woodburn; The Old <placeName TEIform="placeName">
                    <region type="county" key="tgn_1002678" reg="Monroe" TEIform="region">Monroe County</region>
                </placeName> Female Seminary, Amzi Atwater; The Monon Railroad, Carter Perring;
                    The Beginning of the City Hospital, Mrs. Maude Showers; The Indianapolis Southern Railroad, Ira C. Batman; The History of Organized
                    Charities in <placeName TEIform="placeName">
                        <settlement type="city" key="tgn_7013437" reg="Bloomington" TEIform="settlement">Bloomington</settlement>
                    </placeName>, Mrs. Minnie B. Waldron; Company K, 14th Regiment Indiana
                Volunteers, Miss Mary Kelly; History of <placeName TEIform="placeName">
                    <settlement type="city" key="tgn_7013437" reg="Bloomington" TEIform="settlement">Bloomington</settlement>
                </placeName> Methodist Church, Mrs. Lena M. Beck; <placeName TEIform="placeName">
                    <region type="county" key="tgn_1002678" reg="Monroe" TEIform="region">Monroe County</region>
                </placeName> Stone Quarries, W. B. Seward.</p><p TEIform="p">The May meeting of the <placeName TEIform="placeName">
                 <region type="county" key="tgn_1002468" reg="Henry" TEIform="region">Henry county</region>
             </placeName> society offered a program of eleven numbers, consisting of music,
                    papers and other features, not forgetting a good, old-fashioned basket-picnic
                    dinner between sessions. Among the numbers we find a "Symposium on
                    Local History," ten-minute discussions; "Local Work in the
                    Public Schools," by Supt. J. G. Wier; "The Irish in <placeName TEIform="placeName">
                        <region type="county" key="tgn_1002468" reg="Henry" TEIform="region">Henry County</region>
                    </placeName>," by Miss Kate Finley; "The Possibilities of the
                    County Historical Society," by Judge John M. Morris, and "The
                    Importance of Local History," by Adolph Rogers.</p><pb n="100" id="VAA4025-003-2-050" TEIform="pb"/><p rend="center" TEIform="p">LETTER ABOUT THE CONVENTION OF 1816.</p><p TEIform="p">A correspondent in the <placeName TEIform="placeName">
                 <settlement type="city" key="tgn_7018808" reg="Vincennes" TEIform="settlement">Vincennes</settlement>
             </placeName>
                    <hi rend="i" TEIform="hi">Western Sun</hi> for June 22, 1816, writes:</p><p TEIform="p">
                    <text TEIform="text"><body TEIform="body"><div type="letter" org="uniform" sample="complete" part="N" TEIform="div"><p TEIform="p">"The convention has determined by a majority of 33 to 8,
                                    to launch our political vessel of state, and, I am afraid,
                                    without having a sufficient number of skilful navigators on
                                    board, at least to manage the vessel in case of a
                                    storm—but with such an overwhelming majority in favor
                                    of State government, the people must take it as a man takes his
                                    wife, 'for better, for worse,' &amp;c,
                                    with but this exception, a divorce can not be obtained.</p><p TEIform="p">"Great variety of opinions appears to exist among the
                                    members as to some of the most important points or features in a
                                    constitution—what its general complexion eventually
                                    may be, it is at this time impossible to tell—but
                                    from the conflict of opinions, a model of perfection can not be
                                    expected."</p></div></body></text>
                </p><p rend="center" TEIform="p">COLD SUMMER OF 1816.</p><p TEIform="p">According to an anonymous writer, the year 1816 was phenomenally cold.
                    "In many places," he says, "the trees and shrubs
                    budded, but the frost soon nipped the buds and they dropped to the ground. June
                    was no better. The thermometer registered as low as thirty all through that rosy
                    month. One day in June snow fell to a depth of ten inches in <placeName TEIform="placeName">
                        <region type="state" key="tgn_7007828" reg="Vermont" TEIform="region">Vermont</region>
                    </placeName>, and nearly as deep in other New England States. Ice formed in the streams and ponds. Frost and ice
                    prevailed all through July, and August was, if possible, more cheerless than
                    months already passed." The last month of summer, it is said, was
                    ushered in bright and warm, but this was of short duration. On the 16th ice
                    formed a quarter of an inch thick. There was deep snow throughout November, but
                    December, strange to say, was the pleasantest month of the year. Corn raised in
                    1815 had to be used for seed in the spring of 1817, and was difficult to get,
                    even at $5 a bushel.</p></div></body></text></TEI.2>