<?xml version="1.0" encoding="UTF-8"?><!DOCTYPE TEI.2 SYSTEM "http://purl.dlib.indiana.edu/iudl/imh/resource/xml/imh_issue.dtd"><TEI.2><teiHeader type="text" status="new" TEIform="teiHeader"><fileDesc TEIform="fileDesc"><titleStmt TEIform="titleStmt"><title TEIform="title">Indiana Magazine of History</title><respStmt TEIform="respStmt"><resp TEIform="resp">Generated by</resp><name TEIform="name">Digital Library Program, Indiana University</name></respStmt></titleStmt><publicationStmt TEIform="publicationStmt"><publisher TEIform="publisher">Digital Library Program, Indiana University</publisher><pubPlace TEIform="pubPlace">Bloomington, IN</pubPlace><date TEIform="date">2007</date><availability status="unknown" TEIform="availability"><p TEIform="p">Copyright 2007 Trustees of Indiana University</p><p TEIform="p">Indiana University provides the information contained in this file for non-commercial,
        personal, or research use only. All other use, including but not limited to commercial or
        scholarly reproductions, redistribution, publication or transmission, whether by electronic
        means or otherwise, without prior written permission of the copyright holder is strictly
        prohibited.</p></availability></publicationStmt><seriesStmt TEIform="seriesStmt"><title TEIform="title">Indiana Magazine of History</title></seriesStmt><sourceDesc default="NO" TEIform="sourceDesc"><biblStruct default="NO" TEIform="biblStruct"><analytic TEIform="analytic"><title TEIform="title">Editorial and Miscellaneous</title></analytic><monogr TEIform="monogr"><title TEIform="title">Indiana Magazine of History</title><imprint TEIform="imprint"><pubPlace TEIform="pubPlace">Bloomington, IN</pubPlace><publisher TEIform="publisher">Indiana University Department of History in cooperation with the Indiana
                                Historical Society</publisher><date TEIform="date">1906</date><biblScope type="issue" TEIform="biblScope">3</biblScope><biblScope type="volume" TEIform="biblScope">2</biblScope><biblScope type="pages" TEIform="biblScope">158-162</biblScope></imprint></monogr></biblStruct></sourceDesc></fileDesc></teiHeader><text><body><pb n="[158]" id="VAA4025-002-3-053" TEIform="pb"/><div type="editorialMaterial" id="VAA4025-002-3-a10" org="uniform" sample="complete" part="N" TEIform="div"><head TEIform="head">EDITORIAL AND MISCELLANEOUS.</head><p rend="center" TEIform="p">PUBLIC LIBRARIES AND NEWSPAPERS.</p><p TEIform="p">That librarianship as a science is now but in its infancy is a fact that is
                    recognized, doubtless, by most modern librarians. When library work shall have
                    developed more fully along the many lines that are destined to come within its
                    scope, not its least important function will be the indexing and organizing of
                    the great mass of valuable material that is continually passing through the
                    newspaper press. There is great need to emphasize the importance of this task,
                    which, up to the present, seems to have received little attention. It is, we
                    presume, a quite safe proposition that the library aims to be a school for the
                    people—a promoter of information, and one kind of information of
                    considerable importance is a knowledge of the character of a society by the
                    people who form it. The great source of such information is the newspapers,
                    which reflect the community life and spirit as nothing else does. A newspaper
                    index, intelligently compiled, would be a record or synopsis of the forces that
                    have made a community what it is, whether for good or bad. It would be a
                    chronological list of social movements, of the notable performances of men, and
                    of a great variety of facts, valuable, interesting and curious, which, without
                    such guide, are speedily swallowed up in oblivion and their lessons lost. To be
                    specific, 
                <placeName TEIform="placeName">
                    <settlement type="city" key="tgn_7014370" reg="Terre Haute" TEIform="settlement">Terre Haute</settlement>
                </placeName> has, during the last half-year, been subjected to an experience
                    that is of State-wide interest. In the fight against that threatening depravity
                    which is continually showing its head everywhere, she affords an object-lesson
                    that is worthy of elaborate study. In another year's time the whole
                    chapter will be buried away so completely as to be practically forgotten,
                    significant though it is. He who wishes to investigate that crusade against
                    unrighteousness should be able to go to the 
                <placeName TEIform="placeName">
                    <settlement type="city" key="tgn_7014370" reg="Terre Haute" TEIform="settlement">Terre Haute</settlement>
                </placeName> library and by its index be guided readily to all the salient
                points of the case as chronicled by the contemporary papers. As with 
                <placeName TEIform="placeName">
                    <settlement type="city" key="tgn_7014370" reg="Terre Haute" TEIform="settlement">Terre Haute</settlement>
                </placeName>, so, in varying degree, with <pb n="159" id="VAA4025-002-3-054" TEIform="pb"/>
                    every town in the State. The laws of growth and retrogression are going on
                    always and everywhere, and wherever the newspaper exists it is holding the
                    mirror up to nature—if we but know how to interpret the newspaper. As
                    its contents lie scattered through the columns, they are little more than waste
                    matter, but selected and organized, the inconsequential eliminated, they present
                    the very texture of our civilization. The first step toward a history of our
                    State that shall be worthy the name must be this cooperative organizing of a
                    mass of material too extensive for the individual to compass. The work done by
                    the local libraries should be a stimulus and aid to the minor students, and
                    these students will prepare the way for the historian proper. At the present
                    stage it is all-essential that the vigorous and phenomenal library movement, now
                    asserting itself throughout our State, recognize in a broad way its relation to
                    current history and its opportunities as a conserver of the same.</p><p TEIform="p">If we are rightly informed, there are but three of the larger libraries of the
                    country that are doing newspaper indexing. Of these, one is the Indiana State
                    Library, which has listed the more important contents of the leading 
                <placeName TEIform="placeName">
                    <settlement type="city" key="tgn_7012924" reg="Indianapolis" TEIform="settlement">Indianapolis</settlement>
                </placeName>
                papers from 1898 to the present time. This guide to the files, as
                    people learn of it, is coming more and more into popular use, the newspapers
                    themselves being among the most frequent patrons. The State Library scheme is,
                    of course, much more extensive than a local library would adopt, and yet an hour
                    or two a day suffices for the work. In the average local library ten or fifteen
                    minutes a day would doubtless be ample time for indexing a mass of reference
                    material that would have an abiding interest and value.</p><p rend="center" TEIform="p">MORE REVOLUTIONARY GRAVES.</p><p TEIform="p">
                    <text TEIform="text"><body TEIform="body"><div type="letter" org="uniform" sample="complete" part="N" TEIform="div"><dateline rend="right" TEIform="dateline">
                           <address TEIform="address"><addrLine TEIform="addrLine"><placeName TEIform="placeName"><settlement type="city" key="tgn_2031163" reg="Brazil" TEIform="settlement">B<hi rend="sc" TEIform="hi">RAZIL</hi></settlement></placeName>, I<hi rend="sc" TEIform="hi">ND</hi>.</addrLine></address>,
                                        <date TEIform="date">July 12, 1906</date>.</dateline><salute TEIform="salute">
                                    <hi rend="i" TEIform="hi">Editor Indiana Magazine of History</hi>
                                </salute><p TEIform="p">S<hi rend="sc" TEIform="hi">IR</hi>:—You have given information
                                    regarding Revolutionary soldiers' graves in several
                                    counties, which proves interesting to many people. I desire to
                                    report for <placeName TEIform="placeName">
                                        <region type="county" key="tgn_2000540" reg="Clay" TEIform="region">Clay county</region>
                                    </placeName> the following Revolutionary soldiers and the
                                    location of their graves:</p><p TEIform="p">Lawrence Thompson and Amos Kelley are buried in the Zenor
                            cemetery, on <geogName key="tgn_2173325" reg="Birch Creek" TEIform="geogName">Birch creek</geogName>, six miles south of 
                            <placeName TEIform="placeName">
                                <settlement type="city" key="tgn_2031163" reg="Brazil" TEIform="settlement">Brazil</settlement>
                            </placeName>. Thompson <pb n="160" id="VAA4025-002-3-055" TEIform="pb"/>
                            served in a 
                            <placeName TEIform="placeName">
                                <region type="state" key="tgn_7007709" reg="North Carolina" TEIform="region">North Carolina</region>
                            </placeName> regiment. Some time after the close of the
                                    Revolutionary War, he settled in <placeName TEIform="placeName">
                                        <region type="county" key="tgn_1002457" reg="Harrison" TEIform="region">Harrison county</region>
                                    </placeName>, Indiana; thence to 
                            <placeName TEIform="placeName">
                                <region type="county" key="tgn_2000540" reg="Clay" TEIform="region">Clay county</region>
                            </placeName>, where he died some time in the forties, aged about
                                    108. Numerous descendants still live in this county. Kelley has
                                    no known descendants in the county, and little is known of his
                                    history other than the fact that he was a soldier of the
                                    Revolution. The Board of Commissioners of 
                            <placeName TEIform="placeName">
                                <region type="county" key="tgn_2000540" reg="Clay" TEIform="region">Clay county</region>
                            </placeName>, with the unanimous consent of the County Council,
                                    at the suggestion of a few citizens, made an appropriation of
                                    two hundred dollars for a monument to each of their graves. The
                                    monuments were lettered and set up several months ago, and on
                                    July 4, 1906, a meeting was held at the cemetery, and the
                                    monuments duly dedicated.</p><p TEIform="p">John Yocom, a Revolutionary soldier, is buried in a private
                            family graveyard, two miles south of 
                            <placeName TEIform="placeName">
                                <settlement type="city" key="tgn_2031163" reg="Brazil" TEIform="settlement">Brazil</settlement>
                            </placeName>
                            , which has long been in disuse.</p><p TEIform="p">John Hopper and Benjamin Wheeler, are buried in another Zenor
                                    cemetery a short distance south of <placeName TEIform="placeName">
                                        <settlement type="city" key="tgn_2031150" reg="Bowling Green" TEIform="settlement">Bowling Green</settlement>
                                    </placeName>, the old county seat.</p><p TEIform="p">This makes five buried in 
                             <placeName TEIform="placeName">
                                 <region type="county" key="tgn_2000540" reg="Clay" TEIform="region">Clay county</region>
                             </placeName>. There may be one or two more, but the above list
                                    includes all that are positively known.</p><closer rend="right" TEIform="closer">
                           <salute TEIform="salute">Yours truly,</salute>
                                    <signed TEIform="signed">F. W. R<hi rend="sc" TEIform="hi">OBERTSON</hi>
                           </signed>.</closer></div></body></text>
                </p><p TEIform="p">In addition to the above Miss Mary E. Cardwill, of 
                 <placeName TEIform="placeName">
                     <settlement type="city" key="tgn_2033024" reg="New Albany" TEIform="settlement">New Albany</settlement>
                 </placeName>
                 , reports David Benton, and Arthur Parr, buried respectively in <placeName TEIform="placeName">
                     <region type="county" key="tgn_1002508" reg="Jackson" TEIform="region">Jackson</region>
                    </placeName> and <placeName TEIform="placeName">
                        <region type="county" key="tgn_1002992" reg="Washington" TEIform="region">Washington</region>
                    </placeName> counties. There are some Revolutionary graves in 
                 <placeName TEIform="placeName">
                     <region type="county" key="tgn_1002167" reg="Bartholomew" TEIform="region">Bartholomew county</region>
                 </placeName>
                 , but we have not been able to ascertain the names. We also find
                 mention of Samuel Boyd, who died in <placeName TEIform="placeName">
                     <region type="county" key="tgn_1003004" reg="Wayne" TEIform="region">Wayne county</region>
                 </placeName> in 1835. Boyd was the maternal grandfather of Judge E. B.
                 Martindale, of 
                 <placeName TEIform="placeName">
                     <settlement type="city" key="tgn_7012924" reg="Indianapolis" TEIform="settlement">Indianapolis</settlement>
                 </placeName>
                 . We would be glad to receive information of this character from
                    other readers.</p><p rend="center" TEIform="p">LOCAL HISTORY CONTRIBUTIONS.</p><p TEIform="p">
               <hi rend="i" TEIform="hi">Reminiscences of an Indianian.</hi>—Capt. J. A. Lemcke,
                now of 
                <placeName TEIform="placeName">
                    <settlement type="city" key="tgn_7012924" reg="Indianapolis" TEIform="settlement">Indianapolis</settlement>
                </placeName>
                , a man of wide experience and varied fortunes, has published under
                    this title a private edition volume which narrates the ups and downs of a
                    somewhat checkered life. It is, in part, the story of a young man making his way
                    fifty or sixty <pb n="161" id="VAA4025-002-3-056" TEIform="pb"/> years ago. Of those times we
                    have many intimate glimpses of life and conditions that are a real contribution
                    to our history. His experiences as a river man on the 
                <geogName key="tgn_7022231" reg="Mississippi River" TEIform="geogName">Mississippi</geogName>, 
                <geogName key="tgn_7014265" reg="Ohio River" TEIform="geogName">Ohio</geogName>, 
                <geogName key="tgn_2715022" reg="Tennessee River" TEIform="geogName">Tennessee</geogName>,
                <geogName key="tgn_2746502" reg="Wabash River" TEIform="geogName">Wabash</geogName> and 
                <geogName key="tgn_1131742" reg="White" TEIform="geogName">White river</geogName>s 
                are especially interesting. In more recent years Captain
                    Lemcke was a man of some prominence in Indiana (Republican) politics. In 1886 he
                    was elected State Treasurer, and during President Harrison's
                    administration the office of 
                <placeName TEIform="placeName">
                    <country key="tgn_7012149" reg="United States" TEIform="country">United States</country>
                </placeName> Treasurer was tendered him. His declining of this tempting offer
                    was so unusual that, as Mr. Lemcke says, "Frank Leslie, among others,
                    published my picture with the humorously satirical remark: ‘This is
                    the portrait of a man who refused office, and <hi rend="i" TEIform="hi">he from
                    Indiana.</hi>’" A wide acquaintance with men of note adds
                    not a little to the interest of Mr. Lemcke's recollections, and the
                    whole narrated with a pervasive strain of genuine humor makes the book
                    exceedingly readable, and one deserving of a fuller review than we have space
                    for.</p><p TEIform="p">
                <hi rend="i" TEIform="hi">Reminiscences of Early 
                    <placeName TEIform="placeName">
                        <settlement type="city" key="tgn_7012924" reg="Indianapolis" TEIform="settlement">Indianapolis</settlement>
                    </placeName>.—The 
                    <placeName TEIform="placeName">
                        <settlement type="city" key="tgn_7012924" reg="Indianapolis" TEIform="settlement">Indianapolis</settlement>
                    </placeName> News</hi>, in its Saturday editions, has for some months been
                    running a series of papers, "Reminiscences of an Old
                    Reporter," which deal with the 
                <placeName TEIform="placeName">
                    <settlement type="city" key="tgn_7012924" reg="Indianapolis" TEIform="settlement">Indianapolis</settlement>
                </placeName> of an earlier day. They are written by Charles Dennis, for many
                    years one of the best-known newspaper men in the city. His personal
                    recollections go back to a period antedating the war, and his long experience in
                    the reportorial field has brought him in wide contact with persons and given him
                    an intimate knowledge of events, which he sets forth graphically with the pen of
                    a trained writer. So far as his sketches present actual recollections they are
                    of distinct interest and value, and the more so because they deal with things
                    about which little or no information can be had from our written histories.</p><p TEIform="p">
                <hi rend="i" TEIform="hi">Early Newspapers of 
                    <placeName TEIform="placeName">
                        <settlement type="city" key="tgn_7014336" reg="Richmond" TEIform="settlement">Richmond</settlement>
                    </placeName>.—In the 
                    <placeName TEIform="placeName"><settlement type="city" key="tgn_7014336" reg="Richmond" TEIform="settlement">Richmond</settlement>
                    </placeName> Sun-Telegram</hi> of February 26, 1906, is published a list of
                the 
                <placeName TEIform="placeName">
                    <settlement type="city" key="tgn_7014336" reg="Richmond" TEIform="settlement">Richmond</settlement>
                </placeName> newspapers from 1820 to the present time, compiled by B. F.
                    Wissler. Twenty-eight papers are specified as existing in that time. The list,
                    Mr. Wissler tells us, is not absolutely complete, as even within that
                    comparatively narrow field some have passed wholly into oblivion. We are further
                    told that more than seventy-five papers have been published in 
                <placeName TEIform="placeName">
                    <region type="county" key="tgn_1003004" reg="Wayne" TEIform="region">Wayne county</region>
                </placeName>
                . In <pb n="162" id="VAA4025-002-3-057" TEIform="pb"/> Mr. Wissler's
                    list we note such odd names as <hi rend="i" TEIform="hi">The Family Schoolmaster, The Lily,
                        The Broad Axe of Freedom and Grubbing Hoe of Truth</hi> and <hi rend="i" TEIform="hi">The Humming
                    Bird</hi>.</p><p TEIform="p">
               <hi rend="i" TEIform="hi">
                  <placeName TEIform="placeName">
                      <region type="county" key="tgn_1002946" reg="Tippecanoe" TEIform="region">Tippecanoe</region>
                        </placeName> Battle Document.</hi>—In the <hi rend="i" TEIform="hi">
                            <placeName TEIform="placeName">
                                <settlement type="city" key="tgn_7013848" reg="Lafayette" TEIform="settlement">Lafayette</settlement>
                            </placeName> Morning Journal</hi> of June 23, 1906, is published a newly
                found document relating to the battle of 
                <placeName TEIform="placeName">
                    <region type="county" key="tgn_1002946" reg="Tippecanoe" TEIform="region">Tippecanoe</region>
                </placeName>. This is an account of the fight by Judge Isaac Naylor, who was a
                    participant in it. The paper was found among the effects of Judge Naylor, now in
                    possession of his daughter, Mrs. Mary Naylor Whiteford, who was recently
                    visiting in 
                <placeName TEIform="placeName">
                    <settlement type="city" key="tgn_7013848" reg="Lafayette" TEIform="settlement">Lafayette</settlement>
                </placeName> . The account has in it a number of points not, we believe, to be
                    found elsewhere. We will, if possible, publish it in full in our next issue.</p><p TEIform="p">
                <hi rend="i" TEIform="hi">Old Fort near 
                    <placeName TEIform="placeName">
                        <settlement type="city" key="tgn_7014336" reg="Richmond" TEIform="settlement">Richmond</settlement>
                    </placeName>.</hi>—In the <hi rend="i" TEIform="hi">
                        <placeName TEIform="placeName">
                            <settlement type="city" key="tgn_7014336" reg="Richmond" TEIform="settlement">Richmond</settlement>
                        </placeName> Sun-Telegram</hi>, of July 4, 1906, O. S. Harrison publishes an
                interview with Isaac Lamb, an old citizen of 
                <placeName TEIform="placeName">
                    <settlement type="city" key="tgn_7014336" reg="Richmond" TEIform="settlement">Richmond</settlement>
                </placeName>, who remembered and described to the interviewer the blockhouse
                built in 1812, near the present site of 
                <placeName TEIform="placeName">
                    <settlement type="city" key="tgn_7014336" reg="Richmond" TEIform="settlement">Richmond</settlement>
                </placeName>. According to Mr. Lamb, the fort was about thirty feet square and
                    built of hewn logs fitted very closely together. The lower part of the building
                    was used for living purposes, and the second story, which overhung the first,
                    was supplied with port-holes, cut about waist high, that commanded the
                    surroundings. In its latter years the structure was used as a tool-house and
                    granary by Thomas Lamb, father of Isaac, who burned it down in 1830. Mr.
                    Harrison states that "Fort Smith," as he calls it, was on the
                    old Jacob Smith farm, but omits to locate it more definitely.<hi rend="sup" TEIform="hi">∗</hi> There were many of these old blockhouses located
                    throughout southern Indiana, and a record of them would be an interesting
                    addition to our frontier history</p><list type="footnotes" TEIform="list"><item TEIform="item">
                  <hi rend="sup" TEIform="hi">∗</hi>Since the above was put in type we find in
                        another article by Mr. Harrison on the same subject (<hi rend="i" TEIform="hi">Sun-Telegram</hi>, June 2) that the blockhouse "was on the
                        river about one mile and a half west and north of where the court-house now
                        stands, on the place now occupied by Nathan P. Wilson, and near where his
                        house stands." It was built in 1812 by George Smith, Jesse Bond,
                        Valentine Pegg, Cornelius Ratliff and others of the neighborhood.</item></list></div></body></text></TEI.2>