<?xml version="1.0" encoding="UTF-8"?><!DOCTYPE TEI.2 SYSTEM "http://purl.dlib.indiana.edu/iudl/imh/resource/xml/imh_issue.dtd"><TEI.2><teiHeader type="text" status="new" TEIform="teiHeader"><fileDesc TEIform="fileDesc"><titleStmt TEIform="titleStmt"><title TEIform="title">Indiana Magazine of History</title><respStmt TEIform="respStmt"><resp TEIform="resp">Encoded by</resp><name TEIform="name">Aptara Inc.</name></respStmt></titleStmt><publicationStmt TEIform="publicationStmt"><publisher TEIform="publisher">Digital Library Program, Indiana University</publisher><pubPlace TEIform="pubPlace">Bloomington, IN</pubPlace><date TEIform="date">2007</date><availability status="unknown" TEIform="availability"><p TEIform="p">Copyright 2007 Trustees of Indiana University</p><p TEIform="p">Indiana University provides the information contained in this file for non-commercial,
        personal, or research use only. All other use, including but not limited to commercial or
        scholarly reproductions, redistribution, publication or transmission, whether by electronic
        means or otherwise, without prior written permission of the copyright holder is strictly
        prohibited.</p></availability></publicationStmt><seriesStmt TEIform="seriesStmt"><title TEIform="title">Indiana Magazine of History</title></seriesStmt><sourceDesc default="NO" TEIform="sourceDesc"><biblStruct default="NO" TEIform="biblStruct"><analytic TEIform="analytic"><title TEIform="title">Some Pioneer Fragments</title><author TEIform="author">Benjamin S. Parker</author></analytic><monogr TEIform="monogr"><title TEIform="title">Indiana Magazine of History</title><imprint TEIform="imprint"><pubPlace TEIform="pubPlace">Indianapolis, IN</pubPlace><publisher TEIform="publisher">Published Under the Direction of The Indiana Historical
                                Society</publisher><date TEIform="date">1911</date><biblScope type="issue" TEIform="biblScope">4</biblScope><biblScope type="volume" TEIform="biblScope">7</biblScope><biblScope type="pages" TEIform="biblScope">166-169</biblScope></imprint></monogr></biblStruct></sourceDesc></fileDesc><revisionDesc TEIform="revisionDesc"><change TEIform="change"><date TEIform="date">2007-06-22</date><respStmt TEIform="respStmt"><name TEIform="name">Annette D. Richmond</name></respStmt><item TEIform="item">Changed publication place and publisher</item></change></revisionDesc></teiHeader><text><body><pb n="[166]" id="VAA4025-007-4-022" TEIform="pb"/><div type="scholarlyArticle" id="VAA4025-007-4-a03" org="uniform" sample="complete" part="N" TEIform="div"><head TEIform="head">SOME PIONEER FRAGMENTS.</head><byline TEIform="byline">
               <hi rend="i" TEIform="hi">BENJAMIN S. PARKER</hi>.</byline><p TEIform="p">[These "Fragments" are arranged from an unpublished manuscript
                    of the late Benjamin S. Parker which belonged to a series of papers by Mr.
                    Parker that ran through Vol. III of the magazine.—E<hi rend="sc" TEIform="hi">DITOR</hi>.]</p><p rend="center" TEIform="p">OLD-TIME FARMING MACHINERY.</p><p TEIform="p">THE first threshing machine that made its appearance in the backwoods of <placeName TEIform="placeName">
                        <region type="county" TEIform="region">Henry county</region>
                    </placeName> was a crude, heavy affair of wood, with wooden cylinders and
                    concave set with irregular rows of iron spikes, and the gearing a rough
                    combination of wooden wheels and iron cogs. It did not separate the wheat from
                    the chaff, and these were shaken from the straw with wooden forks or rakes. It
                    required half a dozen good horses attached to the levers to furnish enough power
                    to run the apparatus, and its threshing capacity was thirty to sixty bushels a
                    day.</p><p TEIform="p">The next thresher that I remember was a tral-eling one operated by cog wheels
                    attached to the hubs of the wagon upon which it was hauled about. This machine
                    was partially successful in cleaning the wheat, but scattered the straw and
                    chaff and probably fifteen to twenty per cent, of the grain about the fields or
                    along the roads. A great exhibition for the country folks it was when one of
                    these threshers, drawn by six stout horses driven by a rollicking jehu and fed
                    by an expert with bundles thrown from a wagon driven alongside, came noisily
                    down the road on a display trip, scattering straw and chaff to the disgust of
                    wayfarers and the delight of those onlookers who did not suffer."</p><p TEIform="p">These clumsy devices did not, perhaps, greatly lessen the toil of the farmer, but
                    they were of moment as ushering in the new era of labor-saving machinery that
                    was destined to revolutionize agriculture. They were certainly a notable
                    departure from the primitive reap hook, sickle and flail, and from the old
                    method of separating the grain from the chaff by pouring it all together from an
                    elevation while two persons fanned it in its descent by <list type="footnotes" TEIform="list"><item TEIform="item">
                     <hi rend="sup" TEIform="hi">*</hi> This threshing in transit, the
                            reasons for and practicability of it, are not clear to us. If any of our
                            older readers remember the machine, we would be glad to have a fuller
                                description.–E<hi rend="sc" TEIform="hi">DITOR</hi>.</item></list>
                    <pb n="167" id="VAA4025-007-4-023" TEIform="pb"/> a skillful waving of a sheet. When this
                    latter process was superseded by the improved fanning mill it was hailed as a
                    great innovation and in short order a familiar figure on the country roads was
                    the fanning mill peddler with his gorgeous red wheat cleaners. With these
                    improvements the statisticians began to figure on great profits for those who
                    raised wheat, and their optimistic forecasts have been justified.</p><p rend="center" TEIform="p">GYPSY AND NEGRO FORTUNE-TELLERSSUPERSTITIONS.</p><p TEIform="p">In the palmy days of the old National road, when the long procession of travelers
                    by wagon was moving westward, an element of the panorama to impress itself on a
                    boy's memory was that of the Gypsy fortune-tellers, then as now true
                    Ishmaelites, picturesque in their vagabondage. Their camps along the road or by
                    some little stream near the towns was a familiar sight, and their begging,
                    horse-swapping and occult arts were freely practiced with both citizens and
                    travelers. The fortune-teller had a wider field to work in then than now, for
                    there was vastly more credulity, not only among the poor and ignorant but among
                    the classes that are now supposed to be superior to it. Gross superstitions
                    prevailed, and the mysteries of coffee grounds, palmistry, astrology and all the
                    rest found ready victims willing to part with their coins. Women especially were
                    patrons of the dark-skinned seeress, and she made a specialty of love, marriage
                    and domestic troubles. Yet things were not altogether easy for our
                    semi-barbarous vagrant, for the owners of chicken roosts, cornfields and potato
                    patches harbored toward him a deep-seated prejudice, while his reputation as a
                    child-stealer made him at times uncomfortably unpopular.</p><p TEIform="p">In the matter of superstitions the beliefs of the negroes were particularly
                    primitive. Among them witchcraft and voodooism had many adherents. If a horse
                    tangled its mane and twisted it into loops by rubbing in the stall it was
                    thought to have been ridden by witches who had made the mane into stirrups. Eggs
                    that failed to hatch, cream that would not churn, children that suffered from
                    fits, and similar things out of the normal were <pb n="168" id="VAA4025-007-4-024" TEIform="pb"/> said to be bewitched, and certain people, usually
                    old women, were frequently under suspicion as the cause. A belief in spells and
                    bargains with the devil also prevailed, and some negroes were regarded as
                    possessing mysterious powers by virtue of some unholy pact. An example of this
                    was old "Tickle Breeches," a venerable Senegambian whose
                    reputation as a fortune-teller was such that not only people of his own class
                    but fine town ladies in their silks paid willing tribute to his art. Besides
                    this he was locally famous as a fiddler, and in demand at all the dances of his
                    part of the country. A story circulated by himself and more or less believed was
                    to the effect that his skill was supernaturally derived from the evil one, to
                    whom he sold himself one dark night in the midst of an assembly of black cats
                    with fiery eyes, gathered for the occasion at a lonely crossroad.</p><p TEIform="p">[Apropos to early Hoosier superstitions, we here append two newspaper items of
                    curious interest, both published in The <placeName TEIform="placeName">
                        <settlement type="city" TEIform="settlement">Indianapolis</settlement>
                    </placeName> News in 1907. —E<hi rend="sc" TEIform="hi">DITOR</hi>.]</p><p TEIform="p">
               <placeName TEIform="placeName">
                        <settlement type="city" TEIform="settlement">Greenfield</settlement>
                    </placeName>, Ind., April 19.—After four two-inch boards had been
                    taken off an oak log, at James Vl'ebb's sawmill, a walnut peg,
                    an inch in diameter, was found, where it had been driven into the log. The peg
                    was a foot long and reached the heart of the big log where, it is estimated, it
                    had been driven probably seventy-five years ago. At the end of the peg was a
                    coil of black hair, long and silken.</p><p TEIform="p">Mr. Webb has endeaverod to learn the history of the log, but to no avail.</p><p TEIform="p">Old people of the neighborhood are of the opinion that the coil of hair was
                    placed there in accordance with a prevalent custom of pioneer times. This custom
                    provided that when a man and wife could not get along or agree instead of
                    separating, as in these days, the neighbors cut a lock of hair from the head of
                    each. A hole was then bored in a thrifty tree and the locks of hair driven to
                    the heart by a walnut pin. After this it was believed the couple would live
                    happy ever after.</p><p TEIform="p">Petersburg, Ind., December 21.—While Omer Lynch and Edward Armstrong,
                    east of this city, were in the woods felling trees, they cut down a large white
                    oak tree and found in the <pb n="169" id="VAA4025-007-4-025" TEIform="pb"/> body evidences of
                    an auger-hole. On close examination trimmings of finger nails and a lock of hair
                    were found to have been plugged up in the hole; a tight-fitting plug preserving
                    the collection from the elements. The plug evidently had been there for many
                    years, as several inches of new timber had formed over it. An old citizen says
                    that in the early days it was a common belief that if a person had asthma, and
                    he would take a lock of his hair and the trimming of his nails and put them in a
                    hole bored in a. green tree, at a height equal to his own height, the disease
                    would be cured.</p></div></body></text></TEI.2>