<?xml version="1.0" encoding="UTF-8"?><!DOCTYPE TEI.2 SYSTEM "http://purl.dlib.indiana.edu/iudl/imh/resource/xml/imh_issue.dtd"><TEI.2><teiHeader type="text" status="new" TEIform="teiHeader"><fileDesc TEIform="fileDesc"><titleStmt TEIform="titleStmt"><title TEIform="title">Indiana Magazine of History</title><respStmt TEIform="respStmt"><resp TEIform="resp">Encoded by</resp><name TEIform="name">Aptara Inc.</name></respStmt></titleStmt><publicationStmt TEIform="publicationStmt"><publisher TEIform="publisher">Digital Library Program, Indiana University</publisher><pubPlace TEIform="pubPlace">Bloomington, IN</pubPlace><date TEIform="date">2007</date><availability status="unknown" TEIform="availability"><p TEIform="p">Copyright 2007 Trustees of Indiana University</p><p TEIform="p">Indiana University provides the information contained in this file for non-commercial,
        personal, or research use only. All other use, including but not limited to commercial or
        scholarly reproductions, redistribution, publication or transmission, whether by electronic
        means or otherwise, without prior written permission of the copyright holder is strictly
        prohibited.</p></availability></publicationStmt><seriesStmt TEIform="seriesStmt"><title TEIform="title">Indiana Magazine of History</title></seriesStmt><notesStmt TEIform="notesStmt"><note type="review" place="unspecified" anchored="yes" TEIform="note">
                    <note type="titleReviewed" place="unspecified" anchored="yes" TEIform="note">Perry County, A History</note>
                    <note type="authorReviewed" place="unspecified" anchored="yes" TEIform="note">Thomas James De La Hunt</note>
                </note></notesStmt><sourceDesc default="NO" TEIform="sourceDesc"><biblStruct default="NO" TEIform="biblStruct"><analytic TEIform="analytic"><title TEIform="title">Book Review</title></analytic><monogr TEIform="monogr"><title TEIform="title">Indiana Magazine of History</title><imprint TEIform="imprint"><pubPlace TEIform="pubPlace">Bloomington, IN</pubPlace><publisher TEIform="publisher">Indiana University Department of History in cooperation with
                                the Indiana Historical Society and the Indiana State Library</publisher><date TEIform="date">1916</date><biblScope type="issue" TEIform="biblScope">2</biblScope><biblScope type="volume" TEIform="biblScope">12</biblScope><biblScope type="pages" TEIform="biblScope">183-184</biblScope></imprint></monogr></biblStruct></sourceDesc></fileDesc><revisionDesc TEIform="revisionDesc"><change TEIform="change"><date TEIform="date">2007-06-29</date><respStmt TEIform="respStmt"><name TEIform="name">Annette D. Richmond</name></respStmt><item TEIform="item">Added additional publisher</item></change></revisionDesc></teiHeader><text><body><pb n="183" id="VAA4025-012-2-089" TEIform="pb"/><div type="bookReview" id="VAA4025-012-2-a17" org="uniform" sample="complete" part="N" TEIform="div"><head TEIform="head">
               <hi rend="i" TEIform="hi">
                  <placeName TEIform="placeName">
                            <region type="county" TEIform="region">Perry County</region>
                        </placeName>, A History.</hi> By T<hi rend="sc" TEIform="hi">HOMAS</hi> J<hi rend="sc" TEIform="hi">AMES</hi>
                    <hi rend="sc" TEIform="hi">DE LA</hi> H<hi rend="sc" TEIform="hi">UNT</hi>. The W. K. Stewart Company, <placeName TEIform="placeName">
                        <settlement type="city" TEIform="settlement">Indianapolis</settlement>
                    </placeName>, 1916, pp. 359.</head><p TEIform="p">T<hi rend="sc" TEIform="hi">HIS</hi> is not an ordinary county history, prepared by a publishing house and sold on
                    subscription. It has no subscribers and consequently no formal biographies. The author's
                    father, mother, and his maternal grandparents were for-two-thirds of a century in the front rank of
                    Perry county citizens. Perhaps no one in his day had a wider circle of friends and acquaintances
                    than the author's grandfather, Joshua Huckaby. Mr. De la Hunt, the author, is a graduate
                    of the University of the South, a man of wide culture and fine literary ability. Writing this
                    history has been a pleasant pastime with him for perhaps a score of years. He is acquainted with the
                    old folks and the young folks; every old house, old farm, and old church in the county, especially
                    in the southern half, has a personal relation. Mr. De la Hunt has not stopped with the artistic side
                    of his work, nor yet with the personal. Both these have been held firlmy in hand by the demands of
                    history. No clue has been too difficult nor too slight to prevent his making an effort to reach the
                    truth at the end, and when he fails, as all investigators must at times, he frankly says so. The
                    traditions of our people have been handled in a friendly way, but when historical proof failed we
                    are told so and exactly at what point. The story of Robert Fulton's residence in the
                    county, the shipwreck of <placeName TEIform="placeName">
                        <settlement type="city" TEIform="settlement">Lafayette</settlement>
                    </placeName>, the Lincoln tradition, are all treated satisfactorily. The author had collected a
                    large amount of historical material relating to his county, among <pb n="184" id="VAA4025-012-2-090" TEIform="pb"/> this being a file of newspapers reaching back to the middle of the last century. Perry county
                    offered an attractive field for the historian. Its early settlers along the river from Rono to <placeName TEIform="placeName">
                        <settlement type="city" TEIform="settlement">Troy</settlement>
                    </placeName> were of the picturesque squatter type from <placeName TEIform="placeName">
                        <region type="state" reg="kyu" TEIform="region">Kentucky</region>
                    </placeName> interspersed with frequent scions of the good old <placeName TEIform="placeName">
                        <region type="state" reg="vau" TEIform="region">Virginia</region>
                    </placeName> families. Among these came adventurers from <placeName TEIform="placeName">
                        <settlement type="city" TEIform="settlement">New England</settlement>
                    </placeName> interested in the natural resources, coal, clay, etc., and bringing with them the
                    thrift and genius of the Yankees; then came capitalists with visions of wealth through a union of
                    the cotton of the south and the fuel and labor of the north by means of the noble river as the
                    highway between. Later, just in time to feel the shock of the Civil War, came the Swiss and
                    established <placeName TEIform="placeName">
                        <settlement type="city" TEIform="settlement">Tell City</settlement>
                    </placeName>. The French located at Leopold in the heart of the county. In the north central part
                    was a colony straight from Erin, all good honest folk. The county sent men to the War of 1812, the
                    Mexican War and the Civil War. During the latter war armed enemies were not unknown in its border.
                    All these incidents have given the author an opportunity to write an interesting volume. No one who
                    reads all or any chapter of Mr. De la Hunt's book will fail to realize that he has done
                    his work satisfactorily.</p></div></body></text></TEI.2>